id,name,description,type,is_collection,property_count,method_count,hierarchy,role
interface_1,ABQAnalysisCase,Represents an Abaqus analysis case object.,Collection,true,3,0,"\IUnknown\, \IDispatch\, \CATBaseUnknown\, \CATBaseDispatch\, \AnyObject\, \ABQAnalysisCase\",Access an Abaqus analysis case object or determine its properties. An ABQAnalysisCase object contains the collection of Abaqus steps ( ABQSteps ) and Abaqus jobs ( ABQJobs ). An Abaqus analysis case object contains the data required to manage and run an Abaqus finite element analysis.
interface_2,ABQAnalysisCases,The collection of ABQAQUS analysis case objects attached to an.,Collection,true,0,3,"\IUnknown\, \IDispatch\, \CATBaseUnknown\, \CATBaseDispatch\, \Collection\, \ABQAnalysisCases\",Unknown
interface_3,ABQAnalysisModel,Represents the Abaqus analysis model object.,Collection,true,2,0,"\IUnknown\, \IDispatch\, \CATBaseUnknown\, \CATBaseDispatch\, \AnyObject\, \ABQAnalysisModel\",The Abaqus analysis model object contains the ABQAnalysisCases collection. The Abaqus analysis model object can also be used as an Refer: CATIAAnalysisModel.
interface_4,ABQAnalyticalRigidSurface,Represents an Abaqus Analytical rigid surface object.,Object,false,1,4,"\IUnknown\, \IDispatch\, \CATBaseUnknown\, \CATBaseDispatch\, \AnyObject\, \ABQInteraction\, \ABQAnalyticalRigidSurface\",Unknown
interface_5,ABQBoundaryCondition,Represents the base interface for Abaqus boundary condition objects.,Object,false,4,3,"\IUnknown\, \IDispatch\, \CATBaseUnknown\, \CATBaseDispatch\, \AnyObject\, \ABQBoundaryCondition\",The ABQBoundaryCondition interface manages the common properties of any boundary condition.
interface_6,ABQBoundaryConditions,The collection of Abaqus boundary condition objects attached to.,Collection,true,0,3,"\IUnknown\, \IDispatch\, \CATBaseUnknown\, \CATBaseDispatch\, \Collection\, \ABQBoundaryConditions\",Unknown
interface_7,ABQClampBC,Represents an Abaqus clamp object.,Object,false,0,0,"\IUnknown\, \IDispatch\, \CATBaseUnknown\, \CATBaseDispatch\, \AnyObject\, \ABQBoundaryCondition\, \ABQClampBC\",Access an Abaqus clamp object or determine its properties.
interface_8,ABQConcentratedForce,Represents an Abaqus concentrated force object .,Object,false,11,4,"\IUnknown\, \IDispatch\, \CATBaseUnknown\, \CATBaseDispatch\, \AnyObject\, \ABQLoad\, \ABQConcentratedForce\",Access an Abaqus concentrated force object or determine its properties.
interface_9,ABQDisplacementBC,Represents an Abaqus displacement boundary condition object.,Object,false,11,4,"\IUnknown\, \IDispatch\, \CATBaseUnknown\, \CATBaseDispatch\, \AnyObject\, \ABQBoundaryCondition\, \ABQDisplacementBC\",Access an Abaqus displacement boundary condition object or determine its properties.
interface_10,ABQExplicitDynamicsStep,Represents an Abaqus explicit dynamics step object.,Object,false,12,0,"\IUnknown\, \IDispatch\, \CATBaseUnknown\, \CATBaseDispatch\, \AnyObject\, \ABQStep\, \ABQExplicitDynamicsStep\",Access an Abaqus explicit dynamics step object or determine its properties.
interface_11,ABQFastenedConnectionEnhancement,This interface has been deprecated.,Object,false,9,0,"\IUnknown\, \IDispatch\, \CATBaseUnknown\, \CATBaseDispatch\, \AnyObject\, \ABQInteraction\, \ABQFastenedConnectionEnhancement\",Unknown
interface_12,ABQFastenedPair,Represents an Abaqus Fastened Pair object.,Object,false,9,2,"\IUnknown\, \IDispatch\, \CATBaseUnknown\, \CATBaseDispatch\, \AnyObject\, \ABQInteraction\, \ABQFastenedPair\",Unknown
interface_13,ABQFields,The collection of Abaqus field objects contained in.,Collection,true,0,3,"\IUnknown\, \IDispatch\, \CATBaseUnknown\, \CATBaseDispatch\, \Collection\, \ABQFields\",Unknown
interface_14,ABQFilmCondition,Represents an Abaqus film condition object.,Object,false,5,6,"\IUnknown\, \IDispatch\, \CATBaseUnknown\, \CATBaseDispatch\, \AnyObject\, \ABQLoad\, \ABQFilmCondition\",Access an Abaqus film condition object or determine its properties.
interface_15,ABQGasketProperty,,Object,false,7,0,"\IUnknown\, \IDispatch\, \CATBaseUnknown\, \CATBaseDispatch\, \AnyObject\, \ABQProperty\, \ABQGasketProperty\",Unknown
interface_16,ABQGeneralStaticStep,Represents an Abaqus general static step object.,Object,false,15,0,"\IUnknown\, \IDispatch\, \CATBaseUnknown\, \CATBaseDispatch\, \AnyObject\, \ABQStep\, \ABQGeneralStaticStep\",Access an Abaqus general static step object or determine its properties.
interface_17,ABQGlobalElementAssignment,Represents an Abaqus Global Element assignment object.,Object,false,0,2,"\IUnknown\, \IDispatch\, \CATBaseUnknown\, \CATBaseDispatch\, \AnyObject\, \ABQGlobalElementAssignment\",Access an Abaqus Global Element assignment property object or determine its properties.
interface_18,ABQGravity,Represents an Abaqus gravity object.,Object,false,5,2,"\IUnknown\, \IDispatch\, \CATBaseUnknown\, \CATBaseDispatch\, \AnyObject\, \ABQLoad\, \ABQGravity\",Access an Abaqus gravity load object or determine its properties.
interface_19,ABQHeatTransferStep,Represents an Abaqus heat transfer step object.,Object,false,13,0,"\IUnknown\, \IDispatch\, \CATBaseUnknown\, \CATBaseDispatch\, \AnyObject\, \ABQStep\, \ABQHeatTransferStep\",Access an Abaqus heat transfer step object or determine its properties.
interface_20,ABQInitialStep,Represents an Abaqus initial step object.,Object,false,2,0,"\IUnknown\, \IDispatch\, \CATBaseUnknown\, \CATBaseDispatch\, \AnyObject\, \ABQStep\, \ABQInitialStep\",Access an Abaqus initial step object or determine its properties.
interface_21,ABQInitialTemperature,Represents an Abaqus initial temperature object .,Object,false,1,0,"\IUnknown\, \IDispatch\, \CATBaseUnknown\, \CATBaseDispatch\, \AnyObject\, \ABQTemperature\, \ABQInitialTemperature\",Access an Abaqus initial temperature object or determine its properties.
interface_22,ABQInteraction,Represents the base interface for Abaqus interaction objects.,Object,false,1,0,"\IUnknown\, \IDispatch\, \CATBaseUnknown\, \CATBaseDispatch\, \AnyObject\, \ABQInteraction\",The ABQInteraction interface manages the common properties of any interaction.
interface_23,ABQInteractions,The collection of Abaqus interactions objects attached to an.,Collection,true,0,3,"\IUnknown\, \IDispatch\, \CATBaseUnknown\, \CATBaseDispatch\, \Collection\, \ABQInteractions\",Unknown
interface_24,ABQJob,Represents an Abaqus job object.,Object,false,15,2,"\IUnknown\, \IDispatch\, \CATBaseUnknown\, \CATBaseDispatch\, \AnyObject\, \ABQJob\",Access an Abaqus job object or determine its properties.
interface_25,ABQJobs,The collection of Abaqus objects.,Collection,true,0,3,"\IUnknown\, \IDispatch\, \CATBaseUnknown\, \CATBaseDispatch\, \Collection\, \ABQJobs\",Unknown
interface_26,ABQLoad,Represents the base interface for all load objects.,Object,false,8,3,"\IUnknown\, \IDispatch\, \CATBaseUnknown\, \CATBaseDispatch\, \AnyObject\, \ABQLoad\",The ABQLoad interface manages the common properties of any load.
interface_27,ABQLoads,The collection of Abaqus load objects attached to an.,Collection,true,0,3,"\IUnknown\, \IDispatch\, \CATBaseUnknown\, \CATBaseDispatch\, \Collection\, \ABQLoads\",Unknown
interface_28,ABQMassScaling,Represents an Abaqus Mass Scaling entity.,Object,false,11,6,"\IUnknown\, \IDispatch\, \CATBaseUnknown\, \CATBaseDispatch\, \AnyObject\, \ABQMassScaling\",Used to access the properties of a Mass Scaling entity.
interface_29,ABQMassScalings,Represents a collection of.,Collection,true,0,3,"\IUnknown\, \IDispatch\, \CATBaseUnknown\, \CATBaseDispatch\, \Collection\, \ABQMassScalings\",Unknown
interface_30,ABQMechConnBehavior,Represents an Abaqus mechanical connection behavior object.,Object,false,14,2,"\IUnknown\, \IDispatch\, \CATBaseUnknown\, \CATBaseDispatch\, \AnyObject\, \ABQProperty\, \ABQMechConnBehavior\",Access an Abaqus mechanical connection behaviour object or determine its properties.
interface_31,ABQPressure,Represents an Abaqus pressure object.,Object,false,2,0,"\IUnknown\, \IDispatch\, \CATBaseUnknown\, \CATBaseDispatch\, \AnyObject\, \ABQLoad\, \ABQPressure\",Access an Abaqus pressure object or determine its properties.
interface_32,ABQPretensionProperty,Represents a pretension property object.,Object,false,0,3,"\IUnknown\, \IDispatch\, \CATBaseUnknown\, \CATBaseDispatch\, \AnyObject\, \ABQProperty\, \ABQPretensionProperty\",Access an Abaqus pretension property.
interface_33,ABQProperties,The collection of Abaqus property objects attached to an.,Collection,true,0,3,"\IUnknown\, \IDispatch\, \CATBaseUnknown\, \CATBaseDispatch\, \Collection\, \ABQProperties\",Unknown
interface_34,ABQProperty,Represents the base interface for all Abaqus property objects.,Object,false,1,0,"\IUnknown\, \IDispatch\, \CATBaseUnknown\, \CATBaseDispatch\, \AnyObject\, \ABQProperty\",The ABQProperty interface manages the common attributes of any Abaqus property.
interface_35,ABQRigidBodyConstraint,Represents an Abaqus rigid body constraint object.,Object,false,3,11,"\IUnknown\, \IDispatch\, \CATBaseUnknown\, \CATBaseDispatch\, \AnyObject\, \ABQInteraction\, \ABQRigidBodyConstraint\",Unknown
interface_36,ABQRigidCoupling,Represents an Abaqus rigid coupling object.,Object,false,9,13,"\IUnknown\, \IDispatch\, \CATBaseUnknown\, \CATBaseDispatch\, \AnyObject\, \ABQInteraction\, \ABQRigidCoupling\",Unknown
interface_37,ABQSmoothCoupling,Represents an Abaqus smooth coupling object.,Object,false,6,13,"\IUnknown\, \IDispatch\, \CATBaseUnknown\, \CATBaseDispatch\, \AnyObject\, \ABQInteraction\, \ABQSmoothCoupling\",Unknown
interface_38,ABQSmoothStepAmplitude,Represents a smooth step amplitude object.,Object,false,2,2,"\IUnknown\, \IDispatch\, \CATBaseUnknown\, \CATBaseDispatch\, \AnyObject\, \ABQProperty\, \ABQSmoothStepAmplitude\",Access an Abaqus smooth step amplitude or determine its properties.
interface_39,ABQSpringConnectionProperty,Represents an Abaqus spring connection property object.,Object,false,3,7,"\IUnknown\, \IDispatch\, \CATBaseUnknown\, \CATBaseDispatch\, \AnyObject\, \ABQProperty\, \ABQSpringConnectionProperty\",Access an Abaqus spring connection property object or determine its properties.
interface_40,ABQStep,Represents a Abaqus analysis step object.,Object,false,2,0,"\IUnknown\, \IDispatch\, \CATBaseUnknown\, \CATBaseDispatch\, \AnyObject\, \ABQStep\",Access an Abaqus analysis step or determine its properties.
interface_41,ABQSteps,The collection of Abaqus analysis step objects contained in an.,Collection,true,0,4,"\IUnknown\, \IDispatch\, \CATBaseUnknown\, \CATBaseDispatch\, \Collection\, \ABQSteps\",Unknown
interface_42,ABQSurfaceToSurfaceContact,Represents an Abaqus contact pair object.,Object,false,11,3,"\IUnknown\, \IDispatch\, \CATBaseUnknown\, \CATBaseDispatch\, \AnyObject\, \ABQInteraction\, \ABQSurfaceToSurfaceContact\",Access an Abaqus contact pair object or determine its properties.
interface_43,ABQTabularAmplitude,Represents a tabular amplitude object.,Object,false,2,2,"\IUnknown\, \IDispatch\, \CATBaseUnknown\, \CATBaseDispatch\, \AnyObject\, \ABQProperty\, \ABQTabularAmplitude\",Access an Abaqus tabular amplitude or determine its properties.
interface_44,ABQTemperature,Represents an Abaqus temperature object .,Object,false,5,2,"\IUnknown\, \IDispatch\, \CATBaseUnknown\, \CATBaseDispatch\, \AnyObject\, \ABQTemperature\",Access an Abaqus temperature object or determine its properties. It has common properties of ABQInitialTemperature ABQTemperatureHistory .
interface_45,ABQTemperatureHistory,Represents an Abaqus temperature history object .,Object,false,4,0,"\IUnknown\, \IDispatch\, \CATBaseUnknown\, \CATBaseDispatch\, \AnyObject\, \ABQTemperature\, \ABQTemperatureHistory\",Access an Abaqus temperature history object or determine its properties.
interface_46,ABQThermalConnBehavior,Represents an Abaqus thermal connection behavior object.,Object,false,3,2,"\IUnknown\, \IDispatch\, \CATBaseUnknown\, \CATBaseDispatch\, \AnyObject\, \ABQProperty\, \ABQThermalConnBehavior\",Access an Abaqus thermal connection behaviour object or determine its properties.
interface_47,AMPPath,This interface provides the methods to handle the feature AMPPath which is a list of AMPTags. USAGE : path_name_of_the_VB_script_file.,Object,false,0,8,"\IUnknown\, \IDispatch\, \CATBaseUnknown\, \CATBaseDispatch\, \AnyObject\, \AMPPath\",Unknown
interface_48,AMPTag,This interface provides the methods to handle the feature AMPTag. DESCRIPTION : USAGE :.,Object,false,0,20,"\IUnknown\, \IDispatch\, \CATBaseUnknown\, \CATBaseDispatch\, \AnyObject\, \AMPTag\",Unknown
interface_49,AccesslogStatisticsSettingAtt,"Interface for Accesslog statistic Controler. For the definitions of methods and variables common to every thematic, see theGeneralStatisticsSettingAtt.",Object,false,0,0,"\IUnknown\, \IDispatch\, \CATBaseUnknown\, \CATBaseDispatch\, \AnyObject\, \SettingController\, \GeneralStatisticsSettingAtt\, \AccesslogStatisticsSettingAtt\","the accesslog statistics controler manages the values of all or only a part of the attributes available for the thematic. For the definitions of methods and variables common to every thematic, see the GeneralStatisticsSettingAtt . ."
interface_50,ActiveTask,Represents the Active task of the resource in conjunction with a particular activity.,Object,false,0,2,"\IUnknown\, \IDispatch\, \CATBaseUnknown\, \CATBaseDispatch\, \AnyObject\, \ActiveTask\","Active Task is the object used to access and manage the active task set for all the resources assigned for the activity. The following code snippet can be used to obtain the Active Task from the activity. Dim objChildActivity As Activity Dim objActiveActivity As ActiveTask Set objActiveActivity = objChildActivity.GetTechnologicalObject(""""ActiveTask"""") ."
interface_51,Activities,The collection of activities related to the current activity.,Collection,true,0,3,"\IUnknown\, \IDispatch\, \CATBaseUnknown\, \CATBaseDispatch\, \Collection\, \Activities\",Unknown
interface_52,Activity,The object that represents an activity.,Collection,true,15,8,"\IUnknown\, \IDispatch\, \CATBaseUnknown\, \CATBaseDispatch\, \AnyObject\, \Activity\",Unknown
interface_53,Add,"Represents the add, or union boolean operation.",Object,false,0,0,"\IUnknown\, \IDispatch\, \CATBaseUnknown\, \CATBaseDispatch\, \AnyObject\, \Shape\, \BooleanShape\, \Add\",Unknown
interface_54,Affinity,Represents the hybrid shape Affinity feature object.,Object,false,1,0,"\IUnknown\, \IDispatch\, \CATBaseUnknown\, \CATBaseDispatch\, \AnyObject\, \HybridShape\, \Affinity\",To access the data of the hybrid shape Affinity feature object. This data includes: The element to Affinity Origin for the Affinity Plane for the Affinity Direction for the Affinity XRatio Value for the Affinity YRatio Value for the Affinity ZRatio Value for the Affinity The translation distance and its value Use the CATIAHybridShapeFactory to create HybridShapeFeature object. See also: HybridShapeFactory .
interface_55,AnalysisAdaptivityManager,The interface to access a CATIAAnalysisAdaptivityManager.,Object,false,0,1,"\IUnknown\, \IDispatch\, \CATBaseUnknown\, \CATBaseDispatch\, \AnyObject\, \AnalysisSet\, \AnalysisAdaptivityManager\",Unknown
interface_56,AnalysisCase,Represent the analysis case object. Analysis Case behavior Analysis Case.,Collection,true,1,3,"\IUnknown\, \IDispatch\, \CATBaseUnknown\, \CATBaseDispatch\, \AnyObject\, \AnalysisCase\","Interface designed to manage Analysis Case behavior In the Analysis document, an Analysis Case is the object dedicated to define and manage the environment data necessary to run a computation. This environment is made of sets."
interface_57,AnalysisCases,The collection of analysis case making an Analysis.,Collection,true,0,5,"\IUnknown\, \IDispatch\, \CATBaseUnknown\, \CATBaseDispatch\, \Collection\, \AnalysisCases\",Unknown
interface_58,AnalysisDocument,Represents the document object for analysis.,Object,false,1,0,"\IUnknown\, \IDispatch\, \CATBaseUnknown\, \CATBaseDispatch\, \AnyObject\, \Document\, \AnalysisDocument\",Unknown
interface_59,AnalysisEntities,The collection of analysis entities.,Collection,true,0,3,"\IUnknown\, \IDispatch\, \CATBaseUnknown\, \CATBaseDispatch\, \Collection\, \AnalysisEntities\",Unknown
interface_60,AnalysisEntity,Represent the analysis entity object.,Collection,true,5,9,"\IUnknown\, \IDispatch\, \CATBaseUnknown\, \CATBaseDispatch\, \AnyObject\, \AnalysisEntity\",Unknown
interface_61,AnalysisExport,The interface to access a CATIAAnalysisExport.,Object,false,0,1,"\IUnknown\, \IDispatch\, \CATBaseUnknown\, \CATBaseDispatch\, \AnyObject\, \AnalysisExport\",Unknown
interface_62,AnalysisGeneralSettingAtt,"Interface to handle the Analysis & Simulation """"GeneralSetting"""".",Object,false,7,14,"\IUnknown\, \IDispatch\, \CATBaseUnknown\, \CATBaseDispatch\, \AnyObject\, \SettingController\, \AnalysisGeneralSettingAtt\",Unknown
interface_63,AnalysisGlobalSensor,Represent the analysis global sensor.,Object,false,0,2,"\IUnknown\, \IDispatch\, \CATBaseUnknown\, \CATBaseDispatch\, \AnyObject\, \AnalysisEntity\, \AnalysisSensor\, \AnalysisGlobalSensor\",Unknown
interface_64,AnalysisImage,Represents the analysis image object.,Collection,true,1,10,"\IUnknown\, \IDispatch\, \CATBaseUnknown\, \CATBaseDispatch\, \AnyObject\, \AnalysisImage\",Unknown
interface_65,AnalysisImages,The collection of analysis images.,Collection,true,0,2,"\IUnknown\, \IDispatch\, \CATBaseUnknown\, \CATBaseDispatch\, \Collection\, \AnalysisImages\",Unknown
interface_66,AnalysisImport,The interface to access a CATIAAnalysisExport.,Object,false,0,3,"\IUnknown\, \IDispatch\, \CATBaseUnknown\, \CATBaseDispatch\, \AnyObject\, \AnalysisImport\",Unknown
interface_67,AnalysisLinkedDocuments,The collection of Documents linked by Analysis.,Collection,true,0,1,"\IUnknown\, \IDispatch\, \CATBaseUnknown\, \CATBaseDispatch\, \Collection\, \AnalysisLinkedDocuments\",Unknown
interface_68,AnalysisLocalEntities,The collection of local analysis entities.,Collection,true,0,3,"\IUnknown\, \IDispatch\, \CATBaseUnknown\, \CATBaseDispatch\, \Collection\, \AnalysisLocalEntities\",Unknown
interface_69,AnalysisLocalEntity,Represent the analysis local entity object.,Collection,true,4,8,"\IUnknown\, \IDispatch\, \CATBaseUnknown\, \CATBaseDispatch\, \AnyObject\, \AnalysisLocalEntity\",Unknown
interface_70,AnalysisLocalSensor,Represent the analysis local sensor.,Object,false,1,0,"\IUnknown\, \IDispatch\, \CATBaseUnknown\, \CATBaseDispatch\, \AnyObject\, \AnalysisEntity\, \AnalysisSensor\, \AnalysisLocalSensor\",Unknown
interface_71,AnalysisManager,Represents the root object inside an analysis document.,Collection,true,5,5,"\IUnknown\, \IDispatch\, \CATBaseUnknown\, \CATBaseDispatch\, \AnyObject\, \AnalysisManager\",Unknown
interface_72,AnalysisMaterial,Represents an AnalysisMaterial object.,Object,false,0,3,"\IUnknown\, \IDispatch\, \CATBaseUnknown\, \CATBaseDispatch\, \AnyObject\, \AnalysisMaterial\",Unknown
interface_73,AnalysisMeshLocalSpecification,The interface to access a CATIAAnalysisMeshLocalSpecification.,Object,false,1,3,"\IUnknown\, \IDispatch\, \CATBaseUnknown\, \CATBaseDispatch\, \AnyObject\, \AnalysisMeshLocalSpecification\",Unknown
interface_74,AnalysisMeshLocalSpecifications,The interface to access a AnalysisMeshLocalSpecifications.,Collection,true,0,2,"\IUnknown\, \IDispatch\, \CATBaseUnknown\, \CATBaseDispatch\, \Collection\, \AnalysisMeshLocalSpecifications\",Unknown
interface_75,AnalysisMeshManager,The interface to access a CATIAAnalysisMeshManager.,Collection,true,1,0,"\IUnknown\, \IDispatch\, \CATBaseUnknown\, \CATBaseDispatch\, \AnyObject\, \AnalysisSet\, \AnalysisMeshManager\",Unknown
interface_76,AnalysisMeshPart,The interface to access a CATIAAnalysisMeshPart.,Collection,true,2,5,"\IUnknown\, \IDispatch\, \CATBaseUnknown\, \CATBaseDispatch\, \AnyObject\, \AnalysisSet\, \AnalysisMeshPart\",Unknown
interface_77,AnalysisMeshParts,The collection of analysis meshparts.,Collection,true,0,3,"\IUnknown\, \IDispatch\, \CATBaseUnknown\, \CATBaseDispatch\, \Collection\, \AnalysisMeshParts\",Unknown
interface_78,AnalysisModel,Represent the analysis model object.,Collection,true,5,1,"\IUnknown\, \IDispatch\, \CATBaseUnknown\, \CATBaseDispatch\, \AnyObject\, \AnalysisModel\","In the analysis document, an analysis model is the object dedicated to set and manage all the required data for the discretization and idealization of a Finite Element model. This object gives access to: A collection of AnalysisCase. A collection of AnalysisSets (All the input sets like properties, groups). A AnalysisPostManager object for reporting. ."
interface_79,AnalysisModels,The collection of analysis models making an analysis document.,Collection,true,0,1,"\IUnknown\, \IDispatch\, \CATBaseUnknown\, \CATBaseDispatch\, \Collection\, \AnalysisModels\",Unknown
interface_80,AnalysisOutputEntities,The collection of analysis entities results of a set.,Collection,true,0,3,"\IUnknown\, \IDispatch\, \CATBaseUnknown\, \CATBaseDispatch\, \Collection\, \AnalysisOutputEntities\",Unknown
interface_81,AnalysisPostManager,Interface to define the Post Processing Manager.,Object,false,0,3,"\IUnknown\, \IDispatch\, \CATBaseUnknown\, \CATBaseDispatch\, \AnyObject\, \AnalysisPostManager\","In the analysis document, an Post Processing is dedicated to Visualization and reporting. Method Index AddExistingCaseForReport Adds an existing analysis case to manager. BuildReport Extract the HTML Report. ExtractHTMLReport Methods o Sub AddExistingCaseForReport ( activateLink('AnalysisCase','AnalysisCase') iCase ) Adds an existing analysis case to manager. To declare Case which will be taken into account for the HTML report. Parameters: iCase The Existing Analysis Case. o Sub BuildReport ( activateLink('Folder','Folder') iFolder , activateLink('CATBSTR','CATBSTR') iTitle , activateLink('CATVariant','CATVariant') iAddCreatedImages ) Extract the HTML Report. The Report is defined related to Analysis cases, using AddExistingCaseForReport and will be stored in a CATIA Folder. Parameters: iFolder Folder to store the HTML file. iTitle Title of the report. iAddCreatedImages To add created images under analysis case in the report. o Sub <..."
interface_82,AnalysisPostProSettingAtt,"Interface to handle the Analysis & Simulation """"PostProcessingSetting"""".",Object,false,5,10,"\IUnknown\, \IDispatch\, \CATBaseUnknown\, \CATBaseDispatch\, \AnyObject\, \SettingController\, \AnalysisPostProSettingAtt\",Unknown
interface_83,AnalysisReportingSettingAtt,"Interface to handle the Analysis & Simulation """"ReportingSetting"""".",Object,false,7,14,"\IUnknown\, \IDispatch\, \CATBaseUnknown\, \CATBaseDispatch\, \AnyObject\, \SettingController\, \AnalysisReportingSettingAtt\",Unknown
interface_84,AnalysisSensor,Represent the analysis sensor.,Collection,true,1,1,"\IUnknown\, \IDispatch\, \CATBaseUnknown\, \CATBaseDispatch\, \AnyObject\, \AnalysisEntity\, \AnalysisSensor\",Unknown
interface_85,AnalysisSet,Represent the analysis set object. Analysis Set Analysis Entities.,Collection,true,6,1,"\IUnknown\, \IDispatch\, \CATBaseUnknown\, \CATBaseDispatch\, \AnyObject\, \AnalysisSet\",Unknown
interface_86,AnalysisSets,The collection of analysis sets.,Collection,true,0,5,"\IUnknown\, \IDispatch\, \CATBaseUnknown\, \CATBaseDispatch\, \Collection\, \AnalysisSets\",Unknown
interface_87,AnalysisSettingAtt,Interface to handle parameters of DELMIA Analysis Tools Options Tab pageRole: This interface is implemented by a component which represents the controller of Analysis Tools Options parameter settings.,Object,false,15,20,"\IUnknown\, \IDispatch\, \CATBaseUnknown\, \CATBaseDispatch\, \AnyObject\, \SettingController\, \AnalysisSettingAtt\",Unknown
interface_88,AnalysisSupports,The collection of analysis case making an Analysis.,Collection,true,0,1,"\IUnknown\, \IDispatch\, \CATBaseUnknown\, \CATBaseDispatch\, \Collection\, \AnalysisSupports\",Unknown
interface_89,Analyze,Represents the analysis object associated with a product.,Object,false,3,2,"\IUnknown\, \IDispatch\, \CATBaseUnknown\, \CATBaseDispatch\, \AnyObject\, \Analyze\",Unknown
interface_90,Angle,Represents the angle parameter.,Object,false,0,0,"\IUnknown\, \IDispatch\, \CATBaseUnknown\, \CATBaseDispatch\, \AnyObject\, \HybridShape\, \Line\, \Angle\",Unknown
interface_91,AngularRepartition,Represents the angular repartition.,Object,false,2,0,"\IUnknown\, \IDispatch\, \CATBaseUnknown\, \CATBaseDispatch\, \AnyObject\, \Repartition\, \AngularRepartition\",Unknown
interface_92,AnnotatedView,Represents an annotated view.,Collection,true,7,4,"\IUnknown\, \IDispatch\, \CATBaseUnknown\, \CATBaseDispatch\, \AnyObject\, \AnnotatedView\",Unknown
interface_93,AnnotatedViews,A collection of AnnotatedView objects.,Collection,true,0,4,"\IUnknown\, \IDispatch\, \CATBaseUnknown\, \CATBaseDispatch\, \Collection\, \AnnotatedViews\",Unknown
interface_94,Annotation,Interface for the Technological Product Specification objects.,Object,false,3,20,"\IUnknown\, \IDispatch\, \CATBaseUnknown\, \CATBaseDispatch\, \AnyObject\, \Annotation\",Unknown
interface_95,AnnotationFactory,Interface for the TPS Factory.,Object,false,0,15,"\IUnknown\, \IDispatch\, \CATBaseUnknown\, \CATBaseDispatch\, \AnyObject\, \Factory\, \AnnotationFactory\",Unknown
interface_96,AnnotationSet,Interface for the TPS Set of objects.,Collection,true,11,0,"\IUnknown\, \IDispatch\, \CATBaseUnknown\, \CATBaseDispatch\, \AnyObject\, \AnnotationSet\",Unknown
interface_97,AnnotationSets,Interface for collection of Annotations' Set.,Collection,true,0,3,"\IUnknown\, \IDispatch\, \CATBaseUnknown\, \CATBaseDispatch\, \Collection\, \AnnotationSets\",Unknown
interface_98,Annotations,Interface for collection of TPS objects CATIAAnnotation.,Collection,true,0,2,"\IUnknown\, \IDispatch\, \CATBaseUnknown\, \CATBaseDispatch\, \Collection\, \Annotations\",Unknown
interface_100,Application,Represents the current CNext application and its frame window.,Collection,true,15,7,"\IUnknown\, \IDispatch\, \CATBaseUnknown\, \CATBaseDispatch\, \AnyObject\, \Application\",Unknown
interface_101,ArrBOMReport,The interface to access a CATIAArrBOMReport.,Object,false,0,1,"\IUnknown\, \IDispatch\, \CATBaseUnknown\, \CATBaseDispatch\, \AnyObject\, \ArrBOMReport\",Unknown
interface_102,ArrBendableString,The interface to access a CATIAArrBendableStringUsing this prefered syntax will enable mkdoc to document your class.,Object,false,0,4,"\IUnknown\, \IDispatch\, \CATBaseUnknown\, \CATBaseDispatch\, \AnyObject\, \ArrBendableString\",Unknown
interface_103,ArrNomenclature,Represents the UserNomenclature object.,Collection,true,5,1,"\IUnknown\, \IDispatch\, \CATBaseUnknown\, \CATBaseDispatch\, \AnyObject\, \ArrNomenclature\",Unknown
interface_104,ArrNomenclatureTree,Represents the root User Dictionary object.,Collection,true,1,1,"\IUnknown\, \IDispatch\, \CATBaseUnknown\, \CATBaseDispatch\, \AnyObject\, \ArrNomenclatureTree\",Unknown
interface_105,ArrNomenclatures,The collection of UserNomenclature objects.,Collection,true,0,2,"\IUnknown\, \IDispatch\, \CATBaseUnknown\, \CATBaseDispatch\, \Collection\, \ArrNomenclatures\",Unknown
interface_106,ArrSystemLineProduct,The interface to access a CATIAArrSystemLineProductUsing this prefered syntax will enable mkdoc to document your class.,Object,false,0,2,"\IUnknown\, \IDispatch\, \CATBaseUnknown\, \CATBaseDispatch\, \AnyObject\, \ArrSystemLineProduct\",Unknown
interface_107,ArrWorkbench,Returns the Arrangement Workbench.,Object,false,1,4,"\IUnknown\, \IDispatch\, \CATBaseUnknown\, \CATBaseDispatch\, \AnyObject\, \Workbench\, \ArrWorkbench\","Use this interface to manage the ArrNomenclatureTree object, create Arrangement objects (such as ArrangementArea, ArrangementRun etc)."
interface_108,ArrangementArea,Use this object to access an ArrangementArea object's properties and functions.,Collection,true,4,1,"\IUnknown\, \IDispatch\, \CATBaseUnknown\, \CATBaseDispatch\, \AnyObject\, \ArrangementArea\",The ArrangementArea object is a type of Arrangement Object defining an area containing other objects.
interface_109,ArrangementAreas,A Collection object for ArrangementArea objects.,Collection,true,0,3,"\IUnknown\, \IDispatch\, \CATBaseUnknown\, \CATBaseDispatch\, \Collection\, \ArrangementAreas\","Use this interface to add, retrieve and remove ArrangementArea objects from this collection. Method Index AddArea Creates a ArrangementArea and adds it to the collection. Item Returns the specified item of the collection. Remove Removes the specified ArrangementArea object from the collection. Methods o Func AddArea ( activateLink('Move','Move') iRelAxis , activateLink('CATSafeArrayVariant','CATSafeArrayVariant') iPosition , activateLink('double','double') iHeight ) As activateLink('ArrangementArea','ArrangementArea') Creates a ArrangementArea and adds it to the collection. The Area created will be without any contour. Hence only the height of the area is specified. Parameters: iRelAxis Relative Axis to be considered. iPosition Position information for the Area (rotation and location). iHeight Height of the Area. Returns: The newly created ArrangementArea object that is also added to the collection. o Func Item ( activateLink('CATVariant','CATVariant') iIndex ) As activateLink('ArrangementArea','ArrangementArea') Returns..."
interface_110,ArrangementBoundaries,A collection object for ArrangementBoundary objects.,Collection,true,0,3,"\IUnknown\, \IDispatch\, \CATBaseUnknown\, \CATBaseDispatch\, \Collection\, \ArrangementBoundaries\","This collection object is used to manage (create, retrieve and remove )ArrangementBoundary objects."
interface_111,ArrangementBoundary,Access properties and functions of an ArrangementBoundary object.,Collection,true,6,1,"\IUnknown\, \IDispatch\, \CATBaseUnknown\, \CATBaseDispatch\, \AnyObject\, \ArrangementBoundary\","Use this interface to control the visualization mode, section parameters, nodes that define the ArrangementBoundary object."
interface_112,ArrangementContour,The ArrangementContour object.,Object,false,0,0,"\IUnknown\, \IDispatch\, \CATBaseUnknown\, \CATBaseDispatch\, \AnyObject\, \ArrangementContour\",Unknown
interface_113,ArrangementContours,A collection object for ArrangementContours of an Area.,Collection,true,0,3,"\IUnknown\, \IDispatch\, \CATBaseUnknown\, \CATBaseDispatch\, \Collection\, \ArrangementContours\","Use this to manage (create, retrieve and remove) ArrangementContours of an ArrangementArea."
interface_114,ArrangementItemReservation,Use this object to access the ArrangementItemReservation properties and methods.,Object,false,4,3,"\IUnknown\, \IDispatch\, \CATBaseUnknown\, \CATBaseDispatch\, \AnyObject\, \ArrangementItemReservation\","Use this object to control the visualization mode, dimensions of the ArrangementItemReservation."
interface_115,ArrangementItemReservations,A collection object for ArrangementItemReservation objects.,Collection,true,0,3,"\IUnknown\, \IDispatch\, \CATBaseUnknown\, \CATBaseDispatch\, \Collection\, \ArrangementItemReservations\","Use this collection object to manage (create, retrieve and remove) ArrangementItemReservation objects."
interface_116,ArrangementNode,This interface provides access to a CATIAArrangementNode object.,Object,false,2,2,"\IUnknown\, \IDispatch\, \CATBaseUnknown\, \CATBaseDispatch\, \AnyObject\, \ArrangementNode\","Use this object to retrieve the bend angle, bend radius and location of an ArrangementNode object."
interface_117,ArrangementNodes,A Collection object for ArrangementNode objects.,Collection,true,0,1,"\IUnknown\, \IDispatch\, \CATBaseUnknown\, \CATBaseDispatch\, \Collection\, \ArrangementNodes\",Unknown
interface_118,ArrangementPathway,Use this object to access properties and methods of an ArrangementPathway object.,Object,false,7,1,"\IUnknown\, \IDispatch\, \CATBaseUnknown\, \CATBaseDispatch\, \AnyObject\, \ArrangementPathway\","Use this interface to control the visualization mode, section parameters, nodes that define the ArrangementPathway object."
interface_119,ArrangementPathways,A collection object for ArrangementPathway objects.,Collection,true,0,3,"\IUnknown\, \IDispatch\, \CATBaseUnknown\, \CATBaseDispatch\, \Collection\, \ArrangementPathways\","Use this collection object to manage (create, retrieve and remmove) ArrangementPathway objects."
interface_120,ArrangementProduct,Use this object as a factory for Arrangement collection objects.,Collection,true,7,3,"\IUnknown\, \IDispatch\, \CATBaseUnknown\, \CATBaseDispatch\, \AnyObject\, \ArrangementProduct\","Use this interface to get access to the Arrangement collections (Areas, Rectangles, ItemReservations, Runs, Pathways, Boundaries) aggregated a given Product."
interface_121,ArrangementRectangle,Use this object to access the properties and methods of an ArrangementRectangle object.,Object,false,2,1,"\IUnknown\, \IDispatch\, \CATBaseUnknown\, \CATBaseDispatch\, \AnyObject\, \ArrangementRectangle\","The ArrangementRectangle object is a geometric shape used for defining Contours of Areas. The ArrangementRectangle is defined by width and length and its Product position (which is the min-x, min-y corner of the rectangle)."
interface_122,ArrangementRectangles,A Collection object for ArrangementRectangle objects.,Collection,true,0,3,"\IUnknown\, \IDispatch\, \CATBaseUnknown\, \CATBaseDispatch\, \Collection\, \ArrangementRectangles\","Use this object to manage (create, retrieve and remove) ArrangementRectangle objects."
interface_123,ArrangementRun,Use this object to access the properties and methods of an ArrangementRun object.,Object,false,7,1,"\IUnknown\, \IDispatch\, \CATBaseUnknown\, \CATBaseDispatch\, \AnyObject\, \ArrangementRun\","Use this interface to control the visualization mode, section parameters, nodes that define the ArrangementRun object."
interface_124,ArrangementRuns,A collection object of ArrangementRun objects.,Collection,true,0,3,"\IUnknown\, \IDispatch\, \CATBaseUnknown\, \CATBaseDispatch\, \Collection\, \ArrangementRuns\",Use this collection object to manage ArrangementRun objects.
interface_125,AsmConstraintSettingAtt,Represents the Assembly Constraints setting controller object.,Object,false,4,8,"\IUnknown\, \IDispatch\, \CATBaseUnknown\, \CATBaseDispatch\, \AnyObject\, \SettingController\, \AsmConstraintSettingAtt\",the Assembly Constraints setting controller object deals with the setting parameters displayed in the Assembly Constraints property page. To access this property page: Click the Options command in the Tools menu Click + left of Mechanical Design to unfold the workbench list Click Assembly Design: Constraints tab .
interface_126,AsmGeneralSettingAtt,Represents the Assembly General setting controller object.,Object,false,4,8,"\IUnknown\, \IDispatch\, \CATBaseUnknown\, \CATBaseDispatch\, \AnyObject\, \SettingController\, \AsmGeneralSettingAtt\",the Assembly General setting controller object deals with the setting parameters displayed in the Assembly General property page. To access this property page: Click the Options command in the Tools menu Click + left of Mechanical Design to unfold the workbench list Click Assembly Design: General tab .
interface_127,Assemble,Represents the assemble boolean operation.,Object,false,0,0,"\IUnknown\, \IDispatch\, \CATBaseUnknown\, \CATBaseDispatch\, \AnyObject\, \HybridShape\, \Assemble\",Unknown
interface_128,AssemblyBoolean,Represents the AssemblyBoolean object.,Object,false,2,0,"\IUnknown\, \IDispatch\, \CATBaseUnknown\, \CATBaseDispatch\, \AnyObject\, \AssemblyFeature\, \AssemblyBoolean\",Unknown
interface_129,AssemblyConvertor,Product conversion object.,Object,false,0,3,"\IUnknown\, \IDispatch\, \CATBaseUnknown\, \CATBaseDispatch\, \AnyObject\, \AssemblyConvertor\",Unknown
interface_130,AssemblyFeature,Represents the AssemblyFeature object.,Object,false,0,4,"\IUnknown\, \IDispatch\, \CATBaseUnknown\, \CATBaseDispatch\, \AnyObject\, \AssemblyFeature\",Unknown
interface_131,AssemblyFeatures,A collection of all the AssemblyFeature objects of a product.,Collection,true,0,7,"\IUnknown\, \IDispatch\, \CATBaseUnknown\, \CATBaseDispatch\, \Collection\, \AssemblyFeatures\",Unknown
interface_132,AssemblyHole,Represents the AssemblyHole object.,Object,false,11,3,"\IUnknown\, \IDispatch\, \CATBaseUnknown\, \CATBaseDispatch\, \AnyObject\, \AssemblyFeature\, \AssemblyHole\",Unknown
interface_133,AssemblyPocket,Represents the AssemblyPocket object.,Object,false,7,3,"\IUnknown\, \IDispatch\, \CATBaseUnknown\, \CATBaseDispatch\, \AnyObject\, \AssemblyFeature\, \AssemblyPocket\",Unknown
interface_134,AssemblySplit,Represents the AssemblySplit object.,Object,false,3,1,"\IUnknown\, \IDispatch\, \CATBaseUnknown\, \CATBaseDispatch\, \AnyObject\, \AssemblyFeature\, \AssemblySplit\",Unknown
interface_135,AssociatedRefFrame,Interface dedicated to manage Datum Reference Frame associated to a TPS.,Object,false,1,0,"\IUnknown\, \IDispatch\, \CATBaseUnknown\, \CATBaseDispatch\, \AnyObject\, \AssociatedRefFrame\",Unknown
interface_136,AsySimActivity,Interface for a Delmia Simulation Activity.,Object,false,0,1,"\IUnknown\, \IDispatch\, \CATBaseUnknown\, \CATBaseDispatch\, \AnyObject\, \AsySimActivity\",Unknown
interface_137,AttachmentCont,Interface representing xxx.,Object,false,0,2,"\IUnknown\, \IDispatch\, \CATBaseUnknown\, \CATBaseDispatch\, \AnyObject\, \AttachmentCont\","Components that implement DNBIABasicDevice are ... Do not use the DNBIAMRLDocAttachments interface for such and such ClassReference, Class#MethodReference, #InternalMethod... Method Index GetAttachmentFactory Get the AttachmentFactory for the current document GetListofAttachments Get list of attachments from the Attachment Container Methods o Sub GetAttachmentFactory ( activateLink('CATBaseDispatch','CATBaseDispatch') oAttachFactory ) Get the AttachmentFactory for the current document Parameters: oAttachFactory This output parameter contains the AttachmentFactory for the current document. Returns: An HRESULT o Sub GetListofAttachments ( activateLink('CATSafeArrayVariant','CATSafeArrayVariant') oAttachList ) Get list of attachments from the Attachment Container Parameters: oAttachList This output parameter contains the list of attachments in a document. Returns: An HRESULT ."
interface_138,AutoDraft,Represents the AutoDraft shape.,Object,false,6,0,"\IUnknown\, \IDispatch\, \CATBaseUnknown\, \CATBaseDispatch\, \AnyObject\, \Shape\, \DressUpShape\, \AutoDraft\",Unknown
interface_139,AutoFillet,Represents the AutoFillet shape.,Object,false,12,0,"\IUnknown\, \IDispatch\, \CATBaseUnknown\, \CATBaseDispatch\, \AnyObject\, \Shape\, \DressUpShape\, \AutoFillet\",Unknown
interface_140,AutoWalkActivity,Interface that represents an Auto-Walk activity.,Object,false,0,1,"\IUnknown\, \IDispatch\, \CATBaseUnknown\, \CATBaseDispatch\, \AnyObject\, \Activity\, \WorkerActivity\, \WalkActivity\, \AutoWalkActivity\",Unknown
interface_141,Axis2D,Interface defining a coordinate system in the 2D Space.,Object,false,3,0,"\IUnknown\, \IDispatch\, \CATBaseUnknown\, \CATBaseDispatch\, \AnyObject\, \GeometricElement\, \Geometry2D\, \Axis2D\",Unknown
interface_142,AxisSystem,"The object Axis System A axis system has got one origin point and three orthogonal axes, crossing at the origin point.",Object,false,12,11,"\IUnknown\, \IDispatch\, \CATBaseUnknown\, \CATBaseDispatch\, \AnyObject\, \AxisSystem\",Unknown
interface_143,AxisSystems,A collection of all the AxisSystem objects contained in the part.,Collection,true,0,2,"\IUnknown\, \IDispatch\, \CATBaseUnknown\, \CATBaseDispatch\, \Collection\, \AxisSystems\",Unknown
interface_144,AxisToAxis,Represents the hybrid shape AxisToAxis feature object.,Object,true,1,0,"\IUnknown\, \IDispatch\, \CATBaseUnknown\, \CATBaseDispatch\, \AnyObject\, \HybridShape\, \AxisToAxis\",To access the data of the hybrid shape AxisToAxis feature object. This data includes: The element to AxisToAxis Origin for the AxisToAxis Plane for the AxisToAxis Direction for the AxisToAxis XRatio Value for the AxisToAxis YRatio Value for the AxisToAxis ZRatio Value for the AxisToAxis The translation distance and its value Use the CATIAHybridShapeFactory to create HybridShapeFeature object. See also: HybridShapeFactory .
interface_145,BasicComponent,Interface designed to manageAnalysis Basic Components.,Collection,true,3,10,"\IUnknown\, \IDispatch\, \CATBaseUnknown\, \CATBaseDispatch\, \AnyObject\, \BasicComponent\",Unknown
interface_146,BasicComponents,The collection of Basic Components defining and analysis object.,Collection,true,0,1,"\IUnknown\, \IDispatch\, \CATBaseUnknown\, \CATBaseDispatch\, \Collection\, \BasicComponents\",Unknown
interface_147,BasicDevice,Interface representing a Basic Device.,Object,false,0,3,"\IUnknown\, \IDispatch\, \CATBaseUnknown\, \CATBaseDispatch\, \AnyObject\, \BasicDevice\","This interface is used to interact with devices that are available in the Device Building workbench. This includes devices created in both V5 and D5. The following code snippet can be used to obtain a device in a CATProduct document. Dim objDevice As BasicDevice set objDevice = CATIA.ActiveDocument.Product.GetTechnologicalObject(""""BasicDevice"""") ."
interface_148,Behavior,Represents a behavior.,Collection,true,1,7,"\IUnknown\, \IDispatch\, \CATBaseUnknown\, \CATBaseDispatch\, \AnyObject\, \ABQProperty\, \Behavior\","A behavior is a set of tasks performed on a technological object. It can be V5 command, CAA command, VBA command, external application or behavior defined into the BKT product. A behavior contains a set of variables: the inputs entered by the user and the outputs produced by the behavior. This interface manipulates the characteristics of a behavior: children behaviors, inputs/outputs and activity."
interface_149,BehaviorExtension,Manages the behaviors of a technological object.,Object,false,1,1,"\IUnknown\, \IDispatch\, \CATBaseUnknown\, \CATBaseDispatch\, \AnyObject\, \Behavior\, \BehaviorExtension\","This interface allows to select and perform the behaviors (tasks) associated to a technological object. A behavior extension is obtained from an object using the method GetItem of CATIABase with in argument the keyword """"CATGetBehaviorExtension"""". @sample Example: Set RootPart = CATIA.ActiveDocument.Part Set MyExtension = RootPart.GetItem( """"CATGetBehaviorExtensions"""" ) Set listBehavior = MyExtension.Behaviors MyExtension.SelectBehavior(""""MyBehavior"""") ."
interface_150,BehaviorSettingAtt,Enables attribute access to BKT options.,Object,false,3,6,"\IUnknown\, \IDispatch\, \CATBaseUnknown\, \CATBaseDispatch\, \AnyObject\, \SettingController\, \BehaviorSettingAtt\",Unknown
interface_151,BehaviorVBScript,Represents the VBScript behavior.,Object,false,0,7,"\IUnknown\, \IDispatch\, \CATBaseUnknown\, \CATBaseDispatch\, \AnyObject\, \Behavior\, \BehaviorVBScript\",The VB script behavior is designed to run a VBScript (or catvbs files) or to reference a VBA project. This interface derives from Behavior and enables the manipulation of the internal variables of the VBScript behavior.
interface_152,Behaviors,Represents the Behaviors collection currently managed by the application.,Collection,true,0,1,"\IUnknown\, \IDispatch\, \CATBaseUnknown\, \CATBaseDispatch\, \Collection\, \Behaviors\",Unknown
interface_153,BiDimFeatEdge,1-D boundary belonging to a feature whose topological result is two dimensional.,Object,false,0,0,"\IUnknown\, \IDispatch\, \CATBaseUnknown\, \CATBaseDispatch\, \AnyObject\, \Reference\, \Boundary\, \Edge\, \BiDimFeatEdge\","This Boundary object may be, for example, the edge of a surface obtained through the extrusion of a spline. You will create a BiDimFeatEdge object using the Shapes.GetBoundary HybridShapes.GetBoundary Sketches.GetBoundary or Selection.SelectElement2 method. Then, you pass it to the operator (such as HybridShapeFactory.AddNewPointOnCurveFromDistance ). The lifetime of a BiDimFeatEdge object is limited, see Boundary @sample Example: This example asks the end user to select an edge, and creates a point on this edge. Here, both TriDimFeatEdge and BiDimFeatEdge objects are proposed to the user. Dim InputObjectType(1) Set Document = CATIA.ActiveDocument Set Selection = Document.Selection Set HybridBodies = Document.Part.HybridBodies Set HybridBody = HybridBodies.Item(""""Geometrical Set.1"""") 'We propose to the user that he select an edge InputObjectType(0)=""""TriDimFeatEdge"""" InputObjectType(1)=""""BiDimFeatEdge"""" Status=Selection.SelectElement2(InputObjectType,""""Select an edge"""",true) if (Status = """"cancel"""") then Exit Sub Set Curve = Selection.Item(1).Value Set HybridShapePointOnCurve = HybridShapeFactory.AddNewPointOnCurveFromDistance(Curve,18.0,False) HybridBody.AppendHybridShape HybridShapePointOnCurve Document.Part.InWorkObject = HybridShapePointOnCurve Document.Part.Update ."
interface_154,Bodies,A collection of all the Body objects contained in the part.,Collection,true,0,2,"\IUnknown\, \IDispatch\, \CATBaseUnknown\, \CATBaseDispatch\, \Collection\, \Bodies\",Unknown
interface_155,Body,"The object that manages a sequence of shapes, a set of sketches, a set of hybrid bodies, a set of ordered geometrical sets and a set of hybrid shapes.",Collection,true,6,1,"\IUnknown\, \IDispatch\, \CATBaseUnknown\, \CATBaseDispatch\, \AnyObject\, \ABQInteraction\, \Body\",Unknown
interface_156,BoolParam,Represents the boolean parameter.,Object,false,1,0,"\IUnknown\, \IDispatch\, \CATBaseUnknown\, \CATBaseDispatch\, \AnyObject\, \Parameter\, \EnumParam\, \BoolParam\",Unknown
interface_157,BooleanShape,Represents the shapes based on boolean operations on other shapes.,Object,false,1,2,"\IUnknown\, \IDispatch\, \CATBaseUnknown\, \CATBaseDispatch\, \AnyObject\, \Shape\, \BooleanShape\",Unknown
interface_158,Boundary,"Topological cell, such as a face, an edge or a vertex. planar rectilinear See also: Note: Note:.",Object,false,0,0,"\IUnknown\, \IDispatch\, \CATBaseUnknown\, \CATBaseDispatch\, \AnyObject\, \Boundary\","The Boundary objects are basic topological objects, such as the edge of a Pad. Some of them posess a geometrical feature ( planar face, rectilinear edge). You will create a Boundary object (such as the TriDimFeatEdge object, which is derived, indirectly, from the Boundary object) using the Shapes.GetBoundary HybridShapes.GetBoundary Sketches.GetBoundary or Selection.SelectElement2 method. Then, you pass it to the operator (such as ShapeFactory.AddNewEdgeFilletWithConstantRadius ). Note that, regarding V4 sub-elements, once the data of a CATIA Version 4 Model has been copied to a .CATPart, the sub-elements of the resulting .CATPart are supported by the Boundary object. The lifetime of a Boundary object is limited. In particular, after having call Part.Update , the Boundary objects are usually no more valid. See also: Face , PlanarFace , CylindricalFace Edge , TriDimFeatEdge , RectilinearTriDimFeatEdge , <a href=""""#"""" onclick=""""openLink('BiDimF..."
interface_161,CGRAdhesionSettingAtt,Represents the base object to handle the parameters of the cache.,Object,false,5,10,"\IUnknown\, \IDispatch\, \CATBaseUnknown\, \CATBaseDispatch\, \AnyObject\, \SettingController\, \CGRAdhesionSettingAtt\",Unknown
interface_162,CacheSettingAtt,Represents the base object to handle the parameters of the cache.,Object,false,8,20,"\IUnknown\, \IDispatch\, \CATBaseUnknown\, \CATBaseDispatch\, \AnyObject\, \SettingController\, \CacheSettingAtt\",Unknown
interface_163,CalibOffsets,Interface to set Robot base/Tool offsets based on Calibration.,Object,true,0,16,"\IUnknown\, \IDispatch\, \CATBaseUnknown\, \CATBaseDispatch\, \AnyObject\, \CalibOffsets\",This interface provides methods to get/set calibration offsets related to Robot base and Robot tool position.
interface_164,Camera,Represents the camera.,Object,false,1,0,"\IUnknown\, \IDispatch\, \CATBaseUnknown\, \CATBaseDispatch\, \AnyObject\, \Camera\",Unknown
interface_165,Camera2D,Represents a 2D camera.,Object,false,1,0,"\IUnknown\, \IDispatch\, \CATBaseUnknown\, \CATBaseDispatch\, \AnyObject\, \Camera\, \Camera2D\",Unknown
interface_166,Camera3D,Represents a 3D camera.,Object,false,1,0,"\IUnknown\, \IDispatch\, \CATBaseUnknown\, \CATBaseDispatch\, \AnyObject\, \Camera\, \Camera3D\",Unknown
interface_167,Cameras,A collection of all the Camera objects currently attached to a Document object.,Collection,true,0,2,"\IUnknown\, \IDispatch\, \CATBaseUnknown\, \CATBaseDispatch\, \Collection\, \Cameras\",Unknown
interface_168,Capture,The interface to access a CATIACapture.,Object,false,10,2,"\IUnknown\, \IDispatch\, \CATBaseUnknown\, \CATBaseDispatch\, \AnyObject\, \Capture\",Unknown
interface_169,CaptureFactory,Interface for the Capture Factory.,Object,false,0,1,"\IUnknown\, \IDispatch\, \CATBaseUnknown\, \CATBaseDispatch\, \AnyObject\, \Factory\, \CaptureFactory\",Unknown
interface_170,Captures,The interface to access a CATIACaptures.,Collection,true,0,1,"\IUnknown\, \IDispatch\, \CATBaseUnknown\, \CATBaseDispatch\, \Collection\, \Captures\",Unknown
interface_171,CatalogDocument,Represents the Document object for catalog.,Object,false,0,3,"\IUnknown\, \IDispatch\, \CATBaseUnknown\, \CATBaseDispatch\, \AnyObject\, \Document\, \CatalogDocument\","A catalog document references data (documents: CATPart..., features, etc) organized as a tree: the nodes are called chapters and the leaves are called descriptions. Each description may reference a document (CATPart...) and couples of keyword + value. The keywords are defined at the parent chapter level. A catalog may reference parametric Parts. In that case, the Part is associated with a Design Table. A Design Table is a file (text file, Excel document) that contains named columns and rows. Each row corresponds to a description, and each column may correspond to a keyword. Refer to CATIA V5 Documentation, Component Catalog Editor and to CAA V5 Encyclopedia, Document, Catalog."
interface_172,CatalogSHMObjectSettingAtt,Represents the CATIA Sheet Metal Aerospace General setting controller object.,Collection,true,1,2,"\IUnknown\, \IDispatch\, \CATBaseUnknown\, \CATBaseDispatch\, \AnyObject\, \SettingController\, \CatalogSHMObjectSettingAtt\","The CATIA Sheet Metal Aerospace setting General controller object deals with the setting attributes displayed in the Aerospace Sheet Metal Design General property page. To access this property page: Click the Options command in the Tools menu Click + left of Mechanical Design to unfold the workbench list Click General The Sheet Metal Aerospace General setting controller object can be retrieved as an item of the setting controller collection using its name """"CATIStmCatalogSHMObjectSettingCtrl"""" as follows: Dim settingControllers1 As SettingControllers Set settingControllers1 = CATIA.SettingControllers Dim CATIAStmCatalogSHMObjectSettingAtt1 As SettingController Set CATIAStmCatalogSHMObjectSettingAtt1 = settingControllers1.Item(""""CATIStmCatalogSHMObjectSettingCtrl"""") Property Index SHMStdProfPath Returns or sets the SHMStdProfPath setting parameter value. Method Index GetSHMStdProfPathInfo Retrieves information about the SHMStdProfPath setting parameter. SetSHMStdProfPathLock Locks or unlocks the SHMStdProfPath setting parameter. Properties o Property SHMStdProfPath ( ) As activateLink('CATBSTR','CATBSTR') Returns or sets the SHMStdProfPath setting parameter value. Role : The SHMStdProfPath setting parameter stores the path to the CATIA Catalog file used by the Catalog Browser whenever it is involved in Aerospace Sheet Metal commands, such as cutout or corner relief. Legal values : a valid path to a CATIA Catalog file. ..."
interface_173,Chamfer,Represents the chamfer shape.,Collection,true,7,2,"\IUnknown\, \IDispatch\, \CATBaseUnknown\, \CATBaseDispatch\, \AnyObject\, \Shape\, \DressUpShape\, \Chamfer\",Unknown
interface_174,Check,Represents the check relation.,Object,false,2,0,"\IUnknown\, \IDispatch\, \CATBaseUnknown\, \CATBaseDispatch\, \AnyObject\, \ExpertRuleBaseComponentRuntime\, \Check\",Unknown
interface_175,CircPattern,Represents the circular pattern.,Object,false,7,7,"\IUnknown\, \IDispatch\, \CATBaseUnknown\, \CATBaseDispatch\, \AnyObject\, \Shape\, \TransformationShape\, \Pattern\, \CircPattern\",Unknown
interface_176,Circle2D,Class defining a circle in 2D Space.,Object,false,2,2,"\IUnknown\, \IDispatch\, \CATBaseUnknown\, \CATBaseDispatch\, \AnyObject\, \GeometricElement\, \Geometry2D\, \Curve2D\, \Circle2D\",Unknown
interface_177,Clash,Represents the Clash object.,Collection,true,8,2,"\IUnknown\, \IDispatch\, \CATBaseUnknown\, \CATBaseDispatch\, \AnyObject\, \Clash\",Unknown
interface_178,ClashResult,Represents the ClashResult object.,Collection,true,1,1,"\IUnknown\, \IDispatch\, \CATBaseUnknown\, \CATBaseDispatch\, \AnyObject\, \ClashResult\",Unknown
interface_179,ClashResults,A collection of all ClashResult objects currently managed by the application.,Collection,true,0,3,"\IUnknown\, \IDispatch\, \CATBaseUnknown\, \CATBaseDispatch\, \Collection\, \ClashResults\",Unknown
interface_180,Clashes,A collection of all Clash objects currently managed by the application.,Collection,true,0,4,"\IUnknown\, \IDispatch\, \CATBaseUnknown\, \CATBaseDispatch\, \Collection\, \Clashes\",Unknown
interface_181,CloseSurface,Represents the Close feature.,Object,false,0,0,"\IUnknown\, \IDispatch\, \CATBaseUnknown\, \CATBaseDispatch\, \AnyObject\, \Shape\, \SurfaceBasedShape\, \CloseSurface\",Unknown
interface_183,CollisionFreeWalk,Interface representing Collision free walk activity.,Object,false,2,0,"\IUnknown\, \IDispatch\, \CATBaseUnknown\, \CATBaseDispatch\, \AnyObject\, \Activity\, \WorkerActivity\, \WalkActivity\, \CollisionFreeWalk\",Unknown
interface_184,ColorESSObjectSettingAtt,The interface to access a CATIAColorESSObjectSettingAtt.,Object,false,0,8,"\IUnknown\, \IDispatch\, \CATBaseUnknown\, \CATBaseDispatch\, \AnyObject\, \SettingController\, \ColorESSObjectSettingAtt\",Unknown
interface_185,ColorSTDObjectSettingAtt,The interface to access a CATIAColorSTDObjectSettingAtt.,Object,false,0,8,"\IUnknown\, \IDispatch\, \CATBaseUnknown\, \CATBaseDispatch\, \AnyObject\, \SettingController\, \ColorSTDObjectSettingAtt\",Unknown
interface_186,CommandStatisticsSettingAtt,Interface for Command statistic ControlerRole: the command statistics controler manages the values of all or only a part of the attributes available for the thematic.,Object,false,0,0,"\IUnknown\, \IDispatch\, \CATBaseUnknown\, \CATBaseDispatch\, \AnyObject\, \SettingController\, \GeneralStatisticsSettingAtt\, \CommandStatisticsSettingAtt\",Unknown
interface_187,CompositeTolerance,Interface for accessing composite tolerance on a TPS.,Object,false,2,0,"\IUnknown\, \IDispatch\, \CATBaseUnknown\, \CATBaseDispatch\, \AnyObject\, \CompositeTolerance\",Unknown
interface_188,CompositesMaterial,Represents a Composites Material object.,Object,false,8,2,"\IUnknown\, \IDispatch\, \CATBaseUnknown\, \CATBaseDispatch\, \AnyObject\, \CompositesMaterial\",Unknown
interface_189,Conflict,Represents the Conflict object.,Object,false,7,2,"\IUnknown\, \IDispatch\, \CATBaseUnknown\, \CATBaseDispatch\, \AnyObject\, \Conflict\",Unknown
interface_190,Conflicts,A collection of all Conflict objects currently detected by a Clash object.,Collection,true,0,1,"\IUnknown\, \IDispatch\, \CATBaseUnknown\, \CATBaseDispatch\, \Collection\, \Conflicts\",Unknown
interface_191,ConstRadEdgeFillet,Represents the edge fillet shape with a constant radius.,Collection,true,2,2,"\IUnknown\, \IDispatch\, \CATBaseUnknown\, \CATBaseDispatch\, \AnyObject\, \Shape\, \DressUpShape\, \Fillet\, \EdgeFillet\, \ConstRadEdgeFillet\",Unknown
interface_192,Constraint,"A geometric constraint set for geometric elements of a part, a sketch, or a product.",Object,false,11,7,"\IUnknown\, \IDispatch\, \CATBaseUnknown\, \CATBaseDispatch\, \AnyObject\, \ABQInteraction\, \Constraint\",Unknown
interface_193,ConstraintSatisfaction,Represents the set of equation.,Object,false,0,1,"\IUnknown\, \IDispatch\, \CATBaseUnknown\, \CATBaseDispatch\, \AnyObject\, \KnowledgeObject\, \KnowledgeActivateObject\, \Relation\, \SetOfEquation\, \ConstraintSatisfaction\",Unknown
interface_194,Constraints,"A collection of all geometric constraints set on a part, a sketch, or a product.",Collection,true,2,5,"\IUnknown\, \IDispatch\, \CATBaseUnknown\, \CATBaseDispatch\, \Collection\, \Constraints\",Unknown
interface_195,ControlPoint2D,Class defining a spline control point in 2D Space.,Object,false,1,4,"\IUnknown\, \IDispatch\, \CATBaseUnknown\, \CATBaseDispatch\, \AnyObject\, \GeometricElement\, \Geometry2D\, \Point2D\, \ControlPoint2D\",Unknown
interface_196,ControledRadius,Interface for accessing Controled Radius modifier on a linear TPS .,Object,true,1,0,"\IUnknown\, \IDispatch\, \CATBaseUnknown\, \CATBaseDispatch\, \AnyObject\, \ControledRadius\",Unknown
interface_197,Curve2D,Class defining a curve in 2D Space.,Object,false,4,10,"\IUnknown\, \IDispatch\, \CATBaseUnknown\, \CATBaseDispatch\, \AnyObject\, \GeometricElement\, \Geometry2D\, \Curve2D\",Unknown
interface_198,CurveFastener,Interface DELMIACurveFastener DELMIACurveFastener represent body in white fasteners of type curve.,Object,false,0,0,"\IUnknown\, \IDispatch\, \CATBaseUnknown\, \CATBaseDispatch\, \AnyObject\, \Fastener\, \CurveFastener\",Unknown
interface_199,CylindricalFace,2-D boundary with a cylindrical geometry.,Object,false,0,2,"\IUnknown\, \IDispatch\, \CATBaseUnknown\, \CATBaseDispatch\, \AnyObject\, \Reference\, \Boundary\, \Face\, \CylindricalFace\","This Boundary object may be, for example, the lateral face of a cylinder. You will create a CylindricalFace object using the Shapes.GetBoundary HybridShapes.GetBoundary Sketches.GetBoundary or Selection.SelectElement2 method. Then, you pass it to the operator (such as ShapeFactory.AddNewCircPattern ). The lifetime of a CylindricalFace object is limited, see Boundary @sample Example: This example asks the end user to select a shape to pattern and a cylindrical face, and creates a circular pattern of the shape. The cylindrical face specifies the rotation axis. Dim InputObjectType(0) Set Document = CATIA.ActiveDocument Set Selection = Document.Selection 'We propose to the user that he select the shape to pattern InputObjectType(0)=""""SketchBasedShape"""" Status=Selection.SelectElement2(InputObjectType,""""Select the shape to pattern"""",true) if (Status = """"cancel"""") then Exit Sub Set Shape = Selection.Item(1).Value Selection.Clear 'We propose to the user that he select the cylindrical face InputObjectType(0)=""""CylindricalFace"""" Status=Selection.SelectElement2(InputObjectType,""""Select the cylindrical face"""",true) if (Status = """"cancel"""") then Exit Sub Set CylindricalFace = Selection.Item(1).Value Set RotationCenter = Document.Part.CreateReferenceFromName("""""""") Set CircPattern = ShapeFactory.AddNewCircPattern(Shape,1,4,20.0,45.0,1,4,RotationCenter,CylindricalFace,True,0.0,True) Document.Part.Update ."
interface_200,D5Device,Interface representing a D5 Device.,Object,false,0,1,"\IUnknown\, \IDispatch\, \CATBaseUnknown\, \CATBaseDispatch\, \AnyObject\, \BasicDevice\, \D5Device\","This interface is used to interact with devices that are available in the Device Building workbench. This interfaces is derived from BasicDevice to support specific properties for D5 devices. The following code snippet can be used to obtain a device in a CATProduct document. Dim objDevice As BasicDevice set objDevice = CATIA.ActiveDocument.Product.GetTechnologicalObject(""""BasicDevice"""") Dim objD5Device as D5Device Set objD5Device = objDevice ."
interface_201,DLNameSettingAtt,Interface to handle the DLNames.,Object,false,2,13,"\IUnknown\, \IDispatch\, \CATBaseUnknown\, \CATBaseDispatch\, \AnyObject\, \SettingController\, \DLNameSettingAtt\",This interface is implemented by a component which represents the controller of the DLNames. This interface defines: A method to set each DLName A method to get the value of each DLName A method to lock/unlock each parameter A method to retrieve the informations concerning each parameter .
interface_202,DMOOffset,Interface to access a CATIADMOOffset.,Object,false,0,0,"\IUnknown\, \IDispatch\, \CATBaseUnknown\, \CATBaseDispatch\, \AnyObject\, \DMOOffset\",Unknown
interface_203,DMOOffsets,Interface to access a CATIADMOOffsets and compute Offsets.,Collection,true,0,8,"\IUnknown\, \IDispatch\, \CATBaseUnknown\, \CATBaseDispatch\, \Collection\, \DMOOffsets\",Unknown
interface_204,DMOThickness,Interface to access a CATIADMOThickness.,Object,true,0,0,"\IUnknown\, \IDispatch\, \CATBaseUnknown\, \CATBaseDispatch\, \AnyObject\, \DMOThickness\",Unknown
interface_205,DMOThicknesses,Interface to access a CATIADMOThicknesses and compute Thicknesses.,Collection,true,0,6,"\IUnknown\, \IDispatch\, \CATBaseUnknown\, \CATBaseDispatch\, \Collection\, \DMOThicknesses\",Unknown
interface_206,DMUDataFlow,Allows the DMU Data Flow Management within the DMU Navigator environment.,Object,false,0,5,"\IUnknown\, \IDispatch\, \CATBaseUnknown\, \CATBaseDispatch\, \AnyObject\, \DMUDataFlow\",Unknown
interface_207,DMUTolSettingAtt,Represents the DMU Tolerancing setting controller object.,Object,false,4,12,"\IUnknown\, \IDispatch\, \CATBaseUnknown\, \CATBaseDispatch\, \AnyObject\, \SettingController\, \DMUTolSettingAtt\",The DMU Tolerancing setting controller object deals with the setting parameters displayed in: The DMU Tolerancing property page for the Related Surface Color and the Design Mode setting parameters. To access this property page: Click the Options command in the Tools menu Click + left of Digital Mockup to unfold the workbench list Click DMU Tolerancing Review The Cgr Management property page for the Save in CGR setting parameter. To access this property page: Click the Options command in the Tools menu Click + left of Infrastructure to unfold the workbench list Click Product Structure Click the Cgr Management property page The Save in CGR setting parameter represents the state of the check button named: Save FTA 3D Annotation representation in CGR. .
interface_208,DNB3DState,,Object,false,0,8,"\IUnknown\, \IDispatch\, \CATBaseUnknown\, \CATBaseDispatch\, \AnyObject\, \DNB3DState\",Unknown
interface_209,DNB3DStateMgmt,,Object,false,0,4,"\IUnknown\, \IDispatch\, \CATBaseUnknown\, \CATBaseDispatch\, \AnyObject\, \DNB3DStateMgmt\",Unknown
interface_210,DNBAttachment,Interface representing xxx.,Object,false,0,6,"\IUnknown\, \IDispatch\, \CATBaseUnknown\, \CATBaseDispatch\, \AnyObject\, \DNBAttachment\","Components that implement DNBIABasicDevice are ... Do not use the DNBIAMRLAttachment interface for such and such ClassReference, Class#MethodReference, #InternalMethod... Method Index GetChildMA Get the Child Manufacturing Assembly of the Attachment GetChild Get the Child Product of the Attachment. GetParentMA Get the Parent Manufacturing Assembly of the Attachment. GetParent Get the Parent Product of the Attachment. IsChildMA Get whether the Child is a Manufacturing Assembly IsParentMA Get whether the Parent is a Manufacturing Assembly Methods o Sub GetChildMA ( activateLink('CATBaseDispatch','CATBaseDispatch') oChildMA ) Get the Child Manufacturing Assembly of the Attachment Parameters: oChildMA This out parameter contains Child Manufacturing Assembly of the Attachment . Returns: HRESULT indicate whether function succeeded. It fails if the Child is not a Manufacturing Assembly o Sub GetChild ( activateLink('Product','Product') oChild ) Get the Child Product of the Attachment. Parameters: oChild This out parameter contains the Child Product . Returns: HRESULT indicate wheth..."
interface_211,DNBAttachmentFactory,Interface representing xxx.,Object,false,0,2,"\IUnknown\, \IDispatch\, \CATBaseUnknown\, \CATBaseDispatch\, \AnyObject\, \DNBAttachmentFactory\","Components that implement DNBIABasicDevice are ... Do not use the DNBIAMRLAttachmentFactory interface for such and such ClassReference, Class#MethodReference, #InternalMethod... Method Index Attach Attach a Product/MA with another Product/MA Remove Remove an attachment. Methods o Sub Attach ( activateLink('CATBaseDispatch','CATBaseDispatch') iParent , activateLink('CATBaseDispatch','CATBaseDispatch') iChild , activateLink('CATBaseDispatch','CATBaseDispatch') oAttachment ) Attach a Product/MA with another Product/MA Parameters: iParent This input parameter contains the Parent product/MA of the attachment to be created iChild This input parameter contains the Child product/MA of the attachment to be created oAttachment This output parameter contains the attachment that is created. Returns: An HRESULT o Sub Remove ( activateLink('CATBaseDispatch','CATBaseDispatch') iAttachment ) Remove an attachment. Parameters: iAttachment This input parameter contains the Attachment to be deleted. Returns: An HRESULT ."
interface_212,DNBFastenerItemServices,,Object,true,0,8,"\IUnknown\, \IDispatch\, \CATBaseUnknown\, \CATBaseDispatch\, \AnyObject\, \DNBFastenerItemServices\",Unknown
interface_213,DOFState,Interface representing a Basic Device from which to get DOFState.,Object,false,0,1,"\IUnknown\, \IDispatch\, \CATBaseUnknown\, \CATBaseDispatch\, \AnyObject\, \DOFState\","This interface is used to interact with devices DOF state that are available in the Device Building workbench. This includes devices created in both V5 and D5. The following code snippet can be used to obtain a device in a CATProduct document. Dim objDevice As DOFState set objDevice = CATIA.ActiveDocument.Product.GetTechnologicalObject(""""DOFState"""") ."
interface_214,DatumSimple,Interface for Simple Datum TPS .,Object,false,2,0,"\IUnknown\, \IDispatch\, \CATBaseUnknown\, \CATBaseDispatch\, \AnyObject\, \DatumSimple\",Unknown
interface_215,DatumTarget,Interface for Datum Target TPS .,Object,false,2,0,"\IUnknown\, \IDispatch\, \CATBaseUnknown\, \CATBaseDispatch\, \AnyObject\, \DatumTarget\",Unknown
interface_216,DefaultAnnotation,This interface is used to get information about default annotation.,Object,false,2,1,"\IUnknown\, \IDispatch\, \CATBaseUnknown\, \CATBaseDispatch\, \AnyObject\, \DefaultAnnotation\",Unknown
interface_217,DesignTable,Represents the DesignTable object.,Object,false,5,5,"\IUnknown\, \IDispatch\, \CATBaseUnknown\, \CATBaseDispatch\, \AnyObject\, \KnowledgeObject\, \KnowledgeActivateObject\, \Relation\, \DesignTable\",Unknown
interface_218,DevAnalysisSettingAtt,Interface to handle parameters of Infrastructure-DELMIA Infrastructure-Device Analysis Tools Options Tab page.,Object,false,8,16,"\IUnknown\, \IDispatch\, \CATBaseUnknown\, \CATBaseDispatch\, \AnyObject\, \SettingController\, \DevAnalysisSettingAtt\",This interface is implemented by a component which represents the controller of Device Analysis Tools Options parameter settings. Methods to set value of each parameter xxx Methods to get value of each parameter xxx Methods to get information on each parameter xxx Methods to lock/unlock value of each parameter xxx Here is the list of parameters to use and their meaning: TravelLimit : defines what behavior you can expect when the DOF travel limits are exeeded. VelocityLimit : defines what behavior you can expect when the DOF speed limits are exeeded. AccelLimit : defines what behavior you can expect when the DOF acceleration limits are exeeded. CautionZone : defines what behavior you can expect when the DOF caution zone limits are exeeded. TravelColor : defines the highlight color to be used when the DOF travel limits are exceeded. VelocityColor : defines the highlight color to be used when the DOF speed limits are exceeded. AccelColor : defines the highlight color to be used when the DOF acceleration limits are exceeded. CautionColor : defines the highlight color to be used when the DOF caution zone limits are exceeded. .
interface_219,DeviceJointRelations,INTERFACE : DNBIADeviceJointRelationsDESCRIPTION This interface allows to assign symbolic kinematic relations to Mechanism joints.,Object,true,0,3,"\IUnknown\, \IDispatch\, \CATBaseUnknown\, \CATBaseDispatch\, \AnyObject\, \DeviceJointRelations\",Unknown
interface_220,Dimension,Represents the dimension parameter.,Object,false,1,1,"\IUnknown\, \IDispatch\, \CATBaseUnknown\, \CATBaseDispatch\, \AnyObject\, \Dimension\",Unknown
interface_221,Dimension3D,,Object,false,0,1,"\IUnknown\, \IDispatch\, \CATBaseUnknown\, \CATBaseDispatch\, \AnyObject\, \Dimension3D\",Unknown
interface_222,DimensionLimit,Represents the limit object of tolerance dimensions.,Object,false,5,2,"\IUnknown\, \IDispatch\, \CATBaseUnknown\, \CATBaseDispatch\, \AnyObject\, \DimensionLimit\",Unknown
interface_223,DimensionPattern,Interface to dimension pattern.,Object,false,1,0,"\IUnknown\, \IDispatch\, \CATBaseUnknown\, \CATBaseDispatch\, \AnyObject\, \DimensionPattern\",Unknown
interface_224,DisconnectionSettingAtt,Represents the base object to handle the parameters of automatic disconnection.,Object,false,2,4,"\IUnknown\, \IDispatch\, \CATBaseUnknown\, \CATBaseDispatch\, \AnyObject\, \SettingController\, \DisconnectionSettingAtt\",Unknown
interface_225,Distance,Represents the Distance object.,Collection,true,13,3,"\IUnknown\, \IDispatch\, \CATBaseUnknown\, \CATBaseDispatch\, \AnyObject\, \Distance\",Unknown
interface_226,Distances,A collection of all Distance objects currently managed by the application.,Collection,true,0,4,"\IUnknown\, \IDispatch\, \CATBaseUnknown\, \CATBaseDispatch\, \Collection\, \Distances\",Unknown
interface_227,Document,Represents the document.,Collection,true,9,12,"\IUnknown\, \IDispatch\, \CATBaseUnknown\, \CATBaseDispatch\, \AnyObject\, \Document\",Unknown
interface_228,DocumentationSettingAtt,Setting controller for the Help property tab page.,Object,false,4,8,"\IUnknown\, \IDispatch\, \CATBaseUnknown\, \CATBaseDispatch\, \AnyObject\, \SettingController\, \DocumentationSettingAtt\",This interface is implemented by a component which represents the controller of the documentation settings.
interface_229,Documents,A collection of all the Document objects currently managed by the application.,Collection,true,0,5,"\IUnknown\, \IDispatch\, \CATBaseUnknown\, \CATBaseDispatch\, \Collection\, \Documents\",Unknown
interface_230,Draft,Represents the draft shape.,Collection,true,3,0,"\IUnknown\, \IDispatch\, \CATBaseUnknown\, \CATBaseDispatch\, \AnyObject\, \Draft\",Unknown
interface_231,DraftDomain,Represents the draft domain.,Collection,true,6,5,"\IUnknown\, \IDispatch\, \CATBaseUnknown\, \CATBaseDispatch\, \AnyObject\, \DraftDomain\",Unknown
interface_232,DraftDomains,The collection of draft domains used by the draft shape.,Collection,true,0,1,"\IUnknown\, \IDispatch\, \CATBaseUnknown\, \CATBaseDispatch\, \Collection\, \DraftDomains\",Unknown
interface_233,DraftingPageSetup,Represents the page setup for the drawing documents.,Object,false,3,0,"\IUnknown\, \IDispatch\, \CATBaseUnknown\, \CATBaseDispatch\, \AnyObject\, \PageSetup\, \DraftingPageSetup\",Unknown
interface_234,DraftingSettingAtt,Manages drafting settings.,Object,false,13,20,"\IUnknown\, \IDispatch\, \CATBaseUnknown\, \CATBaseDispatch\, \AnyObject\, \SettingController\, \DraftingSettingAtt\",Unknown
interface_235,DrawingArrow,Represents a drawing arrow in a drawing view.,Object,false,6,8,"\IUnknown\, \IDispatch\, \CATBaseUnknown\, \CATBaseDispatch\, \AnyObject\, \DrawingArrow\",Unknown
interface_236,DrawingArrows,A collection of all the drawing arrows currently managed by a drawing view of drawing sheet in a drawing document.,Collection,true,0,3,"\IUnknown\, \IDispatch\, \CATBaseUnknown\, \CATBaseDispatch\, \Collection\, \DrawingArrows\",Unknown
interface_237,DrawingComponent,Represents a drawing component instance in a drawing view.,Object,false,3,10,"\IUnknown\, \IDispatch\, \CATBaseUnknown\, \CATBaseDispatch\, \AnyObject\, \DrawingComponent\",Unknown
interface_238,DrawingComponents,A collection of all the drawing components currently managed by a drawing view of drawing sheet in a drawing document.,Collection,true,0,3,"\IUnknown\, \IDispatch\, \CATBaseUnknown\, \CATBaseDispatch\, \Collection\, \DrawingComponents\",Unknown
interface_239,DrawingDimExtLine,Manages extension lines of a dimension in drawing view.,Object,false,4,12,"\IUnknown\, \IDispatch\, \CATBaseUnknown\, \CATBaseDispatch\, \AnyObject\, \DrawingDimExtLine\",Unknown
interface_240,DrawingDimLine,Manages dimension line of a dimension in drawing view.,Object,false,7,8,"\IUnknown\, \IDispatch\, \CATBaseUnknown\, \CATBaseDispatch\, \AnyObject\, \DrawingDimLine\",Unknown
interface_241,DrawingDimValue,Manages dimension value of a dimension in drawing view.,Object,false,5,19,"\IUnknown\, \IDispatch\, \CATBaseUnknown\, \CATBaseDispatch\, \AnyObject\, \DrawingDimValue\",Unknown
interface_242,DrawingDimension,Represents a drawing dimension in a Drawing view.,Collection,true,15,11,"\IUnknown\, \IDispatch\, \CATBaseUnknown\, \CATBaseDispatch\, \AnyObject\, \DrawingDimension\",Unknown
interface_243,DrawingDimensions,A collection of all the drawing dimensions currently managed by a drawing view of drawing sheet in a drawing document.,Collection,true,0,4,"\IUnknown\, \IDispatch\, \CATBaseUnknown\, \CATBaseDispatch\, \Collection\, \DrawingDimensions\",Unknown
interface_244,DrawingDocument,Represents the Document object for drawings.,Collection,true,5,2,"\IUnknown\, \IDispatch\, \CATBaseUnknown\, \CATBaseDispatch\, \AnyObject\, \Document\, \DrawingDocument\",Unknown
interface_245,DrawingLeader,Represents a drawing leader in a drawing view.,Object,false,6,8,"\IUnknown\, \IDispatch\, \CATBaseUnknown\, \CATBaseDispatch\, \AnyObject\, \DrawingLeader\",Unknown
interface_246,DrawingLeaders,A collection of all the drawing leaders currently managed by a drawing view of drawing sheet in a drawing document.,Collection,true,0,3,"\IUnknown\, \IDispatch\, \CATBaseUnknown\, \CATBaseDispatch\, \Collection\, \DrawingLeaders\",Unknown
interface_247,DrawingPageSetup,Represents the page setup for the drawing documents.,Object,false,3,0,"\IUnknown\, \IDispatch\, \CATBaseUnknown\, \CATBaseDispatch\, \AnyObject\, \PageSetup\, \DrawingPageSetup\",Unknown
interface_248,DrawingPicture,Represents a drawing picture in a drawing view.,Object,false,8,2,"\IUnknown\, \IDispatch\, \CATBaseUnknown\, \CATBaseDispatch\, \AnyObject\, \DrawingPicture\",Unknown
interface_249,DrawingPictures,A collection of all the drawing pictures currently managed by a drawing view of drawing sheet in a drawing document.,Collection,true,0,3,"\IUnknown\, \IDispatch\, \CATBaseUnknown\, \CATBaseDispatch\, \Collection\, \DrawingPictures\",Unknown
interface_250,DrawingRoot,Represents the drawing object in drawing documents. Warning.,Collection,true,5,3,"\IUnknown\, \IDispatch\, \CATBaseUnknown\, \CATBaseDispatch\, \AnyObject\, \DrawingRoot\",Unknown
interface_251,DrawingSheet,Represents a drawing sheet of the drawing document.,Collection,true,9,14,"\IUnknown\, \IDispatch\, \CATBaseUnknown\, \CATBaseDispatch\, \AnyObject\, \DrawingSheet\",Unknown
interface_252,DrawingSheets,A collection of all the drawing sheets currently managed by the drawing document. Warning.,Collection,true,1,4,"\IUnknown\, \IDispatch\, \CATBaseUnknown\, \CATBaseDispatch\, \Collection\, \DrawingSheets\",Unknown
interface_253,DrawingTable,Represents a drawing table in a drawing view.,Collection,true,6,20,"\IUnknown\, \IDispatch\, \CATBaseUnknown\, \CATBaseDispatch\, \AnyObject\, \DrawingTable\",Unknown
interface_254,DrawingTables,A collection of all the drawing tables currently managed by a drawing view of drawing sheet in a drawing document.,Collection,true,0,3,"\IUnknown\, \IDispatch\, \CATBaseUnknown\, \CATBaseDispatch\, \Collection\, \DrawingTables\",Unknown
interface_255,DrawingText,Represents a drawing text in a drawing view.,Collection,true,8,10,"\IUnknown\, \IDispatch\, \CATBaseUnknown\, \CATBaseDispatch\, \AnyObject\, \DrawingText\",Unknown
interface_256,DrawingTextProperties,Represents the properties of a drawing text in a drawing view.,Object,true,15,2,"\IUnknown\, \IDispatch\, \CATBaseUnknown\, \CATBaseDispatch\, \DrawingTextProperties\",Unknown
interface_257,DrawingTextRange,"Represents a drawing text range, or contiguous area, in a drawing text.",Object,false,4,3,"\IUnknown\, \IDispatch\, \CATBaseUnknown\, \CATBaseDispatch\, \DrawingTextRange\",Unknown
interface_258,DrawingTexts,A collection of all the drawing texts currently managed by a drawing view of drawing sheet in a drawing document.,Collection,true,0,3,"\IUnknown\, \IDispatch\, \CATBaseUnknown\, \CATBaseDispatch\, \Collection\, \DrawingTexts\",Unknown
interface_259,DrawingThread,Represents a drawing thread in a drawing view.,Collection,true,1,1,"\IUnknown\, \IDispatch\, \CATBaseUnknown\, \CATBaseDispatch\, \AnyObject\, \DrawingThread\",Unknown
interface_260,DrawingThreads,A collection of all the drawing threads currently managed by a drawing view of drawing sheet in a drawing document.,Collection,true,0,3,"\IUnknown\, \IDispatch\, \CATBaseUnknown\, \CATBaseDispatch\, \Collection\, \DrawingThreads\",Unknown
interface_261,DrawingView,Represents a drawing view in a drawing sheet.,Collection,true,15,11,"\IUnknown\, \IDispatch\, \CATBaseUnknown\, \CATBaseDispatch\, \AnyObject\, \DrawingView\",Unknown
interface_262,DrawingViewGenerativeBehavior,Represents the generative behavior of a drawing view.,Collection,true,10,20,"\IUnknown\, \IDispatch\, \CATBaseUnknown\, \CATBaseDispatch\, \DrawingViewGenerativeBehavior\",Unknown
interface_263,DrawingViewGenerativeLinks,Represents the generative links of a drawing view.,Object,true,0,5,"\IUnknown\, \IDispatch\, \CATBaseUnknown\, \CATBaseDispatch\, \DrawingViewGenerativeLinks\",Unknown
interface_264,DrawingViews,A collection of all the drawing views currently managed by a drawing sheet in a drawing document. Warning.,Collection,true,1,3,"\IUnknown\, \IDispatch\, \CATBaseUnknown\, \CATBaseDispatch\, \Collection\, \DrawingViews\",Unknown
interface_265,DrawingWelding,Represents a drawing welding in a drawing view.,Collection,true,6,7,"\IUnknown\, \IDispatch\, \CATBaseUnknown\, \CATBaseDispatch\, \AnyObject\, \DrawingWelding\",Unknown
interface_266,DrawingWeldings,A collection of all the drawing weldings currently managed by a drawing view of drawing sheet in a drawing document.,Collection,true,0,3,"\IUnknown\, \IDispatch\, \CATBaseUnknown\, \CATBaseDispatch\, \Collection\, \DrawingWeldings\",Unknown
interface_267,DressUpShape,Represents the shapes built with other shape sub-elements such as faces or edges.,Object,false,0,0,"\IUnknown\, \IDispatch\, \CATBaseUnknown\, \CATBaseDispatch\, \AnyObject\, \Shape\, \DressUpShape\",Unknown
interface_268,Dressup,Interface to access the Dressup object.,Object,false,2,3,"\IUnknown\, \IDispatch\, \CATBaseUnknown\, \CATBaseDispatch\, \AnyObject\, \Dressup\",Unknown
interface_269,Dressups,A collection of all Dressup entities currently managed by the application.,Collection,true,0,5,"\IUnknown\, \IDispatch\, \CATBaseUnknown\, \CATBaseDispatch\, \Collection\, \Dressups\",Unknown
interface_270,DynLicenseSettingAtt,Interface to handle the dynamic licensing settings.,Object,false,0,6,"\IUnknown\, \IDispatch\, \CATBaseUnknown\, \CATBaseDispatch\, \AnyObject\, \SettingController\, \DynLicenseSettingAtt\","This interface is implemented by a component which represents the controller of the dynamic Licenses. To access this property page: Click the Options command in the Tools menu Click General Click the Shareable Products Property Page This interface defines: A method to lock/unlock each parameter A method to retrieve the information concerning each parameter Note that when a license is selected, no information is written in the settings, only the lock status is written in the settings. Method Index GetLicenseInfo Retrieves the state of a given License. GetLicense The method is not relevant for the settings. GetLicensesListInfo Retrieves information about the LicensesList setting locking state (global lock for the LicensesList). GetLicensesList Retrieves the List of the Licenses. SetLicenseLock Locks or unlocks the License setting parameter. SetLicensesListLock Locks or unlocks the LicensesList setting parameter. Methods o Func GetLicenseInfo ( activateLink('CATBSTR','CATBSTR') iLicense , activateLink('CATBSTR','CATBSTR') ioAdminLevel , activateLink('CATBSTR','CATBSTR') ioLocked ) As activateLink('boolean','boolean') ..."
interface_271,E5Property,Interface to access object properties. Note.,Object,false,0,8,"\IUnknown\, \IDispatch\, \CATBaseUnknown\, \CATBaseDispatch\, \AnyObject\, \E5Property\","This interface allow user to access and edit properties for those V5 objects who were loaded from E5. Note For Mapped attributes implementation will access V5 Model Object. For unmapped attributes Implementation will access them in PPR Server. This interface expect caller to use attribute name define in PPPR server for example caller should use """"note"""" to access Description . Set calls will succeed only if user has editing privileges for that object. Method Index GetBooleanAttribute This gets an CATBoolean Attribute value of an input Object GetDoubleAttribute This gets a Double Attribute value of an input Object GetLongAttribute This gets a Long Attribute value of an input Object GetStringAttribute This gets a String Attribute value of an input Object SetBooleanAttribute This sets an CATBoolean Attribute value to an input Object SetDoubleAttribute This sets a Double Attribute value to an input Object SetLongAttribute This sets a Long Attribute value to an input Object SetStringAttribute This sets a String Attribute value to an input Object Methods o Func GetBooleanAttribute ( activateLink('CATBSTR','CATBSTR') iAttrName ) As activateLink('boolean','boolean') This gets an CATBoolean ..."
interface_272,EHMInsertionActPlugMapViewData,Interface to access Plug Map view data associated to an Insertion activity.,Object,false,15,0,"\IUnknown\, \IDispatch\, \CATBaseUnknown\, \CATBaseDispatch\, \AnyObject\, \Activity\, \EHMInsertionActPlugMapViewData\","Component that implement DNBIAEHMInsertionActPlugMapViewData is DNBEHMModel. When using DNBIAEHMInsertionActPlugMapViewData interface in C++, query from interface DNBIEHMInsertionActivity. When using from VB Script, use GetTechnologicalObject to get handle to interface. PlugMap Data consists of 2 parts namely Connector data &amp; inserted wires data. To get data about inserted wires, first get the number of wires using method get_NumInsertedWires, then set index of wire using put_WireID and then access information about that wire. Please note that default returned string for all PROPERTY of type CATBSTR is """"UnSet"""". Sample Code in VB Script is as given below '---- InsertionAct is activity for Plug Map view data. Dim InsertionAct As Activity Set InsertionAct = get activity DNBEHMInsertionAct.1 Set PlugMapData = InsertionAct.GetTechnologicalObject( """"EHMInsertionActPlugMapViewData"""" ) Dim ConnectorName As String ConnectorName = PlugMapData.ConnectorName Dim NumInsertedWires, ii As Integer NumInsertedWires = PlugMapData.NumInsertedWires Dim TerminationName, WireName, ContactName As String For ii = 1 to NumInsertedWires PlugMapData.WireID = ii TerminationName = PlugMapData.TerminationName WireName = PlugMapData.WireName Next Property Index ConnectorName Gets ConnectorName. ConnectorPartNumber Gets Connector Part Number. ConnectorRefDesignator Gets Connector Reference Designator. ConnectorSubType Gets Connector Sub Type. ConnectorType Gets Connector Type. ContactElecBarrelDiameter Gets Contact Elec B..."
interface_273,EHSUpdateSmoothnessFactor,Interface representing xxx.,Object,false,0,1,"\IUnknown\, \IDispatch\, \CATBaseUnknown\, \CATBaseDispatch\, \AnyObject\, \EHSUpdateSmoothnessFactor\","Components that implement DNBIAEHSUpdateSmoothnessFactor are ... Do not use the DNBIAEHSUpdateSmoothnessFactor interface for such and such ClassReference, Class#MethodReference, #InternalMethod... Method Index UpdateBundleSmoothness Sets Smoothness Factor for Bundle segment. Methods o Sub UpdateBundleSmoothness ( activateLink('short','short') iSmoothnessFactor ) Sets Smoothness Factor for Bundle segment. Parameters: iSmoothnessFactor the input smoothness factor. Returns: An HRESULT Legal values : S_OK if the Property is returned successfully. E_FAIL otherwise . ."
interface_274,EKPServices,Interface to assign and remove Engineering Requirements to and from an activity.,Object,true,0,5,"\IUnknown\, \IDispatch\, \CATBaseUnknown\, \CATBaseDispatch\, \AnyObject\, \EKPServices\",Unknown
interface_275,Edge,1-D boundary. See also:.,Object,false,0,0,"\IUnknown\, \IDispatch\, \CATBaseUnknown\, \CATBaseDispatch\, \AnyObject\, \Reference\, \Boundary\, \Edge\","This Boundary object may be, for example, the edge of a cylinder. You will create an Edge object using the Shapes.GetBoundary HybridShapes.GetBoundary Sketches.GetBoundary or Selection.SelectElement2 method. Then, you pass it to the operator (such as HybridShapeFactory.AddNewPointTangent ). The lifetime of an Edge object is limited, see Boundary See also: TriDimFeatEdge RectilinearTriDimFeatEdge BiDimFeatEdge RectilinearBiDimFeatEdge MonoDimFeatEdge RectilinearMonoDimFeatEdge @sample Example: This example asks the end user to select a planar curve, whose plane is parallel to the XY plane. Then, it creates a point on the tangent to the curve in the X direction: Dim InputObjectType(0) Set Document = CATIA.ActiveDocument Set Selection = Document.Selection Set HybridBodies = Document.Part.HybridBodies Set HybridBody = HybridBodies.Item(""""Geometrical Set.1"""") 'We propose to the user that he select a planar curve whose plane is parallel to the XY plane InputObjectType(0)=""""Edge"""" Status..."
interface_276,EdgeFillet,Represents the edges-based fillet shape.,Collection,true,2,2,"\IUnknown\, \IDispatch\, \CATBaseUnknown\, \CATBaseDispatch\, \AnyObject\, \Shape\, \DressUpShape\, \Fillet\, \EdgeFillet\",Unknown
interface_277,ElecSchWire,For technical electrical wire attributes.,Object,false,1,0,"\IUnknown\, \IDispatch\, \CATBaseUnknown\, \CATBaseDispatch\, \AnyObject\, \ElecSchWire\",Unknown
interface_278,ElecSchematicObject,Represents the electrical schematic objects.,Collection,true,6,1,"\IUnknown\, \IDispatch\, \CATBaseUnknown\, \CATBaseDispatch\, \AnyObject\, \Product\, \ElecSchematicObject\",Unknown
interface_279,Ellipse2D,Class defining an ellipse in 2D Space.,Object,false,3,4,"\IUnknown\, \IDispatch\, \CATBaseUnknown\, \CATBaseDispatch\, \AnyObject\, \GeometricElement\, \Geometry2D\, \Curve2D\, \Ellipse2D\",Unknown
interface_280,EnumParam,Represents the enum parameter.,Object,false,1,0,"\IUnknown\, \IDispatch\, \CATBaseUnknown\, \CATBaseDispatch\, \AnyObject\, \Parameter\, \EnumParam\",Unknown
interface_281,EnvelopCondition,Interface for accessing Envelop Condition modifier on a TPS.,Object,false,1,0,"\IUnknown\, \IDispatch\, \CATBaseUnknown\, \CATBaseDispatch\, \AnyObject\, \EnvelopCondition\",Unknown
interface_282,ErrorlogStatisticsSettingAtt,Interface for Errorlog statistic Controler.,Object,false,8,0,"\IUnknown\, \IDispatch\, \CATBaseUnknown\, \CATBaseDispatch\, \AnyObject\, \SettingController\, \GeneralStatisticsSettingAtt\, \ErrorlogStatisticsSettingAtt\","the errorlog statistics controler manages the values of all or only a part of the attributes available for the thematic. For the definitions of methods and variables common to every thematic, see the GeneralStatisticsSettingAtt ."
interface_283,ExpertCheck,Represents the edition part of a check.,Object,false,3,0,"\IUnknown\, \IDispatch\, \CATBaseUnknown\, \CATBaseDispatch\, \AnyObject\, \ExpertRuleBaseComponentRuntime\, \ExpertCheck\",Unknown
interface_284,ExpertCheckRuntime,Runtime part of a check.,Object,false,10,3,"\IUnknown\, \IDispatch\, \CATBaseUnknown\, \CATBaseDispatch\, \AnyObject\, \ExpertRuleBaseComponentRuntime\, \ExpertCheckRuntime\",Unknown
interface_285,ExpertReportObject,Represents the ExpertReportObject object.,Collection,true,1,2,"\IUnknown\, \IDispatch\, \CATBaseUnknown\, \CATBaseDispatch\, \AnyObject\, \ExpertReportObject\",Unknown
interface_286,ExpertReportObjects,Represents the collection of report objects.,Collection,true,2,3,"\IUnknown\, \IDispatch\, \CATBaseUnknown\, \CATBaseDispatch\, \Collection\, \ExpertReportObjects\",Unknown
interface_287,ExpertRule,Represents the edition part of a rule.,Object,false,3,0,"\IUnknown\, \IDispatch\, \CATBaseUnknown\, \CATBaseDispatch\, \AnyObject\, \ExpertRule\",Unknown
interface_288,ExpertRuleBase,Represents the RuleBase object that can be edited.,Object,false,0,1,"\IUnknown\, \IDispatch\, \CATBaseUnknown\, \CATBaseDispatch\, \AnyObject\, \ExpertRuleBase\",Unknown
interface_289,ExpertRuleBaseComponentRuntime,Represents a rule base component in a ruleset.,Object,false,1,7,"\IUnknown\, \IDispatch\, \CATBaseUnknown\, \CATBaseDispatch\, \AnyObject\, \ExpertRuleBaseComponentRuntime\",Unknown
interface_290,ExpertRuleBaseComponentRuntimes,Represents the collection of ExpertRuleBase components.,Collection,true,0,5,"\IUnknown\, \IDispatch\, \CATBaseUnknown\, \CATBaseDispatch\, \Collection\, \ExpertRuleBaseComponentRuntimes\",Unknown
interface_291,ExpertRuleBaseRuntime,Represents the Runtime part of the RuleBase.,Object,false,8,13,"\IUnknown\, \IDispatch\, \CATBaseUnknown\, \CATBaseDispatch\, \AnyObject\, \KnowledgeObject\, \KnowledgeActivateObject\, \Relation\, \ExpertRuleBaseRuntime\",Unknown
interface_292,ExpertRuleRuntime,Represents the ExpertRuleRuntime object.,Object,false,2,0,"\IUnknown\, \IDispatch\, \CATBaseUnknown\, \CATBaseDispatch\, \AnyObject\, \ExpertRuleBaseComponentRuntime\, \ExpertRuleRuntime\",Unknown
interface_293,ExpertRuleSet,Represents the ExpertRuleSet object which is the editable part of a RuleSet or a RuleBase.,Object,false,0,3,"\IUnknown\, \IDispatch\, \CATBaseUnknown\, \CATBaseDispatch\, \AnyObject\, \ExpertRuleBaseComponentRuntime\, \ExpertRuleSet\",Unknown
interface_294,ExpertRuleSetRuntime,Represents the ExpertRuleSet object in the RelationSet.,Object,false,2,1,"\IUnknown\, \IDispatch\, \CATBaseUnknown\, \CATBaseDispatch\, \AnyObject\, \ExpertRuleBaseComponentRuntime\, \ExpertRuleSetRuntime\",Unknown
interface_295,Export3DXmlSettingAtt,Represents a setting controller for the 3D XML export settings.,Object,false,12,20,"\IUnknown\, \IDispatch\, \CATBaseUnknown\, \CATBaseDispatch\, \AnyObject\, \SettingController\, \Export3DXmlSettingAtt\",This interface is implemented by a component which represents the controller of the 3D XML export settings.
interface_296,FASReportingSettingAtt,The interface to access a DNBIAFASReportingSettingAtt.,Object,false,6,12,"\IUnknown\, \IDispatch\, \CATBaseUnknown\, \CATBaseDispatch\, \AnyObject\, \SettingController\, \FASReportingSettingAtt\",Unknown
interface_297,FTAInfraSettingAtt,Represents the FT&A infrastructure setting controller object.,Object,false,15,20,"\IUnknown\, \IDispatch\, \CATBaseUnknown\, \CATBaseDispatch\, \AnyObject\, \SettingController\, \FTAInfraSettingAtt\","The FT&A infrastructure setting controller object deals with the setting parameters displayed in: The Tolerancing property page for the Tolerancing Standard and the Leader Associativity setting parameters. To access this property page: Click the Options command in the Tools menu Click + left of Mechanical Design to unfold the workbench list Click Functional Tolerancing &amp; Annotation Click Tolerancing The Display property page for the Grid Display, the Grid Snap Point, the Allow Distorsions, the Grid Primary Spacing, the Grid Secondary Step, the GridV Primary Spacing, the GridV Secondary Step, the Under Set Tree Visu, the Under View Tree Visu, and the Under Feature Tree Visu setting parameters. To access this property page: Click the Options command in the Tools menu Click + left of Mechanical Design to unfold the workbench list Click Functional Tolerancing &amp; Annotation Click Display The Manipulators property page for the Manipulator Reference Size, the Manipulator Zoom Capability, and the Move After Creation, setting parameters. To access this property page: Click the Options command in the Tools menu Click + left of Mechanical Design to unfold the workbench list Click Functional Tolerancing &amp; Annotation Click Manipulators The View/Annotation Plane property page for the View Associativity, the View Referential, the View Referential Zoomable, and the View Profile setting parameters. To access this property page: Click the Options command in the Tools menu Click + left of Mechanical Design to unfold the workbench list Click Functional Tolerancing &amp; Annotation Click View/Annotation Plane T..."
interface_298,FTASettingAtt,The interface to access a CATIAFTASettingAtt.,Object,false,15,20,"\IUnknown\, \IDispatch\, \CATBaseUnknown\, \CATBaseDispatch\, \AnyObject\, \SettingController\, \FTASettingAtt\",Unknown
interface_299,Face,2-D boundary. See also:.,Object,false,0,0,"\IUnknown\, \IDispatch\, \CATBaseUnknown\, \CATBaseDispatch\, \AnyObject\, \Face\","This Boundary object may be, for example, the lateral face of cylinder. You will create a Face object using the Shapes.GetBoundary HybridShapes.GetBoundary Sketches.GetBoundary or Selection.SelectElement2 method. Then, you pass it to the operator (such as ShapeFactory.AddNewFaceFillet ). The lifetime of a Face object is limited, see Boundary See also: PlanarFace CylindricalFace @sample Example: This example asks the end user to select two faces, and creates a face-face fillet on these faces: Dim InputObjectType(0) Set Document = CATIA.ActiveDocument Set Selection = Document.Selection 'We propose to the user that he select the first face InputObjectType(0)=""""Face"""" Status=Selection.SelectElement2(InputObjectType,""""Select the first face"""",true) if (Status = """"cancel"""") then Exit Sub Set FirstFace = Selection.Item(1).Value Selection.Clear 'We propose to the user that he select the second face InputObjectType(0)=""""Face"""" Status=Selection.SelectElement2(InputObjectType,""""Select the second face"""",true) if (Status = """"cancel"""") then Exit Sub Set SecondFace = Selection.Item(1).Value Set FaceFillet = ShapeFactory.AddNewFaceFillet(FirstFace,SecondFace,5.0) Document.Part.Update ."
interface_300,FaceFillet,Represents the face fillet shape.,Object,false,3,0,"\IUnknown\, \IDispatch\, \CATBaseUnknown\, \CATBaseDispatch\, \AnyObject\, \Shape\, \DressUpShape\, \Fillet\, \FaceFillet\",Unknown
interface_301,Factory,Abstract object gathering behaviours of all objects being a factory.,Object,false,0,0,"\IUnknown\, \IDispatch\, \CATBaseUnknown\, \CATBaseDispatch\, \AnyObject\, \Factory\",Unknown
interface_302,Factory2D,Interface to the factory for 2D objects.,Object,false,0,15,"\IUnknown\, \IDispatch\, \CATBaseUnknown\, \CATBaseDispatch\, \AnyObject\, \Factory2D\",Unknown
interface_303,Fastener,Interface DELMIAFastener DELMIAFastener represent body in white fasteners of both types point and curve.,Object,false,2,1,"\IUnknown\, \IDispatch\, \CATBaseUnknown\, \CATBaseDispatch\, \AnyObject\, \Fastener\",Unknown
interface_304,FastenerGroup,,Object,false,3,7,"\IUnknown\, \IDispatch\, \CATBaseUnknown\, \CATBaseDispatch\, \AnyObject\, \FastenerGroup\",Unknown
interface_305,FastenerSet,Interface DELMIAFasteners DELMIAFasteners represent collection of fasteners of both types point and curve.,Collection,true,0,1,"\IUnknown\, \IDispatch\, \CATBaseUnknown\, \CATBaseDispatch\, \Collection\, \FastenerSet\",Unknown
interface_306,FastenerWorkBench,Interface DELMIAFastenerWorkBench It is a utility class to get fasteners and groups from document.,Object,false,0,6,"\IUnknown\, \IDispatch\, \CATBaseUnknown\, \CATBaseDispatch\, \AnyObject\, \FastenerWorkBench\",Unknown
interface_307,FeatureGenerator,The interface to access a CATIAFeatureGenerator.,Object,false,2,3,"\IUnknown\, \IDispatch\, \CATBaseUnknown\, \CATBaseDispatch\, \AnyObject\, \FeatureGenerator\",Unknown
interface_308,File,Represents the file object.,Object,false,2,1,"\IUnknown\, \IDispatch\, \CATBaseUnknown\, \CATBaseDispatch\, \AnyObject\, \File\",The file object allows to manipulate files with UNIX and Windows. Use it instead of the one of Visual Basic to make portable macros. Its gives access to information about the file and can open a file as a TextStream object.
interface_309,FileAccessStatisticsSettingAtt,Interface for FileAccess statistic ControlerRole: the FileAccess statistics controler manages the values of all or only a part of the attributes available for the thematic.,Object,false,0,0,"\IUnknown\, \IDispatch\, \CATBaseUnknown\, \CATBaseDispatch\, \AnyObject\, \SettingController\, \GeneralStatisticsSettingAtt\, \FileAccessStatisticsSettingAtt\",Unknown
interface_310,FileComponent,Represents the file object.,Object,false,2,0,"\IUnknown\, \IDispatch\, \CATBaseUnknown\, \CATBaseDispatch\, \AnyObject\, \FileComponent\",The file object allows to manipulate files with UNIX and Windows. Use it instead of the one of Visual Basic to make portable macros. Its gives access to information about the file and can open a file as a TextStream object.
interface_311,FileSystem,Represents the file system object.,Object,false,3,11,"\IUnknown\, \IDispatch\, \CATBaseUnknown\, \CATBaseDispatch\, \AnyObject\, \FileSystem\","The file system object allows you to access and manipulate folders and files. It can check the existence of, get, create, delete, or copy folders and files. See also: Folder , File ."
interface_312,Files,A collection of all the file objects in a folder.,Collection,true,0,1,"\IUnknown\, \IDispatch\, \CATBaseUnknown\, \CATBaseDispatch\, \Collection\, \Files\",Unknown
interface_313,Fillet,Represents the fillet shape.,Object,false,2,0,"\IUnknown\, \IDispatch\, \CATBaseUnknown\, \CATBaseDispatch\, \AnyObject\, \HybridShape\, \Fillet\",Unknown
interface_314,FittingSettingAtt,Interface to handle parameters of DMU Fitting Tools Options Tab pageRole: This interface is implemented by a component which represents the controller of DMU Fitting Tools Options parameter settings.,Object,false,8,16,"\IUnknown\, \IDispatch\, \CATBaseUnknown\, \CATBaseDispatch\, \AnyObject\, \SettingController\, \FittingSettingAtt\",Unknown
interface_315,FixTogether,The object that manages a sequence of products or fixTogethers.,Collection,true,2,6,"\IUnknown\, \IDispatch\, \CATBaseUnknown\, \CATBaseDispatch\, \AnyObject\, \FixTogether\",Unknown
interface_316,FixTogethers,A collection of all the FixTogether objects contained in the product.,Collection,true,0,3,"\IUnknown\, \IDispatch\, \CATBaseUnknown\, \CATBaseDispatch\, \Collection\, \FixTogethers\",Unknown
interface_317,FlagNote,Interface for the TPS Flag Note object.,Object,false,2,5,"\IUnknown\, \IDispatch\, \CATBaseUnknown\, \CATBaseDispatch\, \AnyObject\, \FlagNote\",Unknown
interface_318,Folder,Represents the folder object.,Collection,true,2,0,"\IUnknown\, \IDispatch\, \CATBaseUnknown\, \CATBaseDispatch\, \AnyObject\, \FileComponent\, \Folder\",Unknown
interface_319,Folders,The folders object belongs to a folder.,Collection,true,0,1,"\IUnknown\, \IDispatch\, \CATBaseUnknown\, \CATBaseDispatch\, \Collection\, \Folders\",Unknown
interface_320,Formula,Represents the formula relation.,Object,false,0,0,"\IUnknown\, \IDispatch\, \CATBaseUnknown\, \CATBaseDispatch\, \AnyObject\, \KnowledgeObject\, \KnowledgeActivateObject\, \Relation\, \Formula\",Unknown
interface_321,FreeParameter,Interface to access a CATIAFreeParameter.,Object,false,4,0,"\IUnknown\, \IDispatch\, \CATBaseUnknown\, \CATBaseDispatch\, \AnyObject\, \FreeParameter\",Unknown
interface_322,FreeParameters,Interface to access a CATIAFreeParameters.,Collection,true,0,3,"\IUnknown\, \IDispatch\, \CATBaseUnknown\, \CATBaseDispatch\, \Collection\, \FreeParameters\",Unknown
interface_323,FreeSpace,Interface to access a CATIAFreeSpace.,Object,false,1,1,"\IUnknown\, \IDispatch\, \CATBaseUnknown\, \CATBaseDispatch\, \AnyObject\, \FreeSpace\",Unknown
interface_324,FreeSpaces,Interface to compute Free Spaces.,Collection,true,0,6,"\IUnknown\, \IDispatch\, \CATBaseUnknown\, \CATBaseDispatch\, \Collection\, \FreeSpaces\",Unknown
interface_325,FreeState,Interface for accessing Free State modifier on a TPS.,Object,false,1,0,"\IUnknown\, \IDispatch\, \CATBaseUnknown\, \CATBaseDispatch\, \AnyObject\, \FreeState\",Unknown
interface_326,FunctActionsGroup,The interface to access a group of functional actions in a system.,Object,false,1,6,"\IUnknown\, \IDispatch\, \CATBaseUnknown\, \CATBaseDispatch\, \AnyObject\, \FunctActionsGroup\",Unknown
interface_327,FunctActionsGroups,The interface to access the groups of functional actions in a system.,Collection,true,0,3,"\IUnknown\, \IDispatch\, \CATBaseUnknown\, \CATBaseDispatch\, \Collection\, \FunctActionsGroups\",Unknown
interface_328,FunctAssociation,The interface to access a Functional Association.,Object,false,1,4,"\IUnknown\, \IDispatch\, \CATBaseUnknown\, \CATBaseDispatch\, \AnyObject\, \FunctAssociation\",Unknown
interface_329,FunctAssociations,The interface to access a set of Functional Associations.,Collection,true,0,3,"\IUnknown\, \IDispatch\, \CATBaseUnknown\, \CATBaseDispatch\, \Collection\, \FunctAssociations\",Unknown
interface_330,FunctFacetManagers,Represents the Functional Facet's Managers.,Collection,true,0,1,"\IUnknown\, \IDispatch\, \CATBaseUnknown\, \CATBaseDispatch\, \Collection\, \FunctFacetManagers\",Unknown
interface_331,FunctGenScriptMgr,The interface to access a Functional GenerativeScripts manager.,Collection,true,2,0,"\IUnknown\, \IDispatch\, \CATBaseUnknown\, \CATBaseDispatch\, \AnyObject\, \FunctionalFacet\, \FunctGenScriptMgr\",Unknown
interface_332,FunctMultiRepMgr,The interface to access a Functional Multi-Rep manager.,Collection,true,2,0,"\IUnknown\, \IDispatch\, \CATBaseUnknown\, \CATBaseDispatch\, \AnyObject\, \FunctionalFacet\, \FunctMultiRepMgr\",Unknown
interface_333,FunctNodeGraphLayout,Represents a CATIAFunctNodeGraphLayout.,Object,false,2,1,"\IUnknown\, \IDispatch\, \CATBaseUnknown\, \CATBaseDispatch\, \AnyObject\, \FunctionalFacet\, \FunctNodeGraphLayout\",Unknown
interface_334,FunctScript,The interface to access a Functional Script.,Object,false,1,0,"\IUnknown\, \IDispatch\, \CATBaseUnknown\, \CATBaseDispatch\, \AnyObject\, \FunctScript\",Unknown
interface_335,FunctScripts,The interface to access a set of Functional Scripts.,Collection,true,0,3,"\IUnknown\, \IDispatch\, \CATBaseUnknown\, \CATBaseDispatch\, \Collection\, \FunctScripts\",Unknown
interface_336,FunctionalAction,The interface to access a Functional Action.,Object,false,4,5,"\IUnknown\, \IDispatch\, \CATBaseUnknown\, \CATBaseDispatch\, \AnyObject\, \FunctionalElement\, \FunctionalAction\",Unknown
interface_337,FunctionalActions,The interface to access a collection of FunctionalActions.,Collection,true,0,3,"\IUnknown\, \IDispatch\, \CATBaseUnknown\, \CATBaseDispatch\, \Collection\, \FunctionalActions\",Unknown
interface_338,FunctionalDescription,The interface to access a Functional Description.,Collection,true,4,6,"\IUnknown\, \IDispatch\, \CATBaseUnknown\, \CATBaseDispatch\, \AnyObject\, \FunctionalElement\, \FunctionalDescription\",Unknown
interface_339,FunctionalDocument,Represents a Functional Document.,Object,false,3,0,"\IUnknown\, \IDispatch\, \CATBaseUnknown\, \CATBaseDispatch\, \AnyObject\, \Document\, \FunctionalDocument\",Unknown
interface_340,FunctionalElement,Represents a Functional Element.,Collection,true,2,0,"\IUnknown\, \IDispatch\, \CATBaseUnknown\, \CATBaseDispatch\, \AnyObject\, \FunctionalElement\",Unknown
interface_341,FunctionalFacet,The interface to access a Functional Facet.,Object,false,1,2,"\IUnknown\, \IDispatch\, \CATBaseUnknown\, \CATBaseDispatch\, \AnyObject\, \FunctionalFacet\",Unknown
interface_342,FunctionalFacetMgr,The interface to access a Functional Facet Manager.,Object,false,0,0,"\IUnknown\, \IDispatch\, \CATBaseUnknown\, \CATBaseDispatch\, \AnyObject\, \FunctionalFacetMgr\",Unknown
interface_343,FunctionalObject,The interface to access a Functional Object.,Object,false,0,4,"\IUnknown\, \IDispatch\, \CATBaseUnknown\, \CATBaseDispatch\, \AnyObject\, \FunctionalElement\, \FunctionalPosition\, \FunctionalObject\",Unknown
interface_344,FunctionalObjectProxy,The interface to access a Functional ObjectProxy.,Object,false,1,1,"\IUnknown\, \IDispatch\, \CATBaseUnknown\, \CATBaseDispatch\, \AnyObject\, \FunctionalElement\, \FunctionalPosition\, \FunctionalObject\, \FunctionalObjectProxy\",Unknown
interface_345,FunctionalObjects,Interface to access a collection of FunctionalObjects.,Collection,true,0,4,"\IUnknown\, \IDispatch\, \CATBaseUnknown\, \CATBaseDispatch\, \Collection\, \FunctionalObjects\",Unknown
interface_346,FunctionalPosition,Represents a Functional Position.,Object,false,0,1,"\IUnknown\, \IDispatch\, \CATBaseUnknown\, \CATBaseDispatch\, \AnyObject\, \FunctionalElement\, \FunctionalPosition\",Unknown
interface_347,FunctionalSystemSettingAtt,Enables attribute access to PFD options.,Object,false,8,16,"\IUnknown\, \IDispatch\, \CATBaseUnknown\, \CATBaseDispatch\, \AnyObject\, \SettingController\, \FunctionalSystemSettingAtt\",Unknown
interface_348,FunctionalVariant,The interface to access a Functional Variant.,Object,false,1,0,"\IUnknown\, \IDispatch\, \CATBaseUnknown\, \CATBaseDispatch\, \AnyObject\, \FunctionalElement\, \FunctionalDescription\, \FunctionalVariant\",Unknown
interface_349,FunctionalVariants,The interface to access a collection of FunctionalVariants.,Collection,true,0,3,"\IUnknown\, \IDispatch\, \CATBaseUnknown\, \CATBaseDispatch\, \Collection\, \FunctionalVariants\",Unknown
interface_350,GeneralSessionSettingAtt,Setting controller for the General property tab page.,Object,false,6,10,"\IUnknown\, \IDispatch\, \CATBaseUnknown\, \CATBaseDispatch\, \AnyObject\, \SettingController\, \GeneralSessionSettingAtt\",This interface is implemented by a component which represents the controller of the general settings.
interface_351,GeneralStatisticsSettingAtt,Interface for General statistic Controler.,Object,false,15,4,"\IUnknown\, \IDispatch\, \CATBaseUnknown\, \CATBaseDispatch\, \AnyObject\, \SettingController\, \GeneralStatisticsSettingAtt\",the General statistics controler is a generic interface for all the thematics. One should never use it as a statistics thematic.
interface_352,GenericAccuracyProfile,Interface to manage Generic Accuracy Profile of Robot controller.,Object,false,0,9,"\IUnknown\, \IDispatch\, \CATBaseUnknown\, \CATBaseDispatch\, \AnyObject\, \GenericAccuracyProfile\",This interface provides methods to get/set data related to Accuracy Profile.
interface_353,GenericAction,Interface representing a GenericAction.,Object,false,0,1,"\IUnknown\, \IDispatch\, \CATBaseUnknown\, \CATBaseDispatch\, \AnyObject\, \Activity\, \GenericAction\","This interface is used to work with GenericAction which consists of a predefined list of Atomic activities. The following code snippet can be used to obtain a GenericAction from a selected Activity Dim oSelectAct As Activity set oSelectAct = CATIA.ActiveDocument.Selection.FindObject(""""CATIAActivity"""") Dim objGenAction As GenericAction set objGenAction = oSelectAct.GetTechnologicalObject(""""GenericAction"""") ."
interface_354,GenericActionFactory,Interface representing GenericAction factory.,Object,false,0,1,"\IUnknown\, \IDispatch\, \CATBaseUnknown\, \CATBaseDispatch\, \AnyObject\, \GenericActionFactory\","This allows the creation of a GenericAction under an Operation The following code snippet can be used to obtain a GenericActionFactory from a selected Operation Dim oSelectAct As Activity set oSelectAct = CATIA.ActiveDocument.Selection.FindObject(""""CATIAActivity"""") Dim objGenActFact As GenericActionFactory set objGenActFact = oSelectAct.GetTechnologicalObject(""""GenericActionFactory"""") ."
interface_355,GenericMotionProfile,Interface to manage Generic Motion Profile of Robot controller.,Object,false,0,13,"\IUnknown\, \IDispatch\, \CATBaseUnknown\, \CATBaseDispatch\, \AnyObject\, \GenericMotionProfile\",This interface provides methods to get/set data related to Accuracy Profile.
interface_356,GenericObjFrameProfile,Interface to manage Generic Object frame Profile of Robot controller.,Object,false,0,5,"\IUnknown\, \IDispatch\, \CATBaseUnknown\, \CATBaseDispatch\, \AnyObject\, \GenericObjFrameProfile\",This interface provides methods to get/set data related to Object Profile.
interface_357,GenericToolProfile,Interface to manage Generic Tool Profile of Robot controller.,Object,false,0,13,"\IUnknown\, \IDispatch\, \CATBaseUnknown\, \CATBaseDispatch\, \AnyObject\, \GenericToolProfile\",This interface provides methods to get/set data related to Tool Profile.
interface_358,GeometricElement,2D or 3D wireframe geometric element.,Object,false,1,0,"\IUnknown\, \IDispatch\, \CATBaseUnknown\, \CATBaseDispatch\, \AnyObject\, \GeometricElement\",Unknown
interface_359,GeometricElements,A collection of all geometric elements contained in a part or a sketch.,Collection,true,0,1,"\IUnknown\, \IDispatch\, \CATBaseUnknown\, \CATBaseDispatch\, \Collection\, \GeometricElements\",Unknown
interface_360,Geometry2D,2D wireframe geometric element.,Object,false,2,0,"\IUnknown\, \IDispatch\, \CATBaseUnknown\, \CATBaseDispatch\, \AnyObject\, \GeometricElement\, \Geometry2D\",Unknown
interface_361,GlobalStatisticsSettingAtt,Interface for Global statistic ControlerRole: the global statistics controler manages the values of all or only a part of the attributes available for all the statistics thematics.,Object,false,4,2,"\IUnknown\, \IDispatch\, \CATBaseUnknown\, \CATBaseDispatch\, \AnyObject\, \SettingController\, \GlobalStatisticsSettingAtt\",Unknown
interface_362,GrabAct,Interface representing a Grab activity.,Object,false,1,2,"\IUnknown\, \IDispatch\, \CATBaseUnknown\, \CATBaseDispatch\, \AnyObject\, \Activity\, \GrabAct\","This interface is used to retrieve/assign the value of attributes for the Grab activity. The following code snippet can be used to obtain a GrabAct from a selected Activity Dim oSelectAct As Activity set oSelectAct = CATIA.ActiveDocument.Selection.FindObject(""""CATIAActivity"""") Dim objGrabAct As GrabAct set objGrabAct = oSelectAct.GetTechnologicalObject(""""GrabAct"""") ."
interface_363,Groove,Represents the groove shape.,Object,false,0,0,"\IUnknown\, \IDispatch\, \CATBaseUnknown\, \CATBaseDispatch\, \AnyObject\, \Shape\, \SketchBasedShape\, \Revolution\, \Groove\",Unknown
interface_364,Group,Represents a DMU group.,Object,false,1,10,"\IUnknown\, \IDispatch\, \CATBaseUnknown\, \CATBaseDispatch\, \AnyObject\, \Activity\, \WorkerActivity\, \Group\",Unknown
interface_365,Groups,A collection of all groups currently managed by the application.,Collection,true,0,5,"\IUnknown\, \IDispatch\, \CATBaseUnknown\, \CATBaseDispatch\, \Collection\, \Groups\",Unknown
interface_366,Hole,Hole Feature in Part Design.,Object,false,15,7,"\IUnknown\, \IDispatch\, \CATBaseUnknown\, \CATBaseDispatch\, \AnyObject\, \AssemblyFeature\, \Hole\",Unknown
interface_367,HomePosition,Interface representing a device's Home Position. Degrees Of Freedom Tool tips Tool tip DPM Body-in-White.,Object,false,0,4,"\IUnknown\, \IDispatch\, \CATBaseUnknown\, \CATBaseDispatch\, \AnyObject\, \HomePosition\","This interface is used to interact with a device's home positions. This includes devices created in using V5 mechanisms or imported from DENEB D5. A home position is a list of values, each value being associated to each Degrees Of Freedom(DOF) of the device, defining a state for the device (The list size matches the number of commands that can be simulated). With home positions, it is possible to define Tool tips . A Tool tip is a specific device part meant to be in contact with product(s). User may define some device parts as tool tips so that, when they are in collision, the clash is ignored. Tool tips are excluded from clash analysis in tools like DPM Body-in-White 's weldgun search. The following code snippet can be used to obtain a home position from a device. Dim objDevice As BasicDevice set objDevice = CATIA.ActiveDocument.Product.GetTechnologicalObject(""""BasicDevice"""") Dim ListOfHomePositions() objDevice. GetHomePositions ListOfHomePositions Dim homePos as HomePosition For Each homePos In ListOfHomePositions ... Next ."
interface_368,HtsCCPSettingAtt,,Object,false,5,10,"\IUnknown\, \IDispatch\, \CATBaseUnknown\, \CATBaseDispatch\, \AnyObject\, \SettingController\, \HtsCCPSettingAtt\",Unknown
interface_369,HtsGeneralSettingAtt,,Object,false,10,20,"\IUnknown\, \IDispatch\, \CATBaseUnknown\, \CATBaseDispatch\, \AnyObject\, \SettingController\, \HtsGeneralSettingAtt\",Unknown
interface_370,HtsJointSpeedSettingsAtt,Interface representing xxx.,Object,false,2,4,"\IUnknown\, \IDispatch\, \CATBaseUnknown\, \CATBaseDispatch\, \AnyObject\, \SettingController\, \HtsJointSpeedSettingsAtt\","Components that implement DNBIAHtsJointSpeedSettingAtt are ... Do not use the DNBIAHtsJointSpeedSettingAtt interface for such and such ClassReference, Class#MethodReference, #InternalMethod... Property Index AllJointsSpeed Returns or sets the JointSpeed parameter. Rating Returns or sets the Rating parameter. Method Index GetAllJointsSpeedInfo Retrieves environment informations for the JointSpeed parameter. GetRatingInfo Retrieves environment informations for the Rating parameter. SetAllJointsSpeedLock Locks or unlocks the JointSpeed parameter. SetRatingLock Locks or unlocks the Rating parameter. Properties o Property AllJointsSpeed ( ) As activateLink('CATBSTR','CATBSTR') Returns or sets the JointSpeed parameter. Ensure consistency with the C++ interface to which the work is delegated. o Property Rating ( ) As activateLink('CATBSTR','CATBSTR') Returns or sets the Rating parameter. Ensure consistency with the C++ interface to which the work is delegated. Methods o Func GetAllJointsSpeedInfo ( activateLink('CATBSTR','CATBSTR') ioAdminLevel ,<tr..."
interface_371,HtsTaskDisplaySettingAtt,,Object,false,8,16,"\IUnknown\, \IDispatch\, \CATBaseUnknown\, \CATBaseDispatch\, \AnyObject\, \SettingController\, \HtsTaskDisplaySettingAtt\",Unknown
interface_372,HumanActivityGroup,Interface representing xxx.,Object,false,4,0,"\IUnknown\, \IDispatch\, \CATBaseUnknown\, \CATBaseDispatch\, \AnyObject\, \Activity\, \WorkerActivity\, \HumanActivityGroup\","Components that implement DNBIAHumanActivityGroup are ... Do not use the DNBIAHumanActivityGroup interface for such and such ClassReference, Class#MethodReference, #InternalMethod... Property Index MotionBasis Returns or Sets Motion-Basis (see ReferenceTime Returns or Sets ReferenceTime for HumanActivityGroup Activity UserSpeed Returns or Sets Speed for HumanActivityGroup Activity UserTime Returns or Sets Time for HumanActivityGroup Activity Properties o Property MotionBasis ( ) As activateLink('HTSActivityGroupMotionBasis','HTSActivityGroupMotionBasis') Returns or Sets Motion-Basis (see HTSActivityGroupMotionBasis for list of possible values) o Property ReferenceTime ( ) As activateLink('double','double') Returns or Sets ReferenceTime for HumanActivityGroup Activity o Property UserSpeed ( ) As activateLink('double','double') Returns or Sets Speed for HumanActivityGroup Activity o Property UserTime ( ) As activateLink('double','double') Returns or Sets Time for HumanActivityGroup Activity ."
interface_373,HumanActivityGroupFactory,The object that represents the Human Activity Group Factory.,Object,false,0,14,"\IUnknown\, \IDispatch\, \CATBaseUnknown\, \CATBaseDispatch\, \AnyObject\, \HumanActivityGroupFactory\",Unknown
interface_374,HumanActsFactory,The object that represents the Human Activity Factory.,Object,false,0,16,"\IUnknown\, \IDispatch\, \CATBaseUnknown\, \CATBaseDispatch\, \AnyObject\, \HumanActsFactory\",Unknown
interface_375,HumanCallTask,Interface representing xxx.,Object,false,1,1,"\IUnknown\, \IDispatch\, \CATBaseUnknown\, \CATBaseDispatch\, \AnyObject\, \Activity\, \WorkerActivity\, \HumanCallTask\","Components that implement DNBIAHumanCallTaskActivity are ... Do not use the DNBIAHumanCallTaskActivity interface for such and such ClassReference, Class#MethodReference, #InternalMethod... Property Index CalledTask Gets the Called Task Method Index SetCalledTask Set the called task Properties o Property CalledTask ( ) As activateLink('HumanTask','HumanTask') (Read Only) Gets the Called Task Parameters: oHumanTask Returns: Error code of function. Methods o Sub SetCalledTask ( activateLink('HumanTask','HumanTask') iTargetTask ) Set the called task Parameters: iTargetTask Returns: E_FAIL : If the Desired Task belongs to different Manikin or there is Cyclic ."
interface_376,HumanProgram,The object that represents program-node of Worker.,Object,false,1,1,"\IUnknown\, \IDispatch\, \CATBaseUnknown\, \CATBaseDispatch\, \AnyObject\, \HumanProgram\",Unknown
interface_377,HumanTask,,Object,false,3,2,"\IUnknown\, \IDispatch\, \CATBaseUnknown\, \CATBaseDispatch\, \AnyObject\, \Activity\, \HumanTask\",Unknown
interface_378,HumanTaskList,,Collection,true,0,2,"\IUnknown\, \IDispatch\, \CATBaseUnknown\, \CATBaseDispatch\, \Collection\, \HumanTaskList\",Unknown
interface_379,HybridBodies,A collection of the HybridBody objects.,Collection,true,0,2,"\IUnknown\, \IDispatch\, \CATBaseUnknown\, \CATBaseDispatch\, \Collection\, \HybridBodies\",Unknown
interface_380,HybridBody,The object is a hybrid body.,Collection,true,5,1,"\IUnknown\, \IDispatch\, \CATBaseUnknown\, \CATBaseDispatch\, \AnyObject\, \HybridBody\",Unknown
interface_381,HybridShape,Represents the hybrid shape object.,Object,false,1,2,"\IUnknown\, \IDispatch\, \CATBaseUnknown\, \CATBaseDispatch\, \AnyObject\, \Factory\, \HybridShape\",Unknown
interface_382,HybridShape3DCurveOffset,Represents the hybrid shape 3DCurve Offset operation feature.,Object,false,6,0,"\IUnknown\, \IDispatch\, \CATBaseUnknown\, \CATBaseDispatch\, \AnyObject\, \HybridShape\, \HybridShape3DCurveOffset\","Allows you to access data of the 3D Curve Offset feature created by using a curve, a direction and three litteral parameters Use the HybridShapeFactory.AddNew3DCurveOffset to create a HybridShape3DCurveOffset object. Property Index CornerRadiusValue Returns or sets the Corner Radius Value. CornerTensionValue Returns or sets the Corner Tension Value. CurveToOffset Returns or sets the curve to offset. Direction Returns or sets the direction. InvertDirection Returns or sets the direction orientation. OffsetValue Returns or sets the OffsetValue. Properties o Property CornerRadiusValue ( ) As activateLink('Length','Length') Returns or sets the Corner Radius Value. o Property CornerTensionValue ( ) As activateLink('double','double') Returns or sets the Corner Tension Value. o Property CurveToOffset ( ) As activateLink('Reference','Reference') Returns or sets the curve to offset. o Property Direction ( ) As activateLink('Hybrid..."
interface_383,HybridShapeAffinity,Represents the hybrid shape affinity feature object.,Object,false,9,0,"\IUnknown\, \IDispatch\, \CATBaseUnknown\, \CATBaseDispatch\, \AnyObject\, \HybridShape\, \HybridShapeAffinity\","To access the data of the hybrid shape affinity feature object. This data includes: The element to transform using the affinity The affinity reference coordinate system origin The affinity reference coordinate system reference plane The affinity reference coordinate system first direction The affinity ratio along the x, y and z directions of the reference coordinate system The element to transform using the affinity The reference coordinate system is always a direct one. LICENSING INFORMATION: Creation of volume result requires GSO License if GSO License is not granted , settting of Volume context has not effect Use the CATIAHybridShapeFactory to create a HybridShapeAffinity object. See also: HybridShapeFactory Property Index AxisFirstDirection Returns or sets the first direction of the reference coordinate system. AxisOrigin Returns or sets the origin of the reference coordinate system. AxisPlane Returns or sets the reference plane of the reference coordinate system. CreationMode Returns or sets the creation mode(creation or modification). ElemToTransform Returns or sets the element to transform using the affinity. VolumeResult Returns or sets the volume result. XRatios Returns the affinity ratio along the X Direction of the reference coordinate system. YRatios Returns the affinity ratio along the Y Direction of the reference coordinate system. <a href=""""#ZRatios""""..."
interface_384,HybridShapeAssemble,Represents the hybrid shape assemble feature object.,Object,false,1,20,"\IUnknown\, \IDispatch\, \CATBaseUnknown\, \CATBaseDispatch\, \AnyObject\, \HybridShape\, \HybridShapeAssemble\",To access the data of the hybrid shape assemble feature object. This data includes: A list of the assembled elements Some methods to access this data Use the CATIAHybridShapeFactory to create a HybridShapeAssemble object. See also: HybridShapeFactory Property Index Invert Returns or sets the invert mode. Method Index AddElement Adds an element to the hybrid shape assemble feature object. AddSubElement Adds a sub element to the hybrid shape assemble feature object. AppendFederatedElement Appends an init to the list of elements to federate. GetAngularToleranceMode Get the anglular tolerance mode. GetAngularTolerance Get the anglular tolerance. GetConnex Get the connex checker flag. GetDeviation Get the deviation value. GetElement Retrieves an element used by the hybrid shape assemble feature object. GetElementsSize Returns the size of the list of elements to assemble in the hybrid shape assemble feature object. GetFederatedElement Retrieves an federated inits used by the hybrid shape assemble feature object. GetFederatedElementsSize Gets the number of federated inits. GetFederationPropagation Gets...
interface_385,HybridShapeAxisLine,Represents the hybrid shape axis line feature object.,Object,false,3,0,"\IUnknown\, \IDispatch\, \CATBaseUnknown\, \CATBaseDispatch\, \AnyObject\, \HybridShape\, \HybridShapeAxisLine\","To access the data of the hybrid shape axis line feature object. This data includes: The element used to compute the axis The direction used in orientation of axis AxisLineType to change the axis type Use the CATIAHybridShapeFactory to create a HybridShapeAxisLine object. See also: HybridShapeFactory Property Index AxisLineType Returns or sets the axis line type. Direction Gets the reference direction used in computation of axis. Element Returns or sets the element from which axis is computed. Properties o Property AxisLineType ( ) As activateLink('long','long') Returns or sets the axis line type. Legal values : 1 This option creates Axis along major axis if element is ellipse or oblong, Axis is aligned with direction specified if input is circle and coincides with revolution axis if element is revolution surface 2 This option creates Axis along minor axis if element is ellipse or oblong, Axis is normal to direction specified if input is circle 3 This option creates Axis normal to the element if it is circle, ellipse or oblong Example : This example retrieves in oType the axis line type for the AxisLine hybrid shape feature. Dim oType Set oType = AxisLine. AxisLineType o Property Direction ( ) As <script type=""""text..."
interface_386,HybridShapeAxisToAxis,Represents the hybrid shape axis to axis tranformation feature object.,Object,true,5,0,"\IUnknown\, \IDispatch\, \CATBaseUnknown\, \CATBaseDispatch\, \AnyObject\, \HybridShape\, \HybridShapeAxisToAxis\","To access the data of the axis to axis tranformation shape feature object. The data includes: The element to be transformed The reference axis system The target axis system LICENSING INFORMATION: Creation of volume result requires GSO License if GSO License is not granted , settting of Volume context has not effect Use the CATIAHybridShapeFactory to create HybridShapeFeature object. See also: HybridShapeFactory Property Index CreationMode Returns or sets the creation mode(creation or modification). ElemToTransform Returns or sets the element to transform. ReferenceAxis Returns or sets the reference axis. TargetAxis Returns or sets the target axis. VolumeResult Returns or sets the volume result. Properties o Property CreationMode ( ) As activateLink('boolean','boolean') Returns or sets the creation mode(creation or modification). Legal values : True if the result is a creation feature and False if the result is a modification feature. Example: This example sets that the mode of the hybShpAxisToAxis hybrid shape axis to axis to creation hybShpAxisToAxis. CreationMode = True o Property ElemToTransform ( ) As <script ty..."
interface_387,HybridShapeBlend,Represents the hybrid shape blended surface object.,Object,false,7,20,"\IUnknown\, \IDispatch\, \CATBaseUnknown\, \CATBaseDispatch\, \AnyObject\, \HybridShape\, \HybridShapeBlend\","To access the data of the hybrid shape blended surface object. This data includes: Two support surfaces, one at each limit of the blended surface Two curves, one for each support surface The curve closing points Use the CATIAHybridShapeFactory to create a HybridShapeBlend object. See also: HybridShapeFactory Property Index Coupling Returns or sets the type of coupling between the limits of the blend. RuledDevelopableSurface Returns or sets the ruled developable surface mode. SmoothAngleThresholdActivity Returns or sets information whether a blending operation is smoothed or not. SmoothAngleThreshold Returns the angular threshold. SmoothDeviationActivity Returns or sets information whether a deviation from guide curves is allowed or not. SmoothDeviation Returns the deviation value (length) from guide curves allowed during a sweeping operation in order to smooth it. Spine Returns or sets a curve used as spine for coupling in Blend computation. Method Index GetBorderMode Returns the type of border to a limit of the blend. GetClosingPoint Returns the closing point of a closed curve of the blend. GetContinuity Retrieves the continuity of a limit of the blend. <a href..."
interface_388,HybridShapeBoundary,Represents the hybrid shape boundary feature object.,Object,false,7,0,"\IUnknown\, \IDispatch\, \CATBaseUnknown\, \CATBaseDispatch\, \AnyObject\, \HybridShape\, \HybridShapeBoundary\","To access the data of the hybrid shape boundary feature object. This data includes: The boundary propagation The initial element used for the boundary propagation The boundary support Use the CATIAHybridShapeFactory to create a HybridShapeBoundary object. See also: HybridShapeFactory Property Index FromOrientation Gets or sets the Ending Limit Orientation (i. From Removes or sets the ending limit(i. InitialElement Returns or sets the element used to initialize the boundary propagation. Propagation Returns or sets the boundary propagation. Support Returns or sets the support surface around which the boundary is computed. ToOrientation Gets or sets the Starting Limit Orientation (i. To Removes or sets the starting limit(i. Properties o Property FromOrientation ( ) As activateLink('long','long') Gets or sets the Ending Limit Orientation (i.e same or inverse) o Property From ( ) As activateLink('Reference','Reference') Removes or sets the ending limit(i.e Limit2) of the boundary o Property InitialElement ( ) As <script type=""""t..."
interface_389,HybridShapeBump,The Bump feature : an Bump is made up of a body to process and some Bump parameters.,Object,false,9,0,"\IUnknown\, \IDispatch\, \CATBaseUnknown\, \CATBaseDispatch\, \AnyObject\, \HybridShape\, \HybridShapeBump\",Unknown
interface_390,HybridShapeCircle,Represents the hybrid shape circle object.,Object,false,4,6,"\IUnknown\, \IDispatch\, \CATBaseUnknown\, \CATBaseDispatch\, \AnyObject\, \HybridShape\, \HybridShapeCircle\","To access the data of the hybrid shape circle object. This data includes: The circle radius Two circle center The circle arc limitation mode The circle start and end angles All interfaces for different type of circle derivates HybridShapeCircle. Use the CATIAHybridShapeFactory to create a HybridShapeCircle objects. See also: HybridShapeFactory Property Index AxisComputation Returns or sets the axis computation mode. AxisDirection Role : To get_Direction on the object. EndAngle Returns the circle end angle. StartAngle Returns the circle start angle. Method Index GetAxis Returns the axis of the Circle. GetCenter Gets the mathematical center of the circle. GetFreeCenter Returns the circle center. GetFreeRadius Returns the circle radius. GetLimitation Gets the limitation type for the circle. SetLimitation Set the circle limitation type. Properties o Property AxisComputation ( ) As activateLink('boolean','boolean') Returns or sets the axis computation mode. Example: This exam..."
interface_391,HybridShapeCircle2PointsRad,Represents the hybrid shape circle object defined using two points and a radius.,Object,false,7,3,"\IUnknown\, \IDispatch\, \CATBaseUnknown\, \CATBaseDispatch\, \AnyObject\, \HybridShape\, \HybridShapeCircle\, \HybridShapeCircle2PointsRad\","To access the data of the hybrid shape circle object. This data includes: The circle two passing points The circle radius The surface that supports the circle The circle orientation Use the CATIAHybridShapeFactory to create a HybridShapeCircle2PointsRad object. See also: HybridShapeFactory Property Index DiameterMode Returns or sets the DiameterMode. Diameter Returns the circle diameter. Orientation Returns or sets the circle orientation. Pt1 Returns or sets the circle first passing point. Pt2 Returns or sets the circle second passing point. Radius Returns the circle radius. Support Returns or sets the circle support surface. Method Index IsGeodesic Queries whether the circle is geodesic or not. SetGeometryOnSupport Sets GeometryOnSupport of circle. UnsetGeometryOnSupport Inactivates GeometryOnSupport of circle. Properties o Property DiameterMode ( ) As activateLink('boolean','boolean') Returns or sets the DiameterMode. Legal values : True implies diameter False implies radius (default). W..."
interface_392,HybridShapeCircle3Points,Represents the hybrid shape circle object defined using three points.,Object,true,4,1,"\IUnknown\, \IDispatch\, \CATBaseUnknown\, \CATBaseDispatch\, \AnyObject\, \HybridShape\, \HybridShapeCircle\, \HybridShapeCircle3Points\","To access the data of the hybrid shape circle object. This data includes the circle three passing points. Use the CATIAHybridShapeFactory to create a HybridShapeCircle2PointsRad object. See also: HybridShapeFactory Property Index Element1 Returns or sets the circle first passing point. Element2 Returns or sets the circle second passing point. Element3 Returns or sets the circle third passing point. Support Returns or sets the circle support surface. Method Index RemoveSupport Removes the support surface. Properties o Property Element1 ( ) As activateLink('Reference','Reference') Returns or sets the circle first passing point. Sub-element(s) supported (see Boundary object): Vertex . Example : This example retrieves the first passing point of the HybShpCircle3Pt hybrid shape circle in HybShpCircle3PtFirstPassingPoint point. Dim HybShpCircle3PtFirstPassingPoint As Reference Set HybShpCircle3PtFirstPassingPoint= HybShpCircle3Pt. Element1 o Property Element2 ( ) As activateLink('Reference','Reference') </t..."
interface_393,HybridShapeCircleBitangentPoint,Represents the hybrid shape circle object defined using a point and tangent to two curves.,Object,false,11,0,"\IUnknown\, \IDispatch\, \CATBaseUnknown\, \CATBaseDispatch\, \AnyObject\, \HybridShape\, \HybridShapeCircle\, \HybridShapeCircleBitangentPoint\",To access the data of the hybrid shape circle object. This data includes: The circle passing point The two curves to which the circle is tangent The surface that supports the circle The orientation of each curve Use the CATIAHybridShapeFactory to create a HybridShapeCircleBitangentPoint object. See also: HybridShapeFactory Property Index BeginOfCircle Return or Set the number of the beginning curve of the circle. Curve1 Returns or sets the first curve to which the circle is or will be tangent. Curve2 Returns or sets the second curve to which the circle is or will be tangent. DiscriminationIndex Return or set the discrimination index of the current circle. Orientation1 Returns or sets the orientation of the first curve to which the circle is tangent. Orientation2 Returns or sets the orientation of the second curve to which the circle is tangent. Pt Returns or sets the circle passing point. Support Returns or sets the circle support surface. TangentOrientation1 Returns or sets the tangent orientation of the circle first reference element. TangentOrientation2 Returns or sets the tangent orientation of the circle second reference element. TrimMode Returns or sets whether the circle reference curves are or should be trimmed. </dt...
interface_394,HybridShapeCircleBitangentRadius,Represents the hybrid shape circle object defined using a radius and tangent to two curves.,Object,true,13,0,"\IUnknown\, \IDispatch\, \CATBaseUnknown\, \CATBaseDispatch\, \AnyObject\, \HybridShape\, \HybridShapeCircle\, \HybridShapeCircleBitangentRadius\",To access the data of the hybrid shape circle object. This data includes: The circle radius The two curves to which the circle is tangent The surface that supports the circle The orientation of each curve Use the CATIAHybridShapeFactory to create a HybridShapeCircleBitangentRadius object. See also: HybridShapeFactory Property Index BeginOfCircle Return or Set the number of the beginning curve of the circle. Curve1 Returns or sets the first curve to which the circle is or will be tangent. Curve2 Returns or sets the second curve to which the circle is or will be tangent. DiameterMode Returns or sets the DiameterMode. Diameter Returns the circle diameter. DiscriminationIndex Return or set the discrimination index of the current circle. Orientation1 Returns or sets the orientation of the first curve to which the circle is tangent. Orientation2 Returns or sets the orientation of the second curve to which the circle is tangent. Radius Returns the circle radius. Support Returns or sets the circle support surface. TangentOrientation1 Returns or sets the tangent orientation of the circle first reference element. TangentOrientation2 Returns or sets the tangent orientation of the circle second reference element. T...
interface_395,HybridShapeCircleCenterAxis,Represents the hybrid shape circle object defined using a point and axis/line.,Object,true,6,0,"\IUnknown\, \IDispatch\, \CATBaseUnknown\, \CATBaseDispatch\, \AnyObject\, \HybridShape\, \HybridShapeCircle\, \HybridShapeCircleCenterAxis\","To access the data of the hybrid shape circle center axis object. This data includes: Point Axis/Line Value of radius/diameter Diameter Mode Projection Mode Use the CATIAHybridShapeFactory to create a HybridShapeCircleCenterAxis object. See also: HybridShapeFactory.AddNewCircleCenterAxis Property Index Axis Returns or sets the Axis of the circle. DiameterMode Returns or sets the DiameterMode. Diameter Returns the circle diameter. Point Returns or sets the Point of the circle. ProjectionMode Returns or sets the ProjectionMode. Radius Returns the circle radius. Properties o Property Axis ( ) As activateLink('Reference','Reference') Returns or sets the Axis of the circle. Example : This example retrieves in CircleAxis the Axis of plane in which circle is lying from HybShpCircle hybrid shape circle center axis feature Dim CircleAxis As Reference Set CircleAxis = HybShpCircle. Axis o Property DiameterMode ( ) As activateLink('boolean','boolean') Returns or sets the DiameterMode. Legal values : Tr..."
interface_396,HybridShapeCircleCenterTangent,"Represents the hybrid shape circle object defined using a center, a curve and a support.",Object,false,12,0,"\IUnknown\, \IDispatch\, \CATBaseUnknown\, \CATBaseDispatch\, \AnyObject\, \HybridShape\, \HybridShapeCircle\, \HybridShapeCircleCenterTangent\",To access the data of the hybrid shape circle tangent object. This data includes: The center element The tangent curve The support The value of the raduius and also the type of solution index Use the CATIAHybridShapeFactory to create a HybridShapeCircleCenterTangent object. See also: HybridShapeFactory.AddNewCircleCenterTangent Property Index BeginOfCircle Return or Set the number of the beginning curve of the circle. CenterElem Returns or sets the Center Element of the circle. DiameterMode Returns or sets the DiameterMode. Diameter Returns the circle diameter. DiscriminationIndex Return or set the discrimination index of the current circle. Orientation1 Returns or sets the orientation of the first curve to which the circle is tangent. Orientation2 Returns or sets the orientation of the second curve to which the circle is tangent. Radius Returns the circle radius. Support Returns or sets the circle support surface. TangentCurve Returns or sets the tangent curve to which the circle will be tangent. TangentOrientation1 Returns or sets the tangent orientation of the circle first reference element. TangentOrientation2 Returns or sets the tangent orientation of the circle second reference...
interface_397,HybridShapeCircleCtrPt,Represents the hybrid shape circle object defined using a center and a point on the circle.,Object,false,3,3,"\IUnknown\, \IDispatch\, \CATBaseUnknown\, \CATBaseDispatch\, \AnyObject\, \HybridShape\, \HybridShapeCircle\, \HybridShapeCircleCtrPt\","To access the data of the hybrid shape circle object. This data includes: The circle center The point on the circle The surface that supports the circle Use the CATIAHybridShapeFactory to create a HybridShapeCircleCtrPt object. See also: HybridShapeFactory Property Index Center Returns or sets the circle center. CrossingPoint Returns or sets the circle passing point. Support Returns or sets the circle support surface. Method Index IsGeodesic Queries whether the circle is geodesic or not. SetGeometryOnSupport Sets GeometryOnSupport of circle. UnsetGeometryOnSupport Inactivates GeometryOnSupport of circle. Properties o Property Center ( ) As activateLink('Reference','Reference') Returns or sets the circle center. Sub-element(s) supported (see Boundary object): Vertex . Example : This example retrieves in HybShpCircleCenter the center of the HybShpCircle hybrid shape circle. Dim HybShpCircleCenter As Reference HybShpCircleCenter = HybShpCircle. Center <tr..."
interface_398,HybridShapeCircleCtrRad,Represents the hybrid shape circle object defined using a center and a radius.,Object,false,6,5,"\IUnknown\, \IDispatch\, \CATBaseUnknown\, \CATBaseDispatch\, \AnyObject\, \HybridShape\, \HybridShapeCircle\, \HybridShapeCircleCtrRad\","To access the data of the hybrid shape circle object. This data includes: The circle center The circle radius The surface that supports the circle Use the CATIAHybridShapeFactory to create a HybridShapeCircleCtrRad object. See also: HybridShapeFactory Property Index Center Returns or sets the circle center. DiameterMode Returns or sets the DiameterMode. Diameter Returns the circle diameter. FirstDirection Returns or sets the first direction used to set the angles reference. Radius Returns the circle radius. Support Returns or sets the circle support surface. Method Index GetSecondDirection Gets the second direction on the plane to compute the point (for stability). IsGeodesic Queries whether the circle is geodesic or not. SetGeometryOnSupport Sets GeometryOnSupport of circle. SetSecondDirection Sets the second direction on the plane to compute the point (for stability). UnsetGeometryOnSupport Inactivates GeometryOnSupport of circle. Properties o Property Center ( ) As activateLink('Reference','R..."
interface_399,HybridShapeCircleExplicit,Represents the hybrid shape circle object explicitely defined.,Object,false,0,0,"\IUnknown\, \IDispatch\, \CATBaseUnknown\, \CATBaseDispatch\, \AnyObject\, \HybridShape\, \HybridShapeCircle\, \HybridShapeCircleExplicit\",To access the data of the hybrid shape circle object. This data includes: ?????????????? Use the CATIAHybridShapeFactory to create a HybridShapeCircleExplicit object. See also: HybridShapeFactory .
interface_400,HybridShapeCircleTritangent,Represents the hybrid shape circle object tangent to three curves.,Object,false,13,0,"\IUnknown\, \IDispatch\, \CATBaseUnknown\, \CATBaseDispatch\, \AnyObject\, \HybridShape\, \HybridShapeCircle\, \HybridShapeCircleTritangent\",To access the data of the hybrid shape circle object. This data includes: The three curves to which the circle is tangent The surface that supports the circle The orientation of each curve Use the CATIAHybridShapeFactory to create a HybridShapeCircleTritangent object. See also: HybridShapeFactory Property Index BeginOfCircle Return or Set the number of the beginning curve of the circle. Curve1 Returns or sets the first curve to which the circle is or will be tangent. Curve2 Returns or sets the second curve to which the circle is or will be tangent. Curve3 Returns or sets the thirs curve to which the circle is or will be tangent. DiscriminationIndex Return or set the discrimination index of the current circle. Orientation1 Returns or sets the orientation of the first curve to which the circle is tangent. Orientation2 Returns or sets the orientation of the second curve to which the circle is tangent. Orientation3 Returns or sets the orientation of the third curve to which the circle is tangent. Support Returns or sets the circle support surface. TangentOrientation1 Returns or sets the tangent orientation of the circle first reference element. TangentOrientation2 Returns or sets the tangent orientation of the circle second reference element. Ta...
interface_401,HybridShapeCombine,Represents the hybrid shape combined curve object.,Object,false,6,0,"\IUnknown\, \IDispatch\, \CATBaseUnknown\, \CATBaseDispatch\, \AnyObject\, \HybridShape\, \HybridShapeCombine\","To access the data of the hybrid shape combined curve object. This data includes: The three curves to which the circle is tangent The surface that supports the circle The orientation of each curve. Use the HybridShapeFactory object to create a HybridShapeCombine object. Property Index Direction1 Returns or sets the first direction used to create the combined curve. Direction2 Returns or sets the second direction used to create the combined curve. Elem1 Returns or sets the first curve used to create the combined curve. Elem2 Returns or sets the second curve used to create the combined curve. NearestSolution Returns or sets whether the combined curve is or should be created as the curve closest to the first curve. SolutionTypeCombine Returns or sets whether the curves that create the combined curve are or should be extruded along normals to the curve planes or along given directions. Properties o Property Direction1 ( ) As activateLink('HybridShapeDirection','HybridShapeDirection') Returns or sets the first direction used to create the combined curve. The first direction is the direction along which the first curve is extruded. Example: This example sets firstDir as the first direction to create the combined curve hybCombCurve . hybCombCurve.<font color=""""..."
interface_402,HybridShapeConic,Represents the hybrid shape conic object.,Object,false,8,19,"\IUnknown\, \IDispatch\, \CATBaseUnknown\, \CATBaseDispatch\, \AnyObject\, \HybridShape\, \HybridShapeConic\","To access the data of the hybrid shape conic object. This data includes: The start point and its associated tangent contraint The end point and its associated tangent contraint The supporting plane The tangent intersection point The conic parameter: p = 0.5 (parabola), 0&lt;=p&lt;=0.5 (ellipse), 0.5&lt;= p &lt;=1.0 (hyperbola) Use the HybridShapeFactory to create a HybridShapeConic object. Property Index ConicParameter Returns or sets the conic parameter. ConicUserTol Gets or sets the conic User Tolerance. EndPoint Returns or sets the conic end point. EndTangent Returns or sets the tangent direction at the conic end point. StartPoint Returns or sets the conic start point. StartTangent Returns or sets the tangent direction at the conic start point. SupportPlane Returns or sets the conic supporting plane. TangentIntPoint Returns or sets the conic tangent intersection point. Method Index GetEndTangentDirectionFlag Retrieves the tangent direction orientation at the conic end point. GetIntermedTangent Retrieves the tangent direction at one of the conic intermediate passing points. GetIntermediatePoint Retrieves one of the conic intermediate passing points. <..."
interface_403,HybridShapeConnect,Represents the hybrid shape connect curve object.,Object,false,14,0,"\IUnknown\, \IDispatch\, \CATBaseUnknown\, \CATBaseDispatch\, \AnyObject\, \HybridShape\, \HybridShapeConnect\","To access the data of the hybrid shape connect curve object. This data includes: The face to process The connection parameter. Use the HybridShapeFactory to create a HybridShapeConnect object. Property Index BaseCurve Returns or sets the base curve. ConnectType Returns or sets whether the connect curve is or should be created as a""""Normal Connect"""" or with a """"Base Curve"""". FirstContinuity Gets or Sets the continuity on first curve. FirstCurve Gets or Sets the first reference curve. FirstOrientation Gets or Sets the orientation of first curve FirstOrientation = 1 : SameOrientation. FirstPoint Gets or Sets the first reference point. FirstTension Returns the tension on the first curve making up the connect curve. SecondContinuity Gets or Sets the continuity on second curve. SecondCurve Gets or Sets the second reference curve. SecondOrientation Gets or Sets the orientation of second curve SecondOrientation = 1 : SameOrientation. SecondPoint Gets or Sets the second reference point. SecondTension Returns the tension on the second curve making up the connect curve. Support Returns or sets the supporting face. Trim Gets or Sets the trim mode. ..."
interface_404,HybridShapeCorner,Represents the hybrid shape corner feature.,Object,false,15,2,"\IUnknown\, \IDispatch\, \CATBaseUnknown\, \CATBaseDispatch\, \AnyObject\, \HybridShape\, \HybridShapeCorner\",To access the data of the hybrid shape corner object. This data includes: Two elements Their orientations (same or inverse than the underlying curve) A support for the hybrid shape corner on support feature A direction for the hybrid shape 3D corner feature A radius. Use the HybridShapeFactory to create a HybridShapeCorner object. Property Index BeginOfCorner Return or Set the number of the beginning curve of the corner. CornerType Returns or sets the Corner Type. Direction Returns or sets the 3D corner direction. DiscriminationIndex Returns or set the discrimination index of the current corner. FirstElem Returns or sets the corner first reference element. FirstOrientation Returns or sets the orientation of the corner first reference element. FirstTangentOrientation Returns or sets the tangent orientation of the corner first reference element. OnVertex Returns or sets the On Vertex mode off/on. Radius Returns the corner radius. SecondElem Returns or sets the corner second reference element. SecondOrientation Returns or sets the orientation of the corner second reference element. SecondTangentOrientation Returns or sets the tangent orientation of the corner second reference element. Support Returns ...
interface_405,HybridShapeCurveExplicit,Represents the hybrid shape Curve explicit feature object.,Object,false,0,0,"\IUnknown\, \IDispatch\, \CATBaseUnknown\, \CATBaseDispatch\, \AnyObject\, \HybridShape\, \HybridShapeCurveExplicit\",Declare hybrid shape Curve explicit feature object. See also: HybridShapeFactory.AddNewCurveDatum .
interface_406,HybridShapeCurvePar,Represents the hybrid shape curve parameter object.,Object,false,15,2,"\IUnknown\, \IDispatch\, \CATBaseUnknown\, \CATBaseDispatch\, \AnyObject\, \HybridShape\, \HybridShapeCurvePar\",To access the data of the hybrid shape curve parameter object. This data includes: The face to process The offset parameter. Use the HybridShapeFactory to create a HybridShapeCurvePar object. Property Index CurveOffseted Returns or sets the offset curve of the curve parameter object. CurveParLaw Returns or sets the offset law. CurveParType Returns or sets the corner type. Geodesic Returns or sets Geodesic mode. InvertDirection Returns or sets the orientation. InvertMappingLaw Returns or sets the mapping orientation of the law (if offset is specified by a law). KeepBothSides Returns or sets the both sides mode of the curve parameter object. LawType Returns or sets the law type. MaximumDeviationValue Sets or Gets the maximum deviation allowed for smoothing operation. Offset2 Returns the second offset parameter of the curve parameter object. Offset Returns the offset parameter of the curve parameter object. OtherSide Returns the other side of parallel curve if both sides mode is on. PassingPoint Returns or sets the passing point of the curve parameter object. SmoothingType Returns or sets the smoothing Type. Support Returns or sets the support of the curve. <...
interface_407,HybridShapeCurveSmooth,Represents the hybrid shape curve smoothing operation feature.,Object,false,11,12,"\IUnknown\, \IDispatch\, \CATBaseUnknown\, \CATBaseDispatch\, \AnyObject\, \HybridShape\, \HybridShapeCurveSmooth\","To access the data of the curve smoothing operation.of the hybrid shape curve parameter object. This data includes: The curve to smooth The support (if exist ) The tangent tolerance value (threshold) The curvature tolerance value (threshold) The info if curvature threshold is activated The maximum deviation accepted The info if maxcimum deviation is activated The fixed points The fixed segments The info if topology simplification is activated Use the HybridShapeFactory.AddNewCurveSmooth to create a HybridShapeCurveSmooth object. Property Index CorrectionMode Returns or sets the correction mode (threshold, point, tangency or curvature) applied to the smoothed curve. CurvatureThresholdActivity Returns or sets the CurvatureThresholdActivity. CurvatureThreshold Returns or sets the CurvatureThreshold. CurveToSmooth Returns or sets the curve to smooth. EndExtremityContinuity Returns or sets the continuity condition (curvature, tangency or point) applied to the smoothed curve with regard to the input curve at the end extremity of the input curve. MaximumDeviationActivity Returns or sets the MaximumDeviationActivity. MaximumDeviation Returns the MaximumDeviation. StartExtremityContinuity Returns or sets the continuity condition (curvature, tangency or point) applied to the smoothed curve with regard to the inpu..."
interface_408,HybridShapeCylinder,Represents the hybrid shape Cylinder feature object.,Object,false,7,1,"\IUnknown\, \IDispatch\, \CATBaseUnknown\, \CATBaseDispatch\, \AnyObject\, \HybridShape\, \HybridShapeCylinder\","To access the data of the hybrid shape Cylinder feature object. This data includes: The center of the Cylinder The Radius of the Cylinder Length of Cylinder in the given extrusion direction Length of Cylinder opposite to extrusion direction Direction of extrusion for cylinder. Use the CATIAHybridShapeFactory to create a HybridShapeCylinder object. See also: HybridShapeFactory Property Index Center Returns or sets the center of the cylinder object. Direction Returns or sets the direction of the cylinder object. Length1 Returns or sets the length of the cylinder object in the given extrusion direction. Length2 Returns or sets the length of the cylinder object in the opposite direction of given extrusion direction. Orientation Returns or sets the the inversion of extrusion direction. Radius Returns or sets the radius of the cylinder object. SymmetricalExtension Returns or sets the symmetrical extension on Cylinder lengths. Method Index InvertOrientation Inverts the Orientation of Cylinder object. Properties o Property Center ( ) As activateLink('Reference','Reference') Returns or sets the center of the cylinder obje..."
interface_409,HybridShapeDevelop,Represents the hybrid shape develop feature object.,Object,false,8,6,"\IUnknown\, \IDispatch\, \CATBaseUnknown\, \CATBaseDispatch\, \AnyObject\, \HybridShape\, \HybridShapeDevelop\",To access the data of the hybrid shape develop feature object. This data includes: The developing mode The positining mode used for the 2D wire The 2D wire to be developed The positioning transformation The support revolution surface on which the development is operated The point designated as the origin of the planar 2D wire The direction corresponding to the first axis of the planar axis system related to the planar 2D wire The development origin on the support surface Use the CATIAHybridShapeFactory to create a HybridShapeDevelop object. See also: HybridShapeFactory Property Index ModePos Returns or sets the positioning mode used for the 2D wire. Mode Returns or sets the developing mode. PlaneAxisDirection Returns or sets the direction corresponding to the first axis of the planar axis system related to the planar 2D wire. PlaneAxisOrigin Returns or sets the point designated as the origin of the planar 2D wire. PointOnSupport Returns or sets the development origin on the support surface. PositionedWire Returns or sets the positioning transformation. Support Returns or sets the support revolution surface on which the development is operated. WireToDevelop Returns or sets the 2D wire to be developed. Method Index <b...
interface_410,HybridShapeDirection,Represents the hybrid shape direction feature object.,Object,false,3,7,"\IUnknown\, \IDispatch\, \CATBaseUnknown\, \CATBaseDispatch\, \AnyObject\, \HybridShape\, \HybridShapeDirection\","To access the data of the hybrid shape direction feature object. A direction can be specified using: A line: the direction is tangent to the line A plane: the direction is normal to the plane Its components Use the CATIAHybridShapeFactory to create a HybridShapeDirection object. See also: HybridShapeFactory Property Index Object Returns or sets the object that specifies the direction. RefAxisSystem Returns or Sets the reference Axis System for Direction feature. Type Returns the direction type. Method Index DirectionSpecification Queries the direction specification status. GetXVal Returns the direction X component as Double. GetX Returns the direction X component. GetYVal Returns the direction Y component as Double. GetY Returns the direction Y component. GetZVal Returns the direction Z component as Double. GetZ Returns the direction Z component. Properties o Property Object ( ) As activateLink('Reference','Reference') Returns or sets the object that specifies the direction. This object can be a line or a plane. Parameters: ..."
interface_411,HybridShapeExtract,Represents the hybrid shape extract feature object.,Object,false,11,0,"\IUnknown\, \IDispatch\, \CATBaseUnknown\, \CATBaseDispatch\, \AnyObject\, \HybridShape\, \HybridShapeExtract\",To access the data of the hybrid shape extract feature object. Use the CATIAHybridShapeFactory to create a HybridShapeExtract object. See also: HybridShapeFactory.AddNewExtract Property Index AngularThresholdActivity Returns or sets the AngularThresholdActivity. AngularThreshold Returns or sets the AngularThreshold. ComplementaryExtract Returns or sets the ComplementaryExtract checked/unchecked for the extract. CurvatureThresholdActivity Returns or sets the CurvatureThresholdActivity. CurvatureThreshold Returns or sets the CurvatureThreshold. DistanceThresholdActivity Returns or sets the DistanceThresholdActivity. DistanceThreshold Returns or sets the DistanceThreshold. Elem Returns or sets the sub element used as init for the propagation. IsFederated Returns or sets the IsFederated flag checked/unchecked for the extract. PropagationType Returns or sets the type of propagation for the extract. Support Returns or sets the support for the extract. Properties o Property AngularThresholdActivity ( ) As ...
interface_412,HybridShapeExtractMulti,Represents the hybrid shape ExtractMulti feature object.,Object,false,0,20,"\IUnknown\, \IDispatch\, \CATBaseUnknown\, \CATBaseDispatch\, \AnyObject\, \HybridShape\, \HybridShapeExtractMulti\",To access the data of the hybrid shape ExtractMulti feature object. Use the CATIAHybridShapeFactory to create a HybridShapeExtractMulti object. See also: HybridShapeFactory.AddNewExtractMulti Method Index AddConstraintTolerant Adds a constraint to the list of Extracted Elements. AddConstraint GetAngularThresholdActivity Returns the AngularThresholdActivity of the list of constraints at specified position. GetAngularThreshold Returns the AngularThreshold of the list of constraints at specified position. GetComplementaryExtractMulti Returns the Complementary flag checked/unchecked of the list of constraints at specified position. GetCurvatureThresholdActivity Returns the CurvatureThresholdActivity of the list of constraints at specified position. GetCurvatureThreshold Returns the CurvatureThreshold of the list of constraints at specified position. GetDistanceThresholdActivity Returns the DistanceThresholdActivity of the list of constraints at specified position. GetDistanceThreshold Returns the DistanceThreshold of the list of constraints at specified position. GetElement Returns the sub element used as init for the propagation. GetIsFederated Returns the IsFederated flag checked/unchecked of the l...
interface_413,HybridShapeExtrapol,Represents the hybrid shape extrapolation feature object.,Object,false,11,4,"\IUnknown\, \IDispatch\, \CATBaseUnknown\, \CATBaseDispatch\, \AnyObject\, \HybridShape\, \HybridShapeExtrapol\","To access the data of the hybrid shape affinity feature object. The hybrid shape extrapolation feature object is created by using an element (a curve or a surface), a boundary of this element (a point in case of curve extrapolation or a curve in case of surface extrapolation), and a limit (which can be specified by a length or a limit element). The continuity between the extrapolated element and the extrapolation can be either tangent continuity or curvature continuity. The extrapolation can be assembled or not with the extrapolated curve or surface. In case of surface extrapolation, extrapolation borders can be: Normal to the boundary of the extrapolated surface Tangent to the edges of the extrapolated surface, that are adjacent to the boundary Use the CATIAHybridShapeFactory to create a HybridShapeExtrapol object. See also: HybridShapeFactory Property Index BorderType Returns or sets the border type of extrapolation. Boundary Returns or sets the boundary of an extrapolated curve or surface from which extrapolation begins. ConstantLengthMode Returns or sets the constant distance mode in case of Length extrapolation limit. ContinuityType Returns or sets the continuity type between extrapolated element and extrapolation. ElemToExtrapol Returns or sets the curve or surface to extrapolate. ElemUntil Returns or sets the surface or volume specifying the extrapolation limit. ExtendEdgesMode Returns or sets the extension of extrapolated edges mode. <a h..."
interface_414,HybridShapeExtremum,Represents the hybrid shape extremum feature object.,Object,false,7,0,"\IUnknown\, \IDispatch\, \CATBaseUnknown\, \CATBaseDispatch\, \AnyObject\, \HybridShape\, \HybridShapeExtremum\","To access the data of the hybrid shape extremum feature object. This data includes: The three directions into which the extremum is detected The object onto which the extremum is detected The extremum type of each direction Use the CATIAHybridShapeFactory to create a HybridShapeExtremum object. See also: HybridShapeFactory Property Index Direction2 Returns or sets the second direction into which the extremum is detected. Direction3 Returns or sets the third direction into which the extremum is detected. Direction Returns or sets the direction into which the extremum is detected. ExtremumType2 Returns or sets the extremum type of the second direction. ExtremumType3 Returns or sets the extremum type of the third direction. ExtremumType Returns or sets the extremum type. ReferenceElement Returns or sets the object on which the extremum is detected. Properties o Property Direction2 ( ) As activateLink('HybridShapeDirection','HybridShapeDirection') Returns or sets the second direction into which the extremum is detected. o Property Direction3 ( ) As activateLink('HybridShapeDirection','HybridShapeDirection') </t..."
interface_415,HybridShapeExtremumPolar,Represents the hybrid shape extremum polar feature.,Object,false,7,0,"\IUnknown\, \IDispatch\, \CATBaseUnknown\, \CATBaseDispatch\, \AnyObject\, \HybridShape\, \HybridShapeExtremumPolar\","To access the data of the extremum polar feature . This data includes: The contour The support (if exist ) The direction of evaluation The extermum type Use the HybridShapeFactory.AddNewExtremumPolarto create a HybridShapeExtremumPolar object. Property Index Angle returns the resulting angle of extremum. Contour returns or sets the input contour. Dir returns or sets the direction of computation. ExtremumType returns or sets the type of extremum. Origin returns or sets the origin of the polar axis. Radius returns the resulting radius of extremum. Support returns or sets the support (if exist). Properties o Property Angle ( ) As activateLink('Angle','Angle') (Read Only) returns the resulting angle of extremum. o Property Contour ( ) As activateLink('Reference','Reference') returns or sets the input contour. o Property Dir ( ) As activateLink('HybridShapeDirection','HybridShapeDirection') returns or sets the direction of computation. o ..."
interface_416,HybridShapeExtrude,The Extrude feature : an Extrude is made up of a face to process and one Extrude parameter.,Object,false,11,0,"\IUnknown\, \IDispatch\, \CATBaseUnknown\, \CATBaseDispatch\, \AnyObject\, \HybridShape\, \HybridShapeExtrude\","To access the data of the hybrid shape extrude feature object. LICENSING INFORMATION: Creation of volume result requires GSO License if GSO License is not granted , settting of Volume context has not effect Property Index BeginOffset Role : To get_BeginOffset on the object. Context Returns or sets the context on Extrude feature. Direction Role : To get_Direction on the object. EndOffset Role : To get_EndOffset on the object. ExtrudedObject Role : To get_ExtrudedObject on the object. FirstLimitType Returns or sets the First limit type. FirstUptoElement Returns or sets the First up-to element used to limit extrusion. Orientation Gets or sets orientation of the extrude. SecondLimitType Returns or sets the Second limit type. SecondUptoElement Returns or sets the Second up-to element used to limit extrusion. SymmetricalExtension Returns or sets the symmetrical extension on Extrude limits. Properties o Property BeginOffset ( ) As activateLink('Length','Length') (Read Only) Role : To get_BeginOffset on the object. For surface extrude, if limit type is upto, this offset value is not used. In ..."
interface_417,HybridShapeFactory,Interface to create all kinds of HybridShape objects that may be needed in wireframe and surface design.,Object,false,0,20,"\IUnknown\, \IDispatch\, \CATBaseUnknown\, \CATBaseDispatch\, \AnyObject\, \Factory\, \HybridShapeFactory\",Unknown
interface_418,HybridShapeFill,The Fill feature : an Fill is made up of a face to process and one Fill parameter.,Object,false,5,19,"\IUnknown\, \IDispatch\, \CATBaseUnknown\, \CATBaseDispatch\, \AnyObject\, \HybridShape\, \HybridShapeFill\",Unknown
interface_419,HybridShapeFilletBiTangent,Fillet Bi-Tangent feature.,Object,false,15,6,"\IUnknown\, \IDispatch\, \CATBaseUnknown\, \CATBaseDispatch\, \AnyObject\, \HybridShape\, \HybridShapeFilletBiTangent\","Manipulation of Fillet Bi-Tangent feature Allows to access data of the Fillet Bi-Tangent feature created by using two support surfaces, their orientation, a radius, and options (supports trimming and fillet extremities type) See also: HybridShapeFactory ."
interface_420,HybridShapeFilletTriTangent,Fillet Tri-Tangent feature.,Object,false,8,3,"\IUnknown\, \IDispatch\, \CATBaseUnknown\, \CATBaseDispatch\, \AnyObject\, \HybridShape\, \HybridShapeFilletTriTangent\","Manipulation of Fillet Tri-Tangent feature Allows to access data of the Fillet Tri-Tangent feature created by using three support surfaces, their orientation, and options (supports trimming and fillet extremities type) See also: HybridShapeFactory ."
interface_421,HybridShapeHealing,Represents the hybrid shape healing feature object.,Object,false,10,15,"\IUnknown\, \IDispatch\, \CATBaseUnknown\, \CATBaseDispatch\, \AnyObject\, \HybridShape\, \HybridShapeHealing\",Allows to access to the body to process for a Healing feature. Use the CATIAHybridShapeFactory to create HybridShapeFeature object. See also: HybridShapeFactory.AddNewHealing .
interface_422,HybridShapeHelix,Represents the hybrid shape helix feature object.,Object,false,12,6,"\IUnknown\, \IDispatch\, \CATBaseUnknown\, \CATBaseDispatch\, \AnyObject\, \HybridShape\, \HybridShapeHelix\",Allows to access data of the Helix feature. This data includes: axis a starting point a pitch a height 2 angle values See also: HybridShapeFactory .
interface_423,HybridShapeInstance,The interface to access a CATIAHybridShapeInstance.,Object,false,3,10,"\IUnknown\, \IDispatch\, \CATBaseUnknown\, \CATBaseDispatch\, \AnyObject\, \HybridShape\, \HybridShapeInstance\",Unknown
interface_424,HybridShapeIntegratedLaw,"Represents the hybrid shape """"integrated"""" law feature object.",Object,false,7,7,"\IUnknown\, \IDispatch\, \CATBaseUnknown\, \CATBaseDispatch\, \AnyObject\, \HybridShape\, \HybridShapeIntegratedLaw\","To access the data of the hybrid shape """"integrated"""" law feature object. Use the CATIAHybridShapeFactory to create a HybridShapeIntegratedLaw object. See also: HybridShapeFactory.AddNewIntegratedLaw Property Index AdvancedLaw Gets or sets the external law. EndParam Gets end parameter. ImplicitLawInterpolationMode Gets or sets Interpolation mode for implicit law. InvertMappingLaw Gets or sets the mapping orientation of the law. PitchLawType Gets or sets pitch law type. Spine Gets or sets Spine for implicit law. StartParam Gets start parameter. Method Index AppendNewPointAndParam Sets 'Point on spine' and associated parameter. GetPointAndParam Gets the point on spine and associated parameter at a given position. GetSize Gets the size of the list in the law i. RemoveAllPointsAndParams Removes all the points and associated parameters. RemovePointAndParam Removes a point and its parameter. SetEndParam Sets end parameter. SetStartParam Sets start parameter. <..."
interface_425,HybridShapeIntersection,Represents the hybrid shape intersection feature object.,Object,false,7,0,"\IUnknown\, \IDispatch\, \CATBaseUnknown\, \CATBaseDispatch\, \AnyObject\, \HybridShape\, \HybridShapeIntersection\",To access the data of the hybrid shape intersection object. This data includes: The first element to intersect The second element to intersect Use the CATIAHybridShapeFactory to create HybridShapeFeature object. See also: HybridShapeFactory .
interface_426,HybridShapeInverse,The Inverse feature : an Inverse is made up of a face to process and one Inverse parameter.,Object,false,2,0,"\IUnknown\, \IDispatch\, \CATBaseUnknown\, \CATBaseDispatch\, \AnyObject\, \HybridShape\, \HybridShapeInverse\",Unknown
interface_427,HybridShapeLawDistProj,Interface to law feature.,Object,false,7,5,"\IUnknown\, \IDispatch\, \CATBaseUnknown\, \CATBaseDispatch\, \AnyObject\, \HybridShape\, \HybridShapeLawDistProj\",Allows you to access data of a law feature created by using a reference line and a definition curve. See also: HybridShapeFactory .
interface_428,HybridShapeLineAngle,"Line defined from a reference curve, a plane or a surface, a point and an angle.",Object,false,8,4,"\IUnknown\, \IDispatch\, \CATBaseUnknown\, \CATBaseDispatch\, \AnyObject\, \HybridShape\, \Line\, \HybridShapeLineAngle\",Allows to access data of the the line feature created with an angle to a curve.
interface_429,HybridShapeLineBiTangent,Line tangent to a curve.,Object,false,3,4,"\IUnknown\, \IDispatch\, \CATBaseUnknown\, \CATBaseDispatch\, \AnyObject\, \HybridShape\, \Line\, \HybridShapeLineBiTangent\",To access data of the line feature created to be tangent to two entities.
interface_430,HybridShapeLineBisecting,Represents the hybrid shape bisecting line feature object.,Object,false,8,4,"\IUnknown\, \IDispatch\, \CATBaseUnknown\, \CATBaseDispatch\, \AnyObject\, \HybridShape\, \Line\, \HybridShapeLineBisecting\",To access the data of the hybrid shape bisecting line feature object. This data includes: The two lines used to create the bisecting line The reference point The support The start and end offsets The orientation The solution type Use the CATIAHybridShapeFactory to create a HybridShapeAffinity object. See also: HybridShapeFactory Property Index BeginOffset Returns the start offset of the line. Elem1 Returns or sets the first line used to create the bisecting line. Elem2 Returns or sets the second line used to create the bisecting line. EndOffset Returns the end offset of the line. Orientation Returns or sets the orientation used to compute the bisecting line. RefPoint Returns or sets the reference point used to create the bisecting line. SolutionType Returns or sets the solution type. Support Returns or sets the support used to create the bisecting line. Method Index GetLengthType Gets the length type Default is 0. GetSymmetricalExtension Gets whether the symmetrical extension of the line is active. SetLengthType Sets the length type Default is 0. SetSymmetricalExtension Sets the symmetrical ...
interface_431,HybridShapeLineExplicit,Represents the hybrid shape line explicit feature object.,Object,false,0,0,"\IUnknown\, \IDispatch\, \CATBaseUnknown\, \CATBaseDispatch\, \AnyObject\, \HybridShape\, \Line\, \HybridShapeLineExplicit\",Declare hybrid shape line explicit feature object. See also: HybridShapeFactory.AddNewLineDatum .
interface_432,HybridShapeLineNormal,Line defined by a point and a direction normal to a surface.,Object,false,5,4,"\IUnknown\, \IDispatch\, \CATBaseUnknown\, \CATBaseDispatch\, \AnyObject\, \HybridShape\, \Line\, \HybridShapeLineNormal\",To access data of the line feature created by using the normal direction of a surface Use the CATIAHybridShapeFactory to create a HybridShapeLineNormal object. See also: Reference See also: Length See also: HybridShapeDirection See also: HybridShapeFactory Property Index BeginOffset Returns the start length of the line. EndOffset Returns the end length of the line. Orientation Returns or Sets the line orientation. Point Returns or Sets the starting point of the line. Surface Returns or Sets the surface to which the line will be normal. Method Index GetLengthType Gets the length type Default is 0. GetSymmetricalExtension Gets whether the symmetrical extension of the line is active. SetLengthType Sets the length type Default is 0. SetSymmetricalExtension Sets the symmetrical extension of the line (start = -end). Properties o Property BeginOffset ( ) As activateLink('...
interface_433,HybridShapeLinePtDir,Line defined by a point and a direction.,Object,false,6,5,"\IUnknown\, \IDispatch\, \CATBaseUnknown\, \CATBaseDispatch\, \AnyObject\, \HybridShape\, \Line\, \HybridShapeLinePtDir\",To access data of the line feature created by using a passing point and a direction. Use the CATIAHybridShapeFactory to create a HybridShapeLinePtDir object. See also: Reference See also: Length See also: HybridShapeDirection See also: HybridShapeFactory Property Index BeginOffset Returns the start length of the line. Dir Returns or Sets the direction of the line. EndOffset Returns the end length of the line. Orientation Returns or Sets the line orientation. Point Returns or Sets the starting point of the line. Support Returns or Sets the supporting surface. Method Index GetLengthType Gets the length type Default is 0. GetSymmetricalExtension Gets whether the symmetrical extension of the line is active. RemoveSupport Removes the support surface. SetLengthType Sets the length type Default is 0. SetSymmetricalExtension Sets the symmetrical extension of the line (start = -end). <a nam...
interface_434,HybridShapeLinePtPt,Represents the hybrid shape line between two points feature object.,Object,false,5,5,"\IUnknown\, \IDispatch\, \CATBaseUnknown\, \CATBaseDispatch\, \AnyObject\, \HybridShape\, \Line\, \HybridShapeLinePtPt\","To access the data of the line feature created between two points. Use the CATIAHybridShapeFactory to create a HybridShapeLinePtPt object. See also: Reference See also: Length See also: HybridShapeFactory Property Index BeginOffset Returns the start length of the line. EndOffset Returns the end length of the line. PtExtremity Returns or Sets the extremity point of the LinePtPt(Second Point). PtOrigine Returns or Sets the origin point of the LinePtPt(First point). Support Returns or Sets the supporting surface. Method Index GetLengthType Gets the length type Default is 0. GetSymmetricalExtension Gets whether the symmetrical extension of the line is active. RemoveSupport Removes the support surface. SetLengthType Sets the length type Default is 0. SetSymmetricalExtension Sets the symmetrical extension of the line (start = -end). Properties o Property BeginOffset ( ) As activateLink('Length','Length')</script..."
interface_435,HybridShapeLineTangency,Line tangent to a curve.,Object,false,6,5,"\IUnknown\, \IDispatch\, \CATBaseUnknown\, \CATBaseDispatch\, \AnyObject\, \HybridShape\, \Line\, \HybridShapeLineTangency\",To access data of the line feature created to be tangent to a curve at a given point. Use the CATIAHybridShapeFactory to create a HybridShapeLineTangency object. See also: Reference See also: Length See also: HybridShapeFactory Property Index BeginOffset Returns the start length of the line. Curve Returns or Sets the curve to which the line will be tangent. EndOffset Returns the end length of the line. Orientation Returns or Sets the line orientation. Point Returns or Sets the starting point of the line. Support Returns or Sets the support surface. Method Index GetLengthType Gets the length type Default is 0. GetSymmetricalExtension Gets whether the symmetrical extension of the line is active. RemoveSupport Removes the support surface. SetLengthType Sets the length type Default is 0. SetSymmetricalExtension Sets the symmetrical extension of the line (start = -end). Properties o Property BeginOffset</...
interface_436,HybridShapeLoft,Represents the hybrid shape loft surface feature object.,Object,false,11,20,"\IUnknown\, \IDispatch\, \CATBaseUnknown\, \CATBaseDispatch\, \AnyObject\, \HybridShape\, \HybridShapeLoft\","To access the data of the hybrid shape loft surface feature object. This data includes: The spine The tangent surfaces to the start and end sections Guide curves, sections, and couplings Use the CATIAHybridShapeFactory to create a HybridShapeLoft object. LICENSING INFORMATION: Creation of volume result requires GSO License if GSO License is not granted , settting of Volume context has not effect Use the CATIAHybridShapeFactory to create a HybridShapeLoft object. See also: HybridShapeFactory Property Index BooleanOperation Gets or sets the boolean operation for closed lofted surface. CanonicalDetection Returns or sets whether canonical surfaces of the lofted surface are detected. CompEndSectionTangent Returns or sets whether the tangent surface to the end section of the lofted surface is computed. CompStartSectionTangent Returns or sets whether the tangent surface to the start section of the lofted surface is computed. Context Returns or sets the context on Loft feature. Relimitation Returns or sets the relimitation type between sections of the loft. SectionCoupling Returns or sets the type of coupling between sections of the loft. SmoothAngleThresholdActivity Returns or sets whether a angular threshold is allowed or not during lofting operation in order to smooth it. SmoothAngleThreshold Returns or s..."
interface_437,HybridShapeNear,The Near feature : an Near is made up of a face to process and one Near parameter.,Object,false,2,0,"\IUnknown\, \IDispatch\, \CATBaseUnknown\, \CATBaseDispatch\, \AnyObject\, \HybridShape\, \HybridShapeNear\",Unknown
interface_438,HybridShapeOffset,Represents the hybrid shape offset feature object.,Object,false,4,4,"\IUnknown\, \IDispatch\, \CATBaseUnknown\, \CATBaseDispatch\, \AnyObject\, \HybridShape\, \HybridShapeOffset\","To access the data of the hybrid shape offset feature object. This data includes: The element to offset The offset direction The offset value Use the CATIAHybridShapeFactory to create a HybridShapeOffset object. See also: HybridShapeFactory Property Index OffsetDirection Returns or sets whether the offset direction is to be inverted. OffsetValue Returns or sets the offset value. OffsetedObject Returns or sets the face to offset. SuppressMode Returns or sets suppress mode. Method Index AddTrickyFace Adds a tricky face object on the object. GetTrickyFace Returns the invalid face object on the object. RemoveTrickyFace Remove the tricky face object on the object. SetOffsetValue Set Offset value with input as double. Properties o Property OffsetDirection ( ) As activateLink('boolean','boolean') Returns or sets whether the offset direction is to be inverted. True to invert the offset direction. o Property OffsetValue ( ) As activateLink('Length','Length') ..."
interface_439,HybridShapePlane1Curve,plane through a curve.,Object,false,1,0,"\IUnknown\, \IDispatch\, \CATBaseUnknown\, \CATBaseDispatch\, \AnyObject\, \HybridShape\, \Plane\, \HybridShapePlane1Curve\",Allows to access data of the plane feature passing though a planar curve.
interface_440,HybridShapePlane1Line1Pt,Represents plane feature defined by a line and a point.,Object,false,2,0,"\IUnknown\, \IDispatch\, \CATBaseUnknown\, \CATBaseDispatch\, \AnyObject\, \HybridShape\, \Plane\, \HybridShapePlane1Line1Pt\",Allows to access data of the plane feature passing though one line and one point.
interface_441,HybridShapePlane2Lines,plane defined by two lines.,Object,true,3,0,"\IUnknown\, \IDispatch\, \CATBaseUnknown\, \CATBaseDispatch\, \AnyObject\, \HybridShape\, \Plane\, \HybridShapePlane2Lines\",Allows to access data of the plane feature passing though two lines.
interface_442,HybridShapePlane3Points,Represents the hybrid shape plane through three points feature object.,Object,true,3,0,"\IUnknown\, \IDispatch\, \CATBaseUnknown\, \CATBaseDispatch\, \AnyObject\, \HybridShape\, \Plane\, \HybridShapePlane3Points\",Allows to access data of the plane feature passing though three points. This data includes: The first point The second point The third point Use the CATIAHybridShapeFactory to create HybridShapeFeature object. See also: HybridShapeFactory .
interface_443,HybridShapePlaneAngle,Represents the hybrid shape plane angle feature object.,Object,false,5,0,"\IUnknown\, \IDispatch\, \CATBaseUnknown\, \CATBaseDispatch\, \AnyObject\, \HybridShape\, \Plane\, \HybridShapePlaneAngle\","To access the data of the hybrid shape plane angle feature object, created with an angle to another plane. This data includes: The rotation axis The rotation angle The reference plane Use the CATIAHybridShapeFactory to create a HybridShapePlaneAngle object. See also: HybridShapeFactory Property Index Angle Returns the rotation angle. Orientation Returns or sets the plane orientation. Plane Returns or sets the reference plane. ProjectionMode Gets or sets the projection mode status. RevolAxis Returns or sets the rotation axis. Properties o Property Angle ( ) As activateLink('Angle','Angle') (Read Only) Returns the rotation angle. o Property Orientation ( ) As activateLink('long','long') Returns or sets the plane orientation. Role : The orientation allows you to invert the plane from the reference plane. Legal values : the orientation is 1 if the plane orientation is not inverted, and -1 otherwise. o Property Plane ( ) As activateLink('Reference','Reference') Returns or sets the reference plane. Sub-element(s) supported (see <a href=""""#"""" o..."
interface_444,HybridShapePlaneEquation,Plane define by an equation plane.,Object,false,1,2,"\IUnknown\, \IDispatch\, \CATBaseUnknown\, \CATBaseDispatch\, \AnyObject\, \HybridShape\, \Plane\, \HybridShapePlaneEquation\",Allows to access data of the plane feature created by its cartesian equation. Plane equation is Ax+By+Cz = D.
interface_445,HybridShapePlaneExplicit,Represents the hybrid shape Plane explicit feature object.,Object,false,0,0,"\IUnknown\, \IDispatch\, \CATBaseUnknown\, \CATBaseDispatch\, \AnyObject\, \HybridShape\, \Plane\, \HybridShapePlaneExplicit\",Declare hybrid shape Plane explicit feature object. See also: HybridShapeFactory.AddNewPlaneDatum .
interface_446,HybridShapePlaneMean,Represents the hybrid shape mean plane feature object.,Object,false,0,7,"\IUnknown\, \IDispatch\, \CATBaseUnknown\, \CATBaseDispatch\, \AnyObject\, \HybridShape\, \Plane\, \HybridShapePlaneMean\","To access the data of the hybrid shape mean plane feature object. This data includes: The list of points Use the CATIAHybridShapeFactory to create a HybridShapePlaneMean object. See also: HybridShapeFactory Method Index AddPoint Adds a point to the mean plane. GetPoint Retrieves the point at a given position. GetPos Gets the position of an element in the list. GetSize Gets the size of the list (number of points). RemoveAll Removes all elements in the list of points. RemoveElement Removes a point in the list. ReplacePointAtPosition Replaces a point in the list at the given position. Methods o Sub AddPoint ( activateLink('Reference','Reference') iPassingPoint ) Adds a point to the mean plane. Parameters: iPassingPoint The point to add Sub-element(s) supported (see Boundary object): Vertex . o Sub GetPoint ( activateLink('long','long') iRank , activateLink('Refere..."
interface_447,HybridShapePlaneNormal,Normal plane.,Object,false,2,0,"\IUnknown\, \IDispatch\, \CATBaseUnknown\, \CATBaseDispatch\, \AnyObject\, \HybridShape\, \Plane\, \HybridShapePlaneNormal\",Allows to access data of the plane feature normal to a curve at a given point.
interface_448,HybridShapePlaneOffset,Offset plane.,Object,false,3,0,"\IUnknown\, \IDispatch\, \CATBaseUnknown\, \CATBaseDispatch\, \AnyObject\, \HybridShape\, \Plane\, \HybridShapePlaneOffset\",Allows to access data of the plane feature created with an offset to another plane.
interface_449,HybridShapePlaneOffsetPt,Offset plane with point reference.,Object,false,2,0,"\IUnknown\, \IDispatch\, \CATBaseUnknown\, \CATBaseDispatch\, \AnyObject\, \HybridShape\, \Plane\, \HybridShapePlaneOffsetPt\",Allows to access data of the plane feature parallel to another plane and passing through a Point.
interface_450,HybridShapePlaneTangent,Tangency plane.,Object,false,2,0,"\IUnknown\, \IDispatch\, \CATBaseUnknown\, \CATBaseDispatch\, \AnyObject\, \HybridShape\, \Plane\, \HybridShapePlaneTangent\",Allows to access data of the the plane feature tangent to a surface at a given point.
interface_451,HybridShapePointBetween,Represents the hybrid shape PointBetween feature object.,Object,false,5,0,"\IUnknown\, \IDispatch\, \CATBaseUnknown\, \CATBaseDispatch\, \AnyObject\, \HybridShape\, \Point\, \HybridShapePointBetween\",To access the data of the hybrid shape PointBetween feature object. This data includes: The first reference point The second reference point See also: HybridShapeFactory .
interface_452,HybridShapePointCenter,Represents the hybrid shape PointCenter feature object.,Object,false,1,0,"\IUnknown\, \IDispatch\, \CATBaseUnknown\, \CATBaseDispatch\, \AnyObject\, \HybridShape\, \Point\, \HybridShapePointCenter\","To access the data of the hybrid shape PointCenter feature object. It has been created by the CATIAHybridShapeFactory. This data includes: The circle, ellipsa element See also: HybridShapeFactory ."
interface_453,HybridShapePointCoord,Point defined by coordinates.,Object,false,2,0,"\IUnknown\, \IDispatch\, \CATBaseUnknown\, \CATBaseDispatch\, \AnyObject\, \HybridShape\, \Point\, \HybridShapePointCoord\",To access data of the point feature created with its cartesian coordinates. See also: Length See also: Reference See also: HybridShapeFactory .
interface_454,HybridShapePointExplicit,Represents the hybrid shape point explicit feature object.,Object,false,0,0,"\IUnknown\, \IDispatch\, \CATBaseUnknown\, \CATBaseDispatch\, \AnyObject\, \HybridShape\, \Point\, \HybridShapePointExplicit\",Declare hybrid shape point explicit feature object. See also: HybridShapeFactory.AddNewPointDatum .
interface_455,HybridShapePointOnCurve,Represents the hybrid shape point on a curve.,Object,false,9,0,"\IUnknown\, \IDispatch\, \CATBaseUnknown\, \CATBaseDispatch\, \AnyObject\, \HybridShape\, \Point\, \HybridShapePointOnCurve\","To access the data of the point object created on a curve. This data includes: The curve onto which the point is created The reference point from which the point is created The curvilinear distance from the reference point The ratio of distance with respect to the curve length The distance stored value type, either distance or ratio The curve orientation The distance type, either geodesic or euclidean. The direction along which point is created with specified distance. Use the HybridShapeFactory to create a HybridShapePointOnCurve object. Property Index Curve Returns or sets the curve onto which the point is or should be created. Direction Returns or sets the direction along which the point is or should be created. DistanceType Returns or sets the distance type. Offset Returns the distance to the reference point. OnCurveType Returns or sets the OnCurve type for created point on curve. Orientation Returns or sets the curve orientation. Point Returns or sets the reference point. Ratio Returns the distance ratio to the reference point. Type Returns the distance stored value type. Properties o Property Curve ( ) As activateLink('Reference','Reference') </..."
interface_456,HybridShapePointOnPlane,Point on a plane.,Object,false,6,2,"\IUnknown\, \IDispatch\, \CATBaseUnknown\, \CATBaseDispatch\, \AnyObject\, \HybridShape\, \Point\, \HybridShapePointOnPlane\","Allows to access data of the point feature created on a plane with a reference point or not. See also: Length , Reference , HybridShapeDirection , HybridShapeFactory ."
interface_457,HybridShapePointOnSurface,Represents the Point on Surface feature objects.,Object,false,4,0,"\IUnknown\, \IDispatch\, \CATBaseUnknown\, \CATBaseDispatch\, \AnyObject\, \HybridShape\, \Point\, \HybridShapePointOnSurface\",Allows to access data of the point feature created with a geodesic distance in a direction to a reference point on a surface See also: Length See also: Reference See also: HybridShapeDirection See also: HybridShapeFactory .
interface_458,HybridShapePointTangent,Point Tangent.,Object,false,2,0,"\IUnknown\, \IDispatch\, \CATBaseUnknown\, \CATBaseDispatch\, \AnyObject\, \HybridShape\, \Point\, \HybridShapePointTangent\",Allows to access data of the point feature created as follow : The tangent to the curve at this point is colinear to a given direction. Note: The resulting feature can contain several points. See also: Length See also: Reference See also: HybridShapeDirection See also: HybridShapeFactory .
interface_459,HybridShapePolyline,Represents the hybrid shape polyline curve object.,Object,false,2,5,"\IUnknown\, \IDispatch\, \CATBaseUnknown\, \CATBaseDispatch\, \AnyObject\, \HybridShape\, \HybridShapePolyline\","To access or set the data of the hybrid shape polyline object. This data includes: Elements Radius Support Closure Use the HybridShapeFactory object to create a HybridShapePolyline object. Property Index Closure Returns or sets the flag to decide closure of the polyline. NumberOfElements Returns the number of elements of the polyline. Method Index GetElement Returns the element of the polyline. InsertElement Inserts the element at a specified position in the polyline. RemoveElement Removes the element at a specified position in the polyline. ReplaceElement Replaces the element at a specified position in the polyline. SetRadius Sets the radius at specified position of the polyline. Properties o Property Closure ( ) As activateLink('boolean','boolean') Returns or sets the flag to decide closure of the polyline. Parameters: Closure (For get_Closure) Returns or sets the closure property Example : This example retrieves the closure property of the polyline of the HybShpPolyline hybrid shape polyline. Dim HybShpPolClosure As boolean HybShpPolClosure = HybShpPolyline. Closure <..."
interface_460,HybridShapePositionTransfo,Represents the hybrid shape position transformation feature object.,Object,false,3,14,"\IUnknown\, \IDispatch\, \CATBaseUnknown\, \CATBaseDispatch\, \AnyObject\, \HybridShape\, \HybridShapePositionTransfo\",To access the data of the hybrid shape position transformation feature object. This data includes: The positioning mode The profile to be positioned The initila and target planes Use the CATIAHybridShapeFactory to create a HybridShapePositionTransfo object. See also: HybridShapeFactory Property Index InitialDirectionComputationMode Gets or sets the computation mode of the X axis (or direction) of the initial axis system. Mode Returns or sets the positioning mode. Profile Returns or sets the profile to be positioned. Method Index GetNbPosAngle Gets the number of numerical positioning parameters : first axis direction angles. GetNbPosCoord Gets the number of numerical positioning parameters : origin planar coordinates. GetPosAngle Returns angles of both initial and target coordinate systems from default positions. GetPosCoord Returns translation coordinates if both initial and target coordinate systems from default positions. GetPosPoint Returns the points designated as the origins of the initial and target planes. GetPosSwapAxes Returns axis inversion from previous definitions for both initial and target planes. GetPositionDirection Returns the positioning directions. RemoveAllPosAngle Re...
interface_461,HybridShapeProject,Represents the hybrid shape project feature object.,Object,false,8,0,"\IUnknown\, \IDispatch\, \CATBaseUnknown\, \CATBaseDispatch\, \AnyObject\, \HybridShape\, \HybridShapeProject\",To access data of the hybrid shape project feature. The data includes: The element to project which is a point or a curve The support element which is a curve or a surface The projection type ( normal or along a direction) The projection direction if needed The option to have either the nearest solution or all solutions Use the CATIAHybridShapeFactory to create HybridShapeFeatures objects. See also: HybridShapeFactory .
interface_462,HybridShapeReflectLine,Represents the hybrid shape reflect line feature object.,Object,false,8,2,"\IUnknown\, \IDispatch\, \CATBaseUnknown\, \CATBaseDispatch\, \AnyObject\, \HybridShape\, \HybridShapeReflectLine\",To access the data of the hybrid shape reflect line feature object. This data includes: The surface used to create the reflect line The direction (cylindrical) The origin (conical) The angle value Use the CATIAHybridShapeFactory to create a HybridShapeReflectLine object. See also: HybridShapeFactory Property Index Angle Returns or sets the angle used to create the reflectline. Direction Returns or sets the direction used to create the cylindrical reflectline. OrientationDirection Returns or sets the direction orientation used to compute the reflect line. OrientationSupport Returns or sets the support orientation used to compute the reflect line. Origin Returns or sets the origin point used to create the conical reflectline. SourceType Returns or sets whether the reflectline curve is or should be created with infinite light source (cylindrical) or with finite point light source (conical). Support Returns or sets the support surface used to create the reflectline. TypeSolution Returns or sets whether the reflectline curve is or should be created with the normal to the support or the tangent plane to the support. Method Index InvertOrientationDirection Inverts the orientation of direction. ...
interface_463,HybridShapeRevol,The Revol feature : an Revol is made up of a face to process and one Revol parameter.,Object,false,6,0,"\IUnknown\, \IDispatch\, \CATBaseUnknown\, \CATBaseDispatch\, \AnyObject\, \HybridShape\, \HybridShapeRevol\","To access the data of the hybrid shape revol feature object. LICENSING INFORMATION: Creation of volume result requires GSO License if GSO License is not granted , settting of Volume context has not effect Property Index Axis Role : To get_Axis on the object. BeginAngle Role : To get_BeginAngle on the object. Context Returns or sets the context on Revolve feature. EndAngle Role : To get_EndAngle on the object. Orientation Gets or sets orientation of the revolution. Profil Role : To get_Profil on the object. Properties o Property Axis ( ) As activateLink('Reference','Reference') Role : To get_Axis on the object. Parameters: oDir return value for CATScript applications, with (IDLRETVAL) function type See also: Reference Returns: HRESULT S_OK if Ok E_FAIL else return error code for C++ Implementations See also: HybridShapeFactory o Property BeginAngle ( ) As activateLink('Angle','Angle') (Read Only) Role : To get_BeginAngle on the object. Parameters:</b..."
interface_464,HybridShapeRotate,Represents the hybrid shape rotate feature object.,Object,false,13,2,"\IUnknown\, \IDispatch\, \CATBaseUnknown\, \CATBaseDispatch\, \AnyObject\, \HybridShape\, \HybridShapeRotate\","To access the data of the hybrid shape rotate feature object. This data includes: The element to be rotated The rotation axis The angle and its value LICENSING INFORMATION: Creation of volume result requires GSO License if GSO License is not granted , settting of Volume context has not effect Use the CATIAHybridShapeFactory to create HybridShapeFeature object. See also: HybridShapeFactory Property Index AngleValue Returns or sets the rotation angle value. Angle Returns the rotation angle. Axis Returns or sets the rotation axis. ElemToRotate Retuns or sets the element to be rotated. FirstElement Returns or sets the first element defining the rotation angle. FirstPoint Returns or sets the first point defining the rotation. OrientationOfFirstElement Returns or sets the orientation of the first element defining the rotation angle. OrientationOfSecondElement Returns or sets the orientation of the second element defining the rotation angle. RotationType Returns or sets the type of the rotation definition. SecondElement Returns or sets the second element defining the rotation angle. SecondPoint Returns or sets the second point defining the rotation. ThirdPoint Returns or sets the third point defining the rotation. ..."
interface_465,HybridShapeScaling,Represents the hybrid shape scaling feature object.,Object,false,6,0,"\IUnknown\, \IDispatch\, \CATBaseUnknown\, \CATBaseDispatch\, \AnyObject\, \HybridShape\, \HybridShapeScaling\","To access the data of the hybrid shape feature object. This data includes: The element to be transformed using the scaling The reference element for the scaling which is a point or a plane The ratio and its value Use the CATIAHybridShapeFactory to create HybridShapeFeature object. LICENSING INFORMATION: Creation of volume result requires GSO License if GSO License is not granted , settting of Volume context has not effect See also: HybridShapeFactory Property Index Center Returns or sets the reference element. CreationMode Returns or sets the creation mode(creation or modification). ElemToScale Returns or sets the element to scale. RatioValue Returns or sets the scaling ratio value. Ratio Returns the scaling ratio. VolumeResult Returns or sets the volume result. Properties o Property Center ( ) As activateLink('Reference','Reference') Returns or sets the reference element.This element can be a point or a plane. Sub-element(s) supported (see Boundary object): PlanarFace or Vertex . Example : This example retrieves in RefElem the reference ele..."
interface_466,HybridShapeSection,Interface to hybrid shape section feature.,Object,false,1,0,"\IUnknown\, \IDispatch\, \CATBaseUnknown\, \CATBaseDispatch\, \AnyObject\, \HybridShape\, \HybridShapeSection\",Allows you to access data of the Hybrid Shape Section feature. See also: HybridShapeFactory.AddNewSection .
interface_467,HybridShapeSphere,Represents the hybrid shape sphere feature object.,Object,false,8,5,"\IUnknown\, \IDispatch\, \CATBaseUnknown\, \CATBaseDispatch\, \AnyObject\, \HybridShape\, \HybridShapeSphere\",To access the data of the hybrid shape sphere explicit feature object. The Sphere feature : a Sphere is made up of 4 angles parameters. See also: HybridShapeFactory .
interface_468,HybridShapeSpine,Represents the hybrid spine curve feature object.,Object,false,2,9,"\IUnknown\, \IDispatch\, \CATBaseUnknown\, \CATBaseDispatch\, \AnyObject\, \HybridShape\, \HybridShapeSpine\",Use the CATIAHybridShapeFactory to create a HybridShapeSpine object. See also: HybridShapeFactory .
interface_469,HybridShapeSpiral,Represents the hybrid shape Spiral feature object.,Object,false,10,3,"\IUnknown\, \IDispatch\, \CATBaseUnknown\, \CATBaseDispatch\, \AnyObject\, \HybridShape\, \HybridShapeSpiral\",Allows to access data of the Spiral feature. This data includes: type support centre point axis starting radius orientation ending angle ending radius revolution pitch See also: HybridShapeFactory .
interface_470,HybridShapeSpline,Represents the hybrid shape spline feature object.,Object,false,0,20,"\IUnknown\, \IDispatch\, \CATBaseUnknown\, \CATBaseDispatch\, \AnyObject\, \HybridShape\, \HybridShapeSpline\",To access the data of the hybrid shape spline feature object. This data includes: The support surface The control points The tension at each control point The curvature radius at each control point Use the CATIAHybridShapeFactory to create a HybridShapeAffinity object. See also: HybridShapeFactory Method Index AddPointWithConstraintExplicit Add a new point with explicit tangency and curvature. AddPointWithConstraintFromCurve Add a new point with tangency/curvature from a curve. AddPoint Add a new point . GetClosure Gets whether the curve is closed. GetConstraintType Returns the ControlPoint type at the given position. GetCurvatureRadius Returns the curvature radius value for each point of the spline. GetDirectionInversion Gets the orientation of the tangent direction . GetNbControlPoint Returns the number of control points. GetPointConstraintExplicit Returns the Constraint of the point at iPos. GetPointConstraintFromCurve Returns the Constraint of the point at iPos. GetPointPosition Returns the position of a given point. GetPoint Returns the Point at the given position. GetSplineType Gets th...
interface_471,HybridShapeSplit,Represents the hybrid shape split feature object.,Object,false,8,17,"\IUnknown\, \IDispatch\, \CATBaseUnknown\, \CATBaseDispatch\, \AnyObject\, \HybridShape\, \HybridShapeSplit\","To access data of the hybrid shape split feature. This data includes: The element to be cut (surface or curve) The cutting element ( surface, curve or point) An orientation to specify which side has to be kept LICENSING INFORMATION: Creation of volume result requires GSO License if GSO License is not granted , settting of Volume context has not effect Use the CATIAHybridShapeFactory to create HybridShapeFeature object. See also: HybridShapeFactory Property Index AutomaticExtrapolationMode Gets or sets the automatic extrapolation mode status. BothSidesMode Gets or sets both sides computation mode. CuttingElem Returns or sets the cutting element. ElemToCut Returns or sets the element to cut. IntersectionComputation Gets or sets Intersection computation mode. Orientation Returns or sets the orientation used to compute the split. Support Returns or sets the support element. VolumeResult Returns or sets the Result Type. Method Index AddCuttingElem Adds a cutting feature. AddElementToKeep Adds an element to specifications. AddElementToRemove Adds an element to specifications. GetCutti..."
interface_472,HybridShapeSurfaceExplicit,Represents the hybrid shape Surface explicit feature object.,Object,false,0,0,"\IUnknown\, \IDispatch\, \CATBaseUnknown\, \CATBaseDispatch\, \AnyObject\, \HybridShape\, \HybridShapeSurfaceExplicit\",Declare hybrid shape Surface explicit feature object. See also: HybridShapeFactory.AddNewSurfaceDatum .
interface_473,HybridShapeSweep,Represents the hybrid shape Sweep feature object.,Object,false,2,6,"\IUnknown\, \IDispatch\, \CATBaseUnknown\, \CATBaseDispatch\, \AnyObject\, \HybridShape\, \HybridShapeSweep\","Declare hybrid shape Sweep root feature object. All interfaces for different type of sweep derivates HybridShapeSweep. Use the CATIAHybridShapeFactory to create a HybridShapeSweep objects. See also: HybridShapeFactory Property Index FillTwistedAreas Returns or sets the fill twisted areas mode. SetbackValue Returns or sets the setback value. Method Index AddCutPoints Sets two cut points on the master guide. AddFillPoints Sets two fill points on the master guide. GetCutPoint GetFillPoint RemoveAllCutPoints Removes all cut points. RemoveAllFillPoints Removes all fill points. Properties o Property FillTwistedAreas ( ) As activateLink('long','long') Returns or sets the fill twisted areas mode. o Property SetbackValue ( ) As activateLink('double','double') Returns or sets the setback value. Methods o Sub AddCutPoints ( activateLink('Reference','Reference') <t..."
interface_474,HybridShapeSweepCircle,Represents the hybrid shape sweep circle feature object.,Object,false,15,20,"\IUnknown\, \IDispatch\, \CATBaseUnknown\, \CATBaseDispatch\, \AnyObject\, \HybridShape\, \HybridShapeSweep\, \HybridShapeSweepCircle\","To access the data of the hybrid shape sweep circle feature object. LICENSING INFORMATION: Creation of volume result requires GSO License if GSO License is not granted , settting of Volume context has not effect See also: HybridShapeFactory Property Index CanonicalDetection Returns or sets whether canonical surfaces of the swept surface are detected. ChoiceNo Returns or sets the choice number, which corresponds to each solution of a given circular sweep case. Context Returns or sets the context on Sweep feature. FirstAngleLawInversion Returns or sets the first angle law inversion information. FirstAngleLaw Returns or sets the first angle law useful in some circular sweep types. FirstGuideCrv Returns or sets the sweep operation first guide curve. GuideDeviationActivity Returns or sets information whether a deviation from guide curves is allowed or not. GuideDeviation Returns the deviation value (length) from guide curves allowed during a sweeping operation in order to smooth it. Mode Returns or sets the circular sweep mode. RadiusLawInversion Returns or sets the radius law inversion information. RadiusLawType Returns or sets the radius law type. RadiusLaw Returns or sets the radius law feature. Reference ..."
interface_475,HybridShapeSweepConic,Represents the hybrid shape conic sweep feature.,Object,false,15,18,"\IUnknown\, \IDispatch\, \CATBaseUnknown\, \CATBaseDispatch\, \AnyObject\, \HybridShape\, \HybridShapeSweep\, \HybridShapeSweepConic\",To access the data of the conic sweep feature . Use the HybridShapeFactory.AddNewSweepConic to create a HybridShapeConicSweep object. Property Index CanonicalDetection Returns or sets whether canonical surfaces of the swept surface are detected. FifthGuideCrv Returns or sets the fifth guide curve. FirstGuideCrv Returns or sets the first guide curve. FourthGuideCrv Returns or sets the fourth guide curve. GuideDeviationActivity Returns or sets information whether a deviation from guide curves is allowed or not. GuideDeviation Returns deviation value (length) from guide curves allowed during sweeping operation in order to smooth it. ParameterLawInversion Returns or sets the parameter law inversion flag of conic sweep operation. ParameterLawType Returns or sets the parameter law type in conic sweep operation. ParameterLaw Returns or sets the parameter law useful in conic sweep operation. Parameter Returns or sets the parameter for conic sweep operation. SecondGuideCrv Returns or sets the second guide curve. SmoothActivity Returns or sets information whether sweeping operation is smoothed or not. SmoothAngleThreshold Returns angular threshold under which discontinuities . Spine <dd...
interface_476,HybridShapeSweepExplicit,Represents the hybrid shape Sweep explicit feature object.,Object,false,15,20,"\IUnknown\, \IDispatch\, \CATBaseUnknown\, \CATBaseDispatch\, \AnyObject\, \HybridShape\, \HybridShapeSweep\, \HybridShapeSweepExplicit\","To access the data of the hybrid shape sweep explicit feature object. LICENSING INFORMATION: Creation of volume result requires GSO License if GSO License is not granted , settting of Volume context has not effect See also: HybridShapeFactory Property Index AngleLawInversion Returns or sets the angle law inversion information. AngleLawType Returns or sets the angle law type associated to the reference surface. AngleLaw Returns or sets the angle law feature associated to the reference surface. Context Returns or sets the context on Sweep feature. FirstGuideCrv Gets the first guide curve. GuideDeviationActivity Returns or sets information whether a deviation from guide curves is allowed or not. GuideDeviation Returns deviation value (length) from guide curves allowed during sweeping operation in order to smooth it. GuideProjection Returns or sets the projection of the guide curve onto the reference plane in order to use it as spine, in pulling direction case only. Mode Returns or sets positioning mode used for the profile. PositionMode Returns or sets positioning mode. PositionedProfile Returns or sets the positioning transformation associated to the explicit swept surface and which result corresponds to the positioned profile. ProfileXAxisComputationMo..."
interface_477,HybridShapeSweepLine,Represents the sweep line object.,Object,false,15,20,"\IUnknown\, \IDispatch\, \CATBaseUnknown\, \CATBaseDispatch\, \AnyObject\, \HybridShape\, \HybridShapeSweep\, \HybridShapeSweepLine\",Unknown
interface_478,HybridShapeSymmetry,Represents the hybrid shape symmetry feature object.,Object,false,4,0,"\IUnknown\, \IDispatch\, \CATBaseUnknown\, \CATBaseDispatch\, \AnyObject\, \HybridShape\, \HybridShapeSymmetry\","To access the data of the symmetry shape feature object. The data includes: The element to be transformed The reference element which can be a point, a line or a plane LICENSING INFORMATION: Creation of volume result requires GSO License if GSO License is not granted , settting of Volume context has not effect Use the CATIAHybridShapeFactory to create HybridShapeFeature object. See also: HybridShapeFactory Property Index CreationMode Returns or sets the creation mode(creation or modification). ElemToSymmetry Returns or sets the element to transform. Reference Returns or sets the reference element. VolumeResult Returns or sets the volume result. Properties o Property CreationMode ( ) As activateLink('boolean','boolean') Returns or sets the creation mode(creation or modification). Legal values : True if the result is a creation feature and False if the result is a modification feature. Example: This example sets that the mode of the hybShpSymmetry hybrid shape symmetry to creation hybShpSymmetry. CreationMode = True o Property ElemToSymmetry ( ) As activateLink('Reference','Reference') Returns or sets the eleme..."
interface_479,HybridShapeThickness,Represents the hybrid shape Thickness feature object.,Object,true,5,0,"\IUnknown\, \IDispatch\, \CATBaseUnknown\, \CATBaseDispatch\, \AnyObject\, \HybridShape\, \HybridShapeThickness\",To access the data of the thickness on an hybrid shape feature object. This data includes: The thickness orientation The thickness1 value The thickness2 value .
interface_480,HybridShapeTransfer,Represents the hybrid shape Transfer feature object.,Object,false,5,0,"\IUnknown\, \IDispatch\, \CATBaseUnknown\, \CATBaseDispatch\, \AnyObject\, \HybridShape\, \HybridShapeTransfer\","To access the data of the hybrid shape Transfer feature object. This data includes: The element to transfer The surface to unfold The unfolded surface Use the CATIAHybridShapeFactory to create a HybridShapeTransfer object. See also: HybridShapeFactory Property Index ElementToTransfer Returns or sets the element to transfer. SurfaceToUnfold Returns or sets the surface to unfold. TypeOfTransfer Returns or sets the type of transfer. UnfoldType Returns or sets the type of unfold to take into account during transfer. UnfoldedSurface Returns or sets the unfolded surface. Properties o Property ElementToTransfer ( ) As activateLink('Reference','Reference') Returns or sets the element to transfer. o Property SurfaceToUnfold ( ) As activateLink('Reference','Reference') Returns or sets the surface to unfold. o Property TypeOfTransfer ( ) As activateLink('long','long') Returns or sets the type of transfer. 0= The type of surface is not defined 1= The type of transfer is folded to unfolded 2= Th..."
interface_481,HybridShapeTranslate,Represents the hybrid shape translate feature object.,Object,false,12,2,"\IUnknown\, \IDispatch\, \CATBaseUnknown\, \CATBaseDispatch\, \AnyObject\, \HybridShape\, \HybridShapeTranslate\","To access the data of the hybrid shape translate feature object. This data includes: The element to translate The translation direction The translation distance and its value LICENSING INFORMATION: Creation of volume result requires GSO License if GSO License is not granted , settting of Volume context has not effect Use the CATIAHybridShapeFactory to create HybridShapeFeature object. See also: HybridShapeFactory Property Index CoordXValue Returns or sets the translate X coordinate value. CoordYValue Returns or sets the translate Y coordinate value. CoordZValue Returns or sets the translate Z coordinate value. Direction Returns or sets the translate direction. DistanceValue Returns or sets the translate distance value. Distance Returns the translate distance. ElemToTranslate Returns or sets the element to translate. FirstPoint Returns or sets the first point defining the translation. RefAxisSystem Returns or Sets the reference Axis System for Translate feature. SecondPoint Returns or sets the second point defining the translation. VectorType Returns or sets the way the translation vector is defined. VolumeResult Returns or sets the volume result. <..."
interface_482,HybridShapeTrim,Represents the hybrid shape trim object.,Object,false,11,19,"\IUnknown\, \IDispatch\, \CATBaseUnknown\, \CATBaseDispatch\, \AnyObject\, \HybridShape\, \HybridShapeTrim\",To access the data of the hybrid shape trim object. This data includes: The first element (surface or curve) to be trimmed The second element (surface or curve) to be trimmed The orientation corresponding to the first element The orientation corresponding to the second element Use the CATIAHybridShapeFactory to create a HybridShapeTrim object. See also: HybridShapeFactory .
interface_483,HybridShapeUnfold,Represents the hybrid shape Unfold feature object.,Object,false,7,3,"\IUnknown\, \IDispatch\, \CATBaseUnknown\, \CATBaseDispatch\, \AnyObject\, \HybridShape\, \HybridShapeUnfold\","To access the data of the hybrid shape Unfold feature object. This data includes: The shell to unfold The edges to tear Use the CATIAHybridShapeFactory to create a HybridShapeUnfold object. See also: HybridShapeFactory Property Index DirectionToUnfold Returns or sets the direction to unfold. EdgeToTearPositioningOrientation Returns or sets the positioning orientation when the reference origin is located on an edge to tear. OriginToUnfold Returns or sets the origin to unfold. SurfaceToUnfold Returns or sets the surface to unfold. SurfaceType Returns or sets the type of surface to unfold. TargetOrientationMode Returns or sets the mode for target surface orientation. TargetPlane Returns or sets the target plane. Method Index AddEdgeToTear Adds an edge to tear. GetEdgeToTear Retrieves an element used by the hybrid shape unfold feature object. RemoveEdgeToTear Removes an element used by the hybrid shape unfold feature object. Properties o Property DirectionToUnfold ( ) As activateLink('Reference','Reference') </t..."
interface_484,HybridShapeVolumeExplicit,Represents the hybrid shape Volume explicit feature object.,Object,false,0,0,"\IUnknown\, \IDispatch\, \CATBaseUnknown\, \CATBaseDispatch\, \AnyObject\, \HybridShape\, \HybridShapeVolumeExplicit\",Declare hybrid shape Volume explicit feature object. See also: HybridShapeFactory.AddNewVolumeDatum .
interface_485,HybridShapeWrapCurve,Represents the hybrid shape wrap curve surface object.,Object,false,3,9,"\IUnknown\, \IDispatch\, \CATBaseUnknown\, \CATBaseDispatch\, \AnyObject\, \HybridShape\, \HybridShapeWrapCurve\","To access the data of the hybrid shape wrap curve surface object. This data includes: Two support surfaces, one at each limit of the wrap curve surface Two curves, one for each support surface The curve closing points Use the CATIAHybridShapeFactory to create a HybridShapeWrapCurve object. See also: HybridShapeFactory Property Index FirstCurvesConstraint Returns or sets constraint at first curves of the WrapCurve. LastCurvesConstraint Returns or sets constraint at last curves of the WrapCurve. Surface Returns or sets the surface to deform of the WrapCurve. Method Index GetCurves Returns a curve from the WrapCurve. GetNumberOfCurves Returns the number of couples of curves of the WrapCurve. GetReferenceDirection Gets the reference direction projection of the wrap curve feature. GetReferenceSpine Returns the reference spine of the wrap curve feature. InsertCurves Inserts a couple of reference curve and target curve to the wrap curve. InsertReferenceCurve Inserts a of reference curve to the wrap curve. RemoveCurves Removes a couple of reference curve and target curve from the WrapCurve. SetReferenceDirection Sets the reference direction projection to the wrap curv..."
interface_486,HybridShapeWrapSurface,Represents the hybrid shape wrap surface object.,Object,false,4,0,"\IUnknown\, \IDispatch\, \CATBaseUnknown\, \CATBaseDispatch\, \AnyObject\, \HybridShape\, \HybridShapeWrapSurface\","To access the data of the hybrid shape wrap surface object. This data includes: Two definition surfaces (refrence and target), who define the deformation Use the CATIAHybridShapeFactory to create a HybridShapeWrapSurface object. See also: HybridShapeFactory Property Index DeformationMode Returns or sets whether the wrap surface is or should be created as a""""Normal"""" or with a """"3D"""" deformation mode. ReferenceSurface Returns or sets the reference surface of the WrapSurface. Surface Returns or sets the reference surface to deform of the WrapSurface. TargetSurface Returns or sets the target surface of the WrapSurface. Properties o Property DeformationMode ( ) As activateLink('long','long') Returns or sets whether the wrap surface is or should be created as a""""Normal"""" or with a """"3D"""" deformation mode. Legal values : 2 for the normal solution and 1 for 3D solution. Example: This example sets the mode to create the wrap surface hybWrapSurface with a 3D deformation mode. hybWrapSurface. 3D deformation mode = 1 o Property ReferenceSurface ( ) As activateLink('Reference','Reference') Returns or sets the reference surface of the WrapSurface. <..."
interface_487,HybridShapes,The collection of the HybridShapes making up a body.,Collection,true,0,2,"\IUnknown\, \IDispatch\, \CATBaseUnknown\, \CATBaseDispatch\, \Collection\, \HybridShapes\",Unknown
interface_488,Hyperbola2D,Class defining an hyperbola in 2D Space.,Object,false,2,3,"\IUnknown\, \IDispatch\, \CATBaseUnknown\, \CATBaseDispatch\, \AnyObject\, \GeometricElement\, \Geometry2D\, \Curve2D\, \Hyperbola2D\",Unknown
interface_489,Hyperlink,Represents a hyperlink marker.,Object,false,0,4,"\IUnknown\, \IDispatch\, \CATBaseUnknown\, \CATBaseDispatch\, \AnyObject\, \Hyperlink\",Unknown
interface_490,Hyperlinks,,Collection,true,0,4,"\IUnknown\, \IDispatch\, \CATBaseUnknown\, \CATBaseDispatch\, \Collection\, \Hyperlinks\",Unknown
interface_492,IPDTemplateProperty,Interface to access template object properties.,Object,false,0,4,"\IUnknown\, \IDispatch\, \CATBaseUnknown\, \CATBaseDispatch\, \AnyObject\, \IPDTemplateProperty\","This interface given a V5 object, will get the handle to the template object using the pointer attribute referring in it and allows to access the properties of the template object. This interface expect caller to use attribute name define in PPPR server for example caller should use """"note"""" to access Description . Method Index GetTemplateBooleanAttribute This gets a String Attribute value of an input Object GetTemplateDoubleAttribute This gets a String Attribute value of an input Object GetTemplateLongAttribute This gets a String Attribute value of an input Object GetTemplateStringAttribute This gets a String Attribute value of an input Object Methods o Func GetTemplateBooleanAttribute ( activateLink('CATBSTR','CATBSTR') iAttrName ) As activateLink('boolean','boolean') This gets a String Attribute value of an input Object Parameters: iAttrName The name of the Attribute whose value we need oAttrValue The value of the attribute Returns: S_OK o Func GetTemplateDoubleAttribute ( activateLink('CATBSTR','CATBSTR') iAttrName ) As activateLink('double','double') ..."
interface_494,IgesSettingAtt,Represents the CATIA IGES setting controller object.,Collection,true,15,20,"\IUnknown\, \IDispatch\, \CATBaseUnknown\, \CATBaseDispatch\, \AnyObject\, \SettingController\, \IgesSettingAtt\","The CATIA IGES setting controller object deals with the setting attributes displayed in the IGES property page. To access this property page: Click the Options command in the Tools menu Click + left of General to unfold the workbench list Click Compatibility Right scroll to display the property pages titles until you get IGES Click IGES The New Elements setting controller object can be retrieved as an item of the setting controller collection using its name """"CAACafNewEltSettingCtrl"""" as follows: Dim settingControllers1 As SettingControllers Set settingControllers1 = CATIA.SettingControllers Dim CATIAIGESSettingAtt1 As SettingController Set CATIAIGESSettingAtt1 = settingControllers1.Item(""""CATIdeIgesSettingCtrl"""") Property Index Angle Returns or sets the Angle setting parameter value. ApplyJoin Returns or sets the Apply join setting parameter value. AuthorName Returns or sets the Author Name setting parameter value. AuthorOrganization Returns or sets the Author Organization setting parameter value. CrvMod Returns or sets the Export BSpline mode setting parameter value. ExportMSBO Returns or sets the Export Solid Mode setting parameter value. ExportUnit Returns or sets the Export Units setting parameter value. ImportGroupAsSelSet Returns or sets the Import Selection Set mode setting parameter value. OnlyShow Returns or sets the Export only show setting parameter value. OptC2Mode Returns or sets the..."
interface_495,IgpOlpSettingAtt,Represents the Offline Programming setting controller object.,Collection,true,12,20,"\IUnknown\, \IDispatch\, \CATBaseUnknown\, \CATBaseDispatch\, \AnyObject\, \SettingController\, \IgpOlpSettingAtt\","The Offline Programming setting controller object deals with the setting attributes displayed in the IGRIP/Offline Programming property page. To access this property page: Click the Options command in the Tools menu Click IGRIP Right scroll to display the property pages titles until you get Offline Programming Click Offline Programming The Offline Programming setting controller object can be retrieved as an item of the setting controller collection using its name """"DNBIgpOlpAutoSettingCtrl"""" as follows: Dim settingControllers1 As SettingControllers Set settingControllers1 = CATIA.SettingControllers Dim DNBIAIgpOlpSettingAtt1 As SettingController Set DNBIAIgpOlpSettingAtt1 = settingControllers1.Item(""""DNBIgpOlpAutoSettingCtrl"""") Property Index DownloaderDir Returns or sets value of OLP Translator Directory parameter. Downloader Returns or sets value of OLP Translator parameter. ExistingTaskTreatment Returns or sets value of OLP Existing Task Treatment On Upload parameter. JavaClassPath Returns or sets value of OLP Java Class Path parameter. JavaExe Returns or sets value of OLP Java Executable parameter. NRLDir Returns or sets value of NRL configuration file directory parameter. NRLTeachDialogDisplayMode Returns or sets value of OLPNRLTeachDialogDisplay parameter. RobotProgramDir Returns or sets value of OLP Directory parameter. UploaderDir Returns or sets value of OLP Parser Directory parameter. <b..."
interface_496,ImportD5SettingAtt,Interface to handle parameters of General-Compatibility-DELMIA D5 Tools Options Tab page.,Object,false,15,20,"\IUnknown\, \IDispatch\, \CATBaseUnknown\, \CATBaseDispatch\, \AnyObject\, \SettingController\, \ImportD5SettingAtt\","This interface is implemented by a component which represents the controller of DELMIA D5 Tools Options parameter settings. Methods to set value of each parameter xxx Methods to get value of each parameter xxx Methods to get information on each parameter xxx Methods to lock/unlock value of each parameter xxx Here are the list of parameters to use and their meanings: ImportLibrary : define the D5 root libraries. For several libraries, they are separated by the character ; . D:\Syslib;D:\Robotlib; for Windows /usr/deneb/Syslib;/usr/deneb/Robotlib; for UNIX ImportConfigFile : defines the configuration file to append. ImportConfigFile : defines the configuration file to append. ImportPDBCache : defines the D5 pdb cache directory for UG files. ImportRecording : defines the option for importing D5 recording file into V5 replays. ImportUserViews : defines the option for importing D5 user views into V5 cameras. For workcells only. ImportAnnotation : defines the option for importing D5 annotations into V5 3D annotations. For workcells only. ImportWclMessage : defines the option for displaying the D5 workcell messages after importing. Message is stored on the product. For workcells only. ImportCollision : defines the option for importing D5 collision queues into V5 interferences objects. For workcells only. ImportFloor : defines the option for importing D5 floor into V5 Area. For workcells only. ImportUserAttr : defines the option for importing D5 user attributes into V5 knowledgeware parameters. ImportEdge : defines the option for importing D5 geometric (edge) information. ImportCoorsys : defines the option for importing D5 coorsys into V5 frames of interests (by default as DESIGN). <li..."
interface_497,Inertia,Represents the Inertia object.,Object,false,2,4,"\IUnknown\, \IDispatch\, \CATBaseUnknown\, \CATBaseDispatch\, \AnyObject\, \Inertia\",Unknown
interface_498,Inertias,A collection of all inertia objects currently managed by the application.,Collection,true,0,3,"\IUnknown\, \IDispatch\, \CATBaseUnknown\, \CATBaseDispatch\, \Collection\, \Inertias\",Unknown
interface_499,InstanceFactory,Represents the CATIAInstanceFactory.,Object,false,0,8,"\IUnknown\, \IDispatch\, \CATBaseUnknown\, \CATBaseDispatch\, \AnyObject\, \Factory\, \InstanceFactory\","This interface is used to create a new instance of a shape reference ( ShapeInstance ) or a hybrid shape reference ( HybridShapeInstance ) in case of the instantiation of a User Feature It is also used to instantiate a Power Copy reference. This interface contains two protocols of instantiation: The first protocol is dedicated to User Feature instantiation only. It is defined by a single method: AddInstance . It creates a shape or hybrid shape instance depending on the result of the User Feature . Use this method when you want to perform only one instantiation of the reference. Read the document containing the User Feature reference and instantiate it. As the document containing the reference is released from the session at the end of the instantiation, it is not recommmended to use this method if you want to perform several instantiations of the same reference in a loop. In that case, prefer the second protocol of instantiation. The second protocol is dedicated to both User Feature and Power Copy instantiations. It is defined by several methods that must be called in order. For User Feature instantiation, these methods are an alternative way of the AddInstance method. It is recommended to use the second protocol to perform several instantiations of the same reference in a loop. For Power Copy instantiation, it is the only way of instantiating a reference. The instantiation process is composed of three major steps: The first step <a href=""""#"""" onclick=""""openLink('','BeginInstanceFactory');re..."
interface_500,IntParam,Represents the integer parameter.,Object,false,5,4,"\IUnknown\, \IDispatch\, \CATBaseUnknown\, \CATBaseDispatch\, \AnyObject\, \Parameter\, \IntParam\",Unknown
interface_501,InteropSettingAtt,"Represents the object to handle the setting parameters of the """"V4 Data Reading"""" tab page.",Object,false,7,14,"\IUnknown\, \IDispatch\, \CATBaseUnknown\, \CATBaseDispatch\, \AnyObject\, \SettingController\, \InteropSettingAtt\","This interface is implemented by a component named CATV4IInteropSettingCtrl which represents the controller of the Setting. The setting parameters of the tab are the following: """"Display only elements with Sensitive Attribute"""" """"Display 3D elements labels"""" """"Open in Light Mode: 2D Data are not taken into account"""" """"Reading Code page"""" """"PROJECT File Path"""" """"DLNAME"""" """"Prj Warn"""" """"Characters Equivalence Table Path"""" To access this property page: Click the Options command in the Tools menu Click + left of General to unfold the workbench list Click Compatibility This interface defines: A method to get each parameter A method to set the value of each parameter A method to lock/unlock each parameter A method to retrieve the informations concerning each parameter ."
interface_502,Intersect,Represents the intersect boolean operation.,Object,false,0,0,"\IUnknown\, \IDispatch\, \CATBaseUnknown\, \CATBaseDispatch\, \AnyObject\, \HybridShape\, \Intersect\",Unknown
interface_504,Items,The collection of items related to the current activity.,Collection,true,0,6,"\IUnknown\, \IDispatch\, \CATBaseUnknown\, \CATBaseDispatch\, \Collection\, \Items\",Unknown
interface_505,Joint,Interface to manage the Joint object.,Object,false,7,4,"\IUnknown\, \IDispatch\, \CATBaseUnknown\, \CATBaseDispatch\, \AnyObject\, \Activity\, \Joint\",Unknown
interface_506,Joints,A collection of all Joint entities currently managed by the application.,Collection,true,0,3,"\IUnknown\, \IDispatch\, \CATBaseUnknown\, \CATBaseDispatch\, \AnyObject\, \Activity\, \Joints\",Unknown
interface_507,KinematicsWorkbench,Interface to access all Kinematics entities.,Collection,true,1,0,"\IUnknown\, \IDispatch\, \CATBaseUnknown\, \CATBaseDispatch\, \AnyObject\, \Workbench\, \KinematicsWorkbench\",Unknown
interface_508,KnowledgeActivateObject,Interface to access a CATIAKnowledgeActivableObject.,Object,false,1,2,"\IUnknown\, \IDispatch\, \CATBaseUnknown\, \CATBaseDispatch\, \AnyObject\, \KnowledgeObject\, \KnowledgeActivateObject\",Unknown
interface_509,KnowledgeObject,Interface to access a CATIAKnowledgeObject.,Object,false,2,0,"\IUnknown\, \IDispatch\, \CATBaseUnknown\, \CATBaseDispatch\, \AnyObject\, \KnowledgeObject\",Unknown
interface_510,KnowledgeSheetSettingAtt,The interface to access a CATIAKnowledgeSheetSettingAtt.,Object,false,7,14,"\IUnknown\, \IDispatch\, \CATBaseUnknown\, \CATBaseDispatch\, \AnyObject\, \SettingController\, \KnowledgeSheetSettingAtt\",Unknown
interface_511,LanguageSheetSettingAtt,The interface to access a CATIALanguageSheetSettingAtt.,Object,false,5,10,"\IUnknown\, \IDispatch\, \CATBaseUnknown\, \CATBaseDispatch\, \AnyObject\, \SettingController\, \LanguageSheetSettingAtt\",Unknown
interface_512,Law,Represents the Law object.,Object,false,0,2,"\IUnknown\, \IDispatch\, \CATBaseUnknown\, \CATBaseDispatch\, \AnyObject\, \HybridShape\, \Law\",Unknown
interface_513,Layout2DFactory,,Object,false,0,1,"\IUnknown\, \IDispatch\, \CATBaseUnknown\, \CATBaseDispatch\, \AnyObject\, \Layout2DFactory\",Unknown
interface_514,Layout2DRoot,Interface to manage the 2D Layout root.,Collection,true,7,1,"\IUnknown\, \IDispatch\, \CATBaseUnknown\, \CATBaseDispatch\, \AnyObject\, \Layout2DRoot\",Unknown
interface_515,Layout2DSettingAtt,The interface to access a CATIA2DLSettingAtt.,Object,false,15,20,"\IUnknown\, \IDispatch\, \CATBaseUnknown\, \CATBaseDispatch\, \AnyObject\, \SettingController\, \Layout2DSettingAtt\",Unknown
interface_516,Layout2DSheet,The interface to access a Layout2D Sheet.,Collection,true,11,7,"\IUnknown\, \IDispatch\, \CATBaseUnknown\, \CATBaseDispatch\, \AnyObject\, \Layout2DSheet\",Unknown
interface_517,Layout2DSheets,A collection of all the Layout sheets 2DL currently managed by the LayoutRoot.,Collection,true,1,4,"\IUnknown\, \IDispatch\, \CATBaseUnknown\, \CATBaseDispatch\, \Collection\, \Layout2DSheets\",Unknown
interface_518,Layout2DView,The interface to access a Layout2D View.,Collection,true,15,7,"\IUnknown\, \IDispatch\, \CATBaseUnknown\, \CATBaseDispatch\, \AnyObject\, \Layout2DView\",Unknown
interface_519,Layout2DViews,,Collection,true,1,7,"\IUnknown\, \IDispatch\, \CATBaseUnknown\, \CATBaseDispatch\, \Collection\, \Layout2DViews\",Unknown
interface_520,Length,Represents the length parameter.,Object,false,0,0,"\IUnknown\, \IDispatch\, \CATBaseUnknown\, \CATBaseDispatch\, \AnyObject\, \Parameter\, \RealParam\, \Dimension\, \Length\",Unknown
interface_521,LibTabSettingAtt,,Object,false,0,12,"\IUnknown\, \IDispatch\, \CATBaseUnknown\, \CATBaseDispatch\, \AnyObject\, \SettingController\, \LibTabSettingAtt\",Unknown
interface_522,LicenseSettingAtt,Interface to handle the licensing settings.,Object,false,5,18,"\IUnknown\, \IDispatch\, \CATBaseUnknown\, \CATBaseDispatch\, \AnyObject\, \SettingController\, \LicenseSettingAtt\",This interface is implemented by a component which represents the controller of the static Licenses. To access this property page: Click the Options command in the Tools menu Click General Click the Licensing Property Page This interface defines: A method to set each License A method to get the value of each License A method to lock/unlock each parameter A method to retrieve the information concerning each parameter .
interface_523,LightSource,Represents the light source.,Object,false,0,2,"\IUnknown\, \IDispatch\, \CATBaseUnknown\, \CATBaseDispatch\, \AnyObject\, \LightSource\",Unknown
interface_524,LightSources,A collection of all the LightSource objects.,Collection,true,0,3,"\IUnknown\, \IDispatch\, \CATBaseUnknown\, \CATBaseDispatch\, \Collection\, \LightSources\",Unknown
interface_525,Limit,Represents the limit of a prism or a hole shape.,Object,false,3,0,"\IUnknown\, \IDispatch\, \CATBaseUnknown\, \CATBaseDispatch\, \AnyObject\, \Limit\",Unknown
interface_526,Line,Represents the hybrid shape Line feature object.,Object,false,2,3,"\IUnknown\, \IDispatch\, \CATBaseUnknown\, \CATBaseDispatch\, \AnyObject\, \Line\","Declare hybrid shape Line root feature object. All interfaces for different type of Line derivates HybridShapeLine. Use the CATIAHybridShapeFactory to create a HybridShapeLine objects. See also: HybridShapeFactory Property Index FirstUptoElem Role : Gets the First upto element of the line. SecondUptoElem Role : Gets the Second upto element of the line. Method Index GetDirection Role : Returns the unit-vector pointing in the direction of the line. GetOrigin Role : Returns the origin of the line. PutDirection Role : Sets the unit-vector pointing in the direction of the line. Properties o Property FirstUptoElem ( ) As activateLink('Reference','Reference') Role : Gets the First upto element of the line. Parameters: oFirstUpto Returns: HRESULT S_OK if Ok E_FAIL else o Property SecondUptoElem ( ) As activateLink('Reference','Reference') Role : Gets the Second upto element of the line. Parameters: oSecondUpto Returns: HRESULT S_OK if Ok E_FAIL else ..."
interface_527,Line2D,Class defining a line in 2D Space.,Object,false,0,3,"\IUnknown\, \IDispatch\, \CATBaseUnknown\, \CATBaseDispatch\, \AnyObject\, \GeometricElement\, \Geometry2D\, \Curve2D\, \Line2D\",Unknown
interface_528,LinearRepartition,Represents the linear repartition.,Object,false,1,0,"\IUnknown\, \IDispatch\, \CATBaseUnknown\, \CATBaseDispatch\, \AnyObject\, \Repartition\, \LinearRepartition\",Unknown
interface_529,List,Represents a CATIAList.,Collection,true,0,5,"\IUnknown\, \IDispatch\, \CATBaseUnknown\, \CATBaseDispatch\, \AnyObject\, \Parameter\, \List\",Unknown
interface_530,ListParameter,Represents a CATIAListParameter.,Object,false,1,0,"\IUnknown\, \IDispatch\, \CATBaseUnknown\, \CATBaseDispatch\, \AnyObject\, \Parameter\, \ListParameter\",Unknown
interface_531,Loft,Loft feature.,Object,false,1,0,"\IUnknown\, \IDispatch\, \CATBaseUnknown\, \CATBaseDispatch\, \AnyObject\, \HybridShape\, \Loft\",Unknown
interface_532,Loop,The interface to access a CATIALoop.,Object,false,0,0,"\IUnknown\, \IDispatch\, \CATBaseUnknown\, \CATBaseDispatch\, \AnyObject\, \KnowledgeObject\, \KnowledgeActivateObject\, \Loop\",Unknown
interface_533,MHILoadParameters,Interface representing a means to set information that is needed for the load and also to retrieve this information on the loaded document. Note:.,Object,true,0,13,"\IUnknown\, \IDispatch\, \CATBaseUnknown\, \CATBaseDispatch\, \AnyObject\, \MHILoadParameters\",Unknown
interface_534,MHIOpenAccess,Interface representing a means to load data from the Hub into V5.,Object,true,0,3,"\IUnknown\, \IDispatch\, \CATBaseUnknown\, \CATBaseDispatch\, \AnyObject\, \MHIOpenAccess\",Unknown
interface_535,MHIRelationManagement,"Interface to access all supported relation types and a relation object's atrribute provider to access it's attributesRole:This interface, given a V5 process, product object and the relation type will get the handle to the relation object's attribute provider.",Object,false,0,2,"\IUnknown\, \IDispatch\, \CATBaseUnknown\, \CATBaseDispatch\, \AnyObject\, \MHIRelationManagement\",Unknown
interface_536,MHISaveAccess,Interface representing a means to Save data to the Hub Retrieve certain information on the loaded documentDNBIAMHISaveAccess is implemented on Document.,Object,true,0,3,"\IUnknown\, \IDispatch\, \CATBaseUnknown\, \CATBaseDispatch\, \AnyObject\, \MHISaveAccess\",Unknown
interface_537,MachiningProcess,MachiningProcess defines a set of properties and methods to apply a Machining Process to a geometrical feature . active document target document.,Object,true,1,4,"\IUnknown\, \IDispatch\, \CATBaseUnknown\, \CATBaseDispatch\, \AnyObject\, \Activity\, \ManufacturingActivity\, \MachiningProcess\",Unknown
interface_538,MacrosSettingAtt,Setting controller for the Macros tab page.,Object,false,0,12,"\IUnknown\, \IDispatch\, \CATBaseUnknown\, \CATBaseDispatch\, \AnyObject\, \SettingController\, \MacrosSettingAtt\",Unknown
interface_539,ManipSettingAtt,Interface to handle parameters of DMU Manip Tools Options Tab pageRole: This interface is implemented by a component which represents the controller of DMU Manip Tools Options parameter settings.,Object,false,8,16,"\IUnknown\, \IDispatch\, \CATBaseUnknown\, \CATBaseDispatch\, \AnyObject\, \SettingController\, \ManipSettingAtt\",Unknown
interface_540,ManufacturingAPTGenerator,Generator of APT output machining code.,Object,false,0,0,"\IUnknown\, \IDispatch\, \CATBaseUnknown\, \CATBaseDispatch\, \AnyObject\, \ManufacturingOutputGenerator\, \ManufacturingAPTGenerator\",Unknown
interface_541,ManufacturingActivity,ManufacturingActivity defines a set of methods and mainly adds some specific methods and services in Manufacturing on ProcessPlan Activities.,Collection,true,12,9,"\IUnknown\, \IDispatch\, \CATBaseUnknown\, \CATBaseDispatch\, \AnyObject\, \Activity\, \ManufacturingActivity\",Unknown
interface_542,ManufacturingCopyTransformation,Interface representing the Manufacturing Copy Transformation object.,Object,false,0,5,"\IUnknown\, \IDispatch\, \CATBaseUnknown\, \CATBaseDispatch\, \AnyObject\, \Activity\, \ManufacturingActivity\, \ManufacturingCopyTransformation\",Component that implements CATIAManufacturingCopyOrder is MfgCopyOrder. This interface allows to modify the Copy Tranformation and to get the start and end points of the computed trajectory.
interface_543,ManufacturingFeature,ManufacturingFeature defines a set of methods to access a Manufacturing Feature.,Object,false,0,1,"\IUnknown\, \IDispatch\, \CATBaseUnknown\, \CATBaseDispatch\, \AnyObject\, \ManufacturingFeature\",Unknown
interface_544,ManufacturingFeatures,Collection of Manufacturing Features.,Collection,true,0,2,"\IUnknown\, \IDispatch\, \CATBaseUnknown\, \CATBaseDispatch\, \Collection\, \ManufacturingFeatures\",Unknown
interface_545,ManufacturingGeneratorData,Represents the manufacturing output stream object.,Object,false,0,10,"\IUnknown\, \IDispatch\, \CATBaseUnknown\, \CATBaseDispatch\, \AnyObject\, \ManufacturingGeneratorData\",Unknown
interface_546,ManufacturingHole,Hole Feature in Machining domain.,Object,false,2,2,"\IUnknown\, \IDispatch\, \CATBaseUnknown\, \CATBaseDispatch\, \AnyObject\, \ManufacturingHole\",Unknown
interface_547,ManufacturingInsert,The interface to access a CATIAManufacturingInsert.,Object,false,2,4,"\IUnknown\, \IDispatch\, \CATBaseUnknown\, \CATBaseDispatch\, \AnyObject\, \ManufacturingInsert\",Unknown
interface_548,ManufacturingMachinableArea,Machinable Area in Manufacturing.,Object,false,2,6,"\IUnknown\, \IDispatch\, \CATBaseUnknown\, \CATBaseDispatch\, \AnyObject\, \ManufacturingFeature\, \ManufacturingMachinableFeature\, \ManufacturingMachinableArea\",Unknown
interface_549,ManufacturingMachinableFeature,Machinable Feature in Manufacturing.,Object,false,2,0,"\IUnknown\, \IDispatch\, \CATBaseUnknown\, \CATBaseDispatch\, \AnyObject\, \ManufacturingFeature\, \ManufacturingMachinableFeature\",Unknown
interface_550,ManufacturingMachinableGeometry,Represents the machinable geometry object.,Object,false,1,12,"\IUnknown\, \IDispatch\, \CATBaseUnknown\, \CATBaseDispatch\, \AnyObject\, \ManufacturingFeature\, \ManufacturingMachinableFeature\, \ManufacturingMachinableGeometry\",Unknown
interface_551,ManufacturingMachine,Machine in machining domain.,Object,false,11,10,"\IUnknown\, \IDispatch\, \CATBaseUnknown\, \CATBaseDispatch\, \AnyObject\, \ManufacturingMachine\",Unknown
interface_552,ManufacturingMachiningAxis,ManufacturingMachiningAxis defines a set of methods to manage a Machining Axis System or an Origin.,Object,true,3,9,"\IUnknown\, \IDispatch\, \CATBaseUnknown\, \CATBaseDispatch\, \AnyObject\, \ManufacturingFeature\, \ManufacturingMachiningAxis\",Unknown
interface_553,ManufacturingOperation,ManufacturingOperation defines a set of methods.,Object,false,1,20,"\IUnknown\, \IDispatch\, \CATBaseUnknown\, \CATBaseDispatch\, \AnyObject\, \Activity\, \ManufacturingActivity\, \ManufacturingOperation\",Unknown
interface_554,ManufacturingOutput,Object that represents the output machining code.,Object,false,1,12,"\IUnknown\, \IDispatch\, \CATBaseUnknown\, \CATBaseDispatch\, \AnyObject\, \ManufacturingOutput\",Unknown
interface_555,ManufacturingOutputGenerator,Father object to generate output machining code.,Object,false,0,10,"\IUnknown\, \IDispatch\, \CATBaseUnknown\, \CATBaseDispatch\, \AnyObject\, \ManufacturingOutputGenerator\",Unknown
interface_556,ManufacturingPattern,The Manufacturing Pattern is a specialized feature used to machine the same item several times at several positions.,Object,false,1,12,"\IUnknown\, \IDispatch\, \CATBaseUnknown\, \CATBaseDispatch\, \AnyObject\, \ManufacturingFeature\, \ManufacturingPattern\",Unknown
interface_557,ManufacturingPrecedence,Defines a precedence relation between objects.,Object,false,2,0,"\IUnknown\, \IDispatch\, \CATBaseUnknown\, \CATBaseDispatch\, \AnyObject\, \ManufacturingPrecedence\",Unknown
interface_558,ManufacturingPrecedences,Interface that manage the precedences for an object of type @ CATIAManufacturingActivity.,Collection,true,0,4,"\IUnknown\, \IDispatch\, \CATBaseUnknown\, \CATBaseDispatch\, \Collection\, \ManufacturingPrecedences\",Unknown
interface_559,ManufacturingPrismaticMachiningArea,ManufacturingPrismaticMachiningArea defines a set of properties and methods.,Collection,true,5,9,"\IUnknown\, \IDispatch\, \CATBaseUnknown\, \CATBaseDispatch\, \AnyObject\, \ManufacturingFeature\, \ManufacturingMachinableFeature\, \ManufacturingMachinableArea\, \ManufacturingPrismaticMachiningArea\",Unknown
interface_560,ManufacturingProcess,A ManufacturingProcess for a Manufacturing Document.,Object,true,1,0,"\IUnknown\, \IDispatch\, \CATBaseUnknown\, \CATBaseDispatch\, \AnyObject\, \ManufacturingProcess\",Unknown
interface_561,ManufacturingProgram,A ManufacturingProgram for a Manufacturing Document.,Collection,true,2,17,"\IUnknown\, \IDispatch\, \CATBaseUnknown\, \CATBaseDispatch\, \AnyObject\, \Activity\, \ManufacturingActivity\, \ManufacturingProgram\",Unknown
interface_562,ManufacturingSetup,A ManufacturingSetup for a Manufacturing Document.,Object,false,5,20,"\IUnknown\, \IDispatch\, \CATBaseUnknown\, \CATBaseDispatch\, \AnyObject\, \Activity\, \ManufacturingActivity\, \ManufacturingSetup\",Unknown
interface_563,ManufacturingSurfaceGeomArea,Represents the Manufacturing Surface NCGeometry.,Object,false,0,2,"\IUnknown\, \IDispatch\, \CATBaseUnknown\, \CATBaseDispatch\, \AnyObject\, \ManufacturingFeature\, \ManufacturingMachinableFeature\, \ManufacturingMachinableArea\, \ManufacturingSurfaceGeomArea\",Allows you to associate geometries with a NCGeometry.
interface_564,ManufacturingSurfaceMachiningArea,Represents the Manufacturing Surface Machining Area.,Object,false,0,2,"\IUnknown\, \IDispatch\, \CATBaseUnknown\, \CATBaseDispatch\, \AnyObject\, \ManufacturingFeature\, \ManufacturingMachinableFeature\, \ManufacturingMachinableArea\, \ManufacturingSurfaceMachiningArea\",Allows you to associate NCGeometries with a Machining Area.
interface_565,ManufacturingTool,A ManufacturingTool for a Manufacturing Document.,Object,false,6,8,"\IUnknown\, \IDispatch\, \CATBaseUnknown\, \CATBaseDispatch\, \AnyObject\, \ManufacturingTool\",Unknown
interface_566,ManufacturingToolAssembly,Represents the tool assembly.,Object,false,6,4,"\IUnknown\, \IDispatch\, \CATBaseUnknown\, \CATBaseDispatch\, \AnyObject\, \ManufacturingToolAssembly\",Unknown
interface_567,ManufacturingToolCorrector,Manufacturing tool corrector.,Object,false,5,2,"\IUnknown\, \IDispatch\, \CATBaseUnknown\, \CATBaseDispatch\, \AnyObject\, \ManufacturingToolCorrector\",Unknown
interface_568,ManufacturingToolMotion,A ManufacturingToolMotion for a Manufacturing Document.,Object,false,0,8,"\IUnknown\, \IDispatch\, \CATBaseUnknown\, \CATBaseDispatch\, \AnyObject\, \ManufacturingToolMotion\",Unknown
interface_569,ManufacturingView,The Manufacturing View is the object that holds all the manufacturing features of the model.,Object,false,2,1,"\IUnknown\, \IDispatch\, \CATBaseUnknown\, \CATBaseDispatch\, \AnyObject\, \ManufacturingView\",Unknown
interface_570,Marker2D,Represents a marker 2D in a specified annotated view.,Object,false,9,2,"\IUnknown\, \IDispatch\, \CATBaseUnknown\, \CATBaseDispatch\, \AnyObject\, \Marker2D\",Unknown
interface_571,Marker2Ds,A collection of Marker2Ds objects.,Collection,true,0,9,"\IUnknown\, \IDispatch\, \CATBaseUnknown\, \CATBaseDispatch\, \Collection\, \Marker2Ds\",Unknown
interface_572,Marker3D,Represents a marker 3D.,Object,false,7,9,"\IUnknown\, \IDispatch\, \CATBaseUnknown\, \CATBaseDispatch\, \AnyObject\, \Marker3D\",Unknown
interface_573,Marker3Ds,A collection of Marker3D objects.,Collection,true,0,3,"\IUnknown\, \IDispatch\, \CATBaseUnknown\, \CATBaseDispatch\, \Collection\, \Marker3Ds\",Unknown
interface_574,MarkerSettingAtt,Interface to handle the Marker settingsThe different settings are:MarkerAutoUpdateUpdate on product structure modifications and scenes activation.,Object,false,12,20,"\IUnknown\, \IDispatch\, \CATBaseUnknown\, \CATBaseDispatch\, \AnyObject\, \SettingController\, \MarkerSettingAtt\",Unknown
interface_575,Material,Represents a Material object.,Object,false,2,7,"\IUnknown\, \IDispatch\, \CATBaseUnknown\, \CATBaseDispatch\, \AnyObject\, \Material\",Unknown
interface_576,MaterialCondition,Interface for accessing Material Condition modifier on a TPS.,Object,false,1,0,"\IUnknown\, \IDispatch\, \CATBaseUnknown\, \CATBaseDispatch\, \AnyObject\, \MaterialCondition\",Unknown
interface_577,MaterialDocument,Represents the Document object for materials.,Collection,true,1,0,"\IUnknown\, \IDispatch\, \CATBaseUnknown\, \CATBaseDispatch\, \AnyObject\, \Document\, \MaterialDocument\",Unknown
interface_578,MaterialESSObjectSettingAtt,The interface to access a CATIAMaterialESSObjectSettingAtt.,Object,false,2,4,"\IUnknown\, \IDispatch\, \CATBaseUnknown\, \CATBaseDispatch\, \AnyObject\, \SettingController\, \MaterialESSObjectSettingAtt\",Unknown
interface_579,MaterialFamilies,A collection of all the MaterialFamily objects.,Collection,true,0,3,"\IUnknown\, \IDispatch\, \CATBaseUnknown\, \CATBaseDispatch\, \Collection\, \MaterialFamilies\",Unknown
interface_580,MaterialFamily,Represents a Material Family object.,Collection,true,1,0,"\IUnknown\, \IDispatch\, \CATBaseUnknown\, \CATBaseDispatch\, \AnyObject\, \MaterialFamily\",Unknown
interface_581,MaterialManager,Interface to manage material manager object.,Object,false,0,11,"\IUnknown\, \IDispatch\, \CATBaseUnknown\, \CATBaseDispatch\, \AnyObject\, \MaterialManager\",A material manager is used to manage materials application on geometrical objects.
interface_582,Materials,A collection of all the Material objects.,Collection,true,0,4,"\IUnknown\, \IDispatch\, \CATBaseUnknown\, \CATBaseDispatch\, \Collection\, \Materials\",Unknown
interface_583,Measurable,The interface to access a CATIAMeasurable Get measurements on the object.,Object,false,7,12,"\IUnknown\, \IDispatch\, \CATBaseUnknown\, \CATBaseDispatch\, \AnyObject\, \Measurable\",Unknown
interface_584,MeasureSettingAtt,The interface to access a CATIAMeasureSettingAtt.,Object,false,5,18,"\IUnknown\, \IDispatch\, \CATBaseUnknown\, \CATBaseDispatch\, \AnyObject\, \SettingController\, \MeasureSettingAtt\",Unknown
interface_585,Mechanism,Interface to access the Mechanism object.,Collection,true,7,9,"\IUnknown\, \IDispatch\, \CATBaseUnknown\, \CATBaseDispatch\, \AnyObject\, \Mechanism\",Unknown
interface_586,MechanismCommand,Interface to access the Command object .,Object,false,3,0,"\IUnknown\, \IDispatch\, \CATBaseUnknown\, \CATBaseDispatch\, \AnyObject\, \MechanismCommand\",Unknown
interface_587,MechanismCommands,A collection of all MechanismCommand entities currently managed by the application.,Collection,true,0,3,"\IUnknown\, \IDispatch\, \CATBaseUnknown\, \CATBaseDispatch\, \Collection\, \MechanismCommands\",Unknown
interface_588,Mechanisms,A collection of all Mechanism entities currently managed by the application.,Collection,true,0,3,"\IUnknown\, \IDispatch\, \CATBaseUnknown\, \CATBaseDispatch\, \Collection\, \Mechanisms\",Unknown
interface_589,MemoryWarningSettingAtt,Represents the base object to handle the parameters of memory warning mechanism.,Object,false,3,6,"\IUnknown\, \IDispatch\, \CATBaseUnknown\, \CATBaseDispatch\, \AnyObject\, \SettingController\, \MemoryWarningSettingAtt\",Unknown
interface_590,Merges,Interface to compute CATIAMerges.,Collection,true,0,3,"\IUnknown\, \IDispatch\, \CATBaseUnknown\, \CATBaseDispatch\, \Collection\, \Merges\",Unknown
interface_591,MfgActivities,The collection of MfgActivities related to the Manufacturing Document .,Collection,true,0,3,"\IUnknown\, \IDispatch\, \CATBaseUnknown\, \CATBaseDispatch\, \Collection\, \MfgActivities\",Unknown
interface_592,MfgAssembly,This Interface represents a Manufacturing Assembly.,Object,false,4,3,"\IUnknown\, \IDispatch\, \CATBaseUnknown\, \CATBaseDispatch\, \AnyObject\, \MfgAssembly\","It gives access to the C++ DNBIMfgAssembly interface methods Such as set and get the Name and PartNumber get the type DNBIAMfgAssemblyType get the assigned parts add and remove the assigned parts @sample Example: This example fetches an instance of a Manufacturing Assembly from a selected Activity Dim myActivity As Activity myActivity = Dim myItem As Item Set myItem = myActivity.Items.Item(1) Dim obj As MfgAssembly Set obj = mySel.FindObject(""""DNBIAMfgAssembly"""") ."
interface_593,MfgAssemblyFactory,Represents the factory to creates a manufacturing assembly.,Object,false,0,5,"\IUnknown\, \IDispatch\, \CATBaseUnknown\, \CATBaseDispatch\, \AnyObject\, \MfgAssemblyFactory\","It gives access to the C++ DNBIMfgAssemblyFactory interface methods Such as Creates a manufacturing assembly @sample Example: This example fetches an instance of a Manufacturing Assembly factory in a a active document and then creates a manufactring assembly Dim MAfactory As MfgAssemblyFactory Set MAfactory = CATIA.ActiveDocument.GetItem(""""MfgAssemblyFactory"""") ."
interface_594,MfgHubSettingAtt,Represents the Manufacturing Hub setting controller object.,Collection,true,15,20,"\IUnknown\, \IDispatch\, \CATBaseUnknown\, \CATBaseDispatch\, \AnyObject\, \SettingController\, \MfgHubSettingAtt\","The HubSettingAtt1 setting controller object deals with the setting attributes displayed in the PPR Hub property page. To access this property page: Click the Options command in the Tools menu Click + left of Digital Process for Manufacturing to unfold the workbench list Right scroll to display the property pages titles until you get PPR Hub Click PPR Hub The New Elements setting controller object can be retrieved as an item of the setting controller collection using its name """"HubSettingAtt1"""" as follows: Dim settingControllers1 As SettingControllers Set settingControllers1 = CATIA.SettingControllers Dim HubSettingAtt1 as DNBMHIMfgHubSettingCtrl set HubSettingAtt1 = settingControllers1.Item( """"DNBMHIMfgHubSettingCtrl"""" ) Property Index ApplyLabelEffToAltChild Retrieves (or sets, if not initialized) the ApplyLabelEffToAltChild attribute. AutoLoadMfgCtx Retrieves (or sets, if not initialized) the AutoLoadMfgCtx parameter. AutoLoadSrvMfgCtx Retrieves (or sets, if not initialized) the AutoLoadSrvMfgCtx parameter. AutoLoadVolCtx Retrieves (or sets, if not initialized) the AutoLoadVolCtx parameter. IssueRepositoryPath Retrieves (or sets, if not initialized) the IssueRepositoryPath attribute. LinkSendMode Retrieves (or sets, if not initialized) the LinkSendMode attribute. Load3dStateAndPos Retrieves (or sets, if not initialized) the Load3dStateAndPos parameter. LoadAllChildProcMfgCtx Retrieves (or sets, if not initialized) the LoadAllChildProc..."
interface_595,MfgToolMotions,The collection of MfgToolMotions related to the Manufacturing Document .,Collection,true,0,2,"\IUnknown\, \IDispatch\, \CATBaseUnknown\, \CATBaseDispatch\, \Collection\, \MfgToolMotions\",Unknown
interface_596,MigrBatchSettingAtt,"Represents the object to handle the setting parameters of the """"Migration Batch"""" tab page.",Object,false,10,20,"\IUnknown\, \IDispatch\, \CATBaseUnknown\, \CATBaseDispatch\, \AnyObject\, \SettingController\, \MigrBatchSettingAtt\","This interface is implemented by a component named CATV4IMigrBatchSettingCtrl which represents the controller of the Setting. The setting parameters of the tab are the following: """"Format"""" """"V4 Part Definition"""" """"Conversion Mode"""" """"Display Report Attribute"""" """"Initial Drawing Path """" """"Projection of Space for transparent views"""" """"Mapping Files Location for Saving """" """"Specified Directory """" """"Mapping Files Location for Retrieving """" """"Interface Name"""" To access this property page: Click the Options command in the Tools menu Click + left of General to unfold the workbench list Click Compatibility Click on the Migration Batch tabpage This interface defines: A method to get each parameter A method to set the value of each parameter A method to lock/unlock each parameter A method to retrieve the informations concerning each parameter ."
interface_597,Mirror,Represents the mirror shape.,Object,false,2,0,"\IUnknown\, \IDispatch\, \CATBaseUnknown\, \CATBaseDispatch\, \AnyObject\, \Shape\, \TransformationShape\, \Mirror\",Unknown
interface_598,MonoDimFeatEdge,1-D boundary belonging to a feature whose topological result is one dimensional.,Object,false,0,0,"\IUnknown\, \IDispatch\, \CATBaseUnknown\, \CATBaseDispatch\, \AnyObject\, \Reference\, \Boundary\, \Edge\, \MonoDimFeatEdge\","This Boundary object may be, for example, in a part containing a Sketch which is made up of a circle arc and a spline, the circle arc. You will create a MonoDimFeatEdge object using the Shapes.GetBoundary HybridShapes.GetBoundary Sketches.GetBoundary or Selection.SelectElement2 method. Then, you pass it to the operator (such as HybridShapeFactory.AddNewPointTangent ). The lifetime of a MonoDimFeatEdge object is limited, see Boundary ."
interface_599,MountActivity,Interface representing a Mount Activity.,Object,false,2,0,"\IUnknown\, \IDispatch\, \CATBaseUnknown\, \CATBaseDispatch\, \AnyObject\, \Activity\, \MountActivity\","This interface is used to retieve/assign the value of motion targets/attrs for the move activity. The following code snippet can be used to obtain a MoveJointActivity from a selected Activity Dim oSelectAct As Activity set oSelectAct = CATIA.ActiveDocument.Selection.FindObject(""""CATIAActivity"""") Dim objMountAct As MountActivity set objMountAct = oSelectAct.GetTechnologicalObject(""""MountActivity"""") ."
interface_600,MountManager,Represents the Mount Manger of a Robot.,Object,false,0,6,"\IUnknown\, \IDispatch\, \CATBaseUnknown\, \CATBaseDispatch\, \AnyObject\, \MountManager\","Mount Manager is the object used to access and manage the devices mounted on the robot. The following code snippet can be used to obtain the Mount Manager from the robot product. Dim objMountManager As MountManager Dim objRobot as Product Set objMountManager = objRobot.GetTechnologicalObject(""""MountManager"""" ) ."
interface_601,Move,Represents an object associated with any kind of objects which retrieves the corresponding movable object.,Object,false,1,1,"\IUnknown\, \IDispatch\, \CATBaseUnknown\, \CATBaseDispatch\, \AnyObject\, \Activity\, \Move\",Unknown
interface_602,MoveActionActivity,Interface representing a Move Activity inside a generic Action .,Object,false,3,0,"\IUnknown\, \IDispatch\, \CATBaseUnknown\, \CATBaseDispatch\, \AnyObject\, \Activity\, \MoveActionActivity\","This interface is used to retieve/assign the value of motion targets/attributes for the Move Activity. The following code snippet can be used to obtain a MoveActionActivity from a selected Activity Dim oSelectAct As Activity set oSelectAct = CATIA.ActiveDocument.Selection.FindObject(""""CATIAActivity"""") Dim objMoveAct As MoveActionActivity set objMoveAct = oSelectAct.GetTechnologicalObject(""""MoveActionActivity"""") ."
interface_603,MoveHomeAct,Interface representing a MoveHomeAct.,Object,false,6,0,"\IUnknown\, \IDispatch\, \CATBaseUnknown\, \CATBaseDispatch\, \AnyObject\, \Activity\, \MoveHomeAct\","This interface is used to retrieve/assign the value of motion targets/attrs for the move home activity. The following code snippet can be used to obtain a MoveHomeAct from a selected Activity Dim oSelectAct As Activity Set oSelectAct = CATIA.ActiveDocument.Selection.FindObject(""""CATIAActivity"""") Dim objMoveAct As MoveHomeAct Set objMoveAct = oSelectAct.GetTechnologicalObject(""""MoveHomeAct"""") ."
interface_604,MoveJointsAct,Interface representing a MoveJointsAct.,Object,false,6,0,"\IUnknown\, \IDispatch\, \CATBaseUnknown\, \CATBaseDispatch\, \AnyObject\, \Activity\, \MoveJointsAct\","This interface is used to retrieve/assign the value of motion targets/attrs for the MoveJointsAct. The following code snippet can be used to obtain a MoveJointsAct from a selected Activity Dim oSelectAct As Activity Set oSelectAct = CATIA.ActiveDocument.Selection.FindObject(""""CATIAActivity"""") Dim objMoveAct As MoveJointsAct Set objMoveAct = oSelectAct.GetTechnologicalObject(""""MoveJointsAct"""") ."
interface_605,MoveToPostureActivity,The object that represents an MoveToPosture Activity.,Object,false,5,18,"\IUnknown\, \IDispatch\, \CATBaseUnknown\, \CATBaseDispatch\, \AnyObject\, \Activity\, \WorkerActivity\, \MoveToPostureActivity\",Unknown
interface_606,MultiCADSettingAtt,,Object,false,15,20,"\IUnknown\, \IDispatch\, \CATBaseUnknown\, \CATBaseDispatch\, \AnyObject\, \SettingController\, \MultiCADSettingAtt\",Unknown
interface_607,N4DNavigatorSettingAtt,Interface to handle the settings of the DMU Navigator workbench.,Object,false,15,20,"\IUnknown\, \IDispatch\, \CATBaseUnknown\, \CATBaseDispatch\, \AnyObject\, \SettingController\, \N4DNavigatorSettingAtt\",Unknown
interface_608,NavigatorWorkbench,The object to manage all DMU Navigator entities.,Collection,true,5,4,"\IUnknown\, \IDispatch\, \CATBaseUnknown\, \CATBaseDispatch\, \AnyObject\, \Workbench\, \NavigatorWorkbench\",Unknown
interface_609,Noa,Interface for the TPS Noa object.,Object,false,2,5,"\IUnknown\, \IDispatch\, \CATBaseUnknown\, \CATBaseDispatch\, \AnyObject\, \Noa\",Unknown
interface_610,NonSemanticDatum,,Object,false,0,0,"\IUnknown\, \IDispatch\, \CATBaseUnknown\, \CATBaseDispatch\, \AnyObject\, \NonSemanticDatum\",Unknown
interface_611,NonSemanticGDT,,Object,false,0,0,"\IUnknown\, \IDispatch\, \CATBaseUnknown\, \CATBaseDispatch\, \AnyObject\, \NonSemanticGDT\",Unknown
interface_612,NotWireBoundaryMonoDimFeatVertex,"0-D boundary belonging to a feature whose topological result is one dimensional, the boundary not beeing the extremity of the feature.",Object,false,0,0,"\IUnknown\, \IDispatch\, \CATBaseUnknown\, \CATBaseDispatch\, \AnyObject\, \Reference\, \Boundary\, \Vertex\, \NotWireBoundaryMonoDimFeatVertex\","This Boundary object may be, for example, in a part containing a Sketch which is made up of a circle arc and a spline, the vertex between the circle arc and the spline. You will create a NotWireBoundaryMonoDimFeatVertex object using the Shapes.GetBoundary HybridShapes.GetBoundary Sketches.GetBoundary or Selection.SelectElement2 method. Then, you pass it to the operator. The lifetime of a NotWireBoundaryMonoDimFeatVertex object is limited, see Boundary ."
interface_613,OLPTranslator,Represents the Offline Programming Translator object.,Object,false,0,8,"\IUnknown\, \IDispatch\, \CATBaseUnknown\, \CATBaseDispatch\, \AnyObject\, \OLPTranslator\","Interface dedicated to downloading or uploading robot or device tasks and formatting the output in the specified native robot language. This object can be retrieved by querying on a Robot. For example: Dim SelectionObject as Selection Dim RobotObject As Product Dim OLPTranslatorObject as OLPTranslator Set SelectionObject = DELMIA.ActiveDocument.Selection Set RobotObject = SelectionObject.Item2(1).Value Set OLPTranslatorObject = RobotObject.GetTechnologicalObject(""""OLPTranslator"""") Method Index ConvertNRLToXML Converts NRL Program to OLP XML upload file ConvertXMLToNRL Converts OLP XML download file to NRL Program DownloadAsXML Downloads a Robot task as XML file DownloadTasks Creates native robot language programs from V5 tasks. GetRobotProgramDirectory Retrieves the OLP Directory setting parameter value. GetXMLFileDirectory Retrieves the XML Directory setting parameter value. UploadFromXML Upload a Robot task from XML file UploadRobotProgram Creates robot or device tasks in V5 based from native robot language program file or an OLP XML file. Methods o Sub ConvertNRLToXML ( activateLink('CATBSTR','CATBSTR') iNRLFileName , activateLink('CATBSTR','CATBSTR') iParserName , <script type=""""text/javascript""""..."
interface_614,Operation,Represents an Operation.,Object,false,0,5,"\IUnknown\, \IDispatch\, \CATBaseUnknown\, \CATBaseDispatch\, \AnyObject\, \Activity\, \ManufacturingActivity\, \Operation\","The interface is used manage the activities under an Operation and its attributes. The following code snippet can be used to obtain an Operation from a Robot Task. Dim objRobotTask as RobotTask Dim objOperationList As Operation objRobotTask. GetAllOperations objOperationList Dim objOperation As Operation objOperation=objOperationList[0] The Operation can also be obtained from an activity of the type Operation. Dim objActivity as Activity ... Dim objOperation as Operation Set objOperation = objActivity.GetTechnologicalObject(""""Operation"""" ) ."
interface_615,OperationProfile,Represents an Operation.,Object,false,0,2,"\IUnknown\, \IDispatch\, \CATBaseUnknown\, \CATBaseDispatch\, \AnyObject\, \Activity\, \OperationProfile\",The interface is used to manage the attributes of an Operation.
interface_616,Optimization,Represents an Optimization object.,Collection,true,12,1,"\IUnknown\, \IDispatch\, \CATBaseUnknown\, \CATBaseDispatch\, \AnyObject\, \KnowledgeObject\, \KnowledgeActivateObject\, \Relation\, \Check\, \Optimization\",Unknown
interface_617,OptimizationConstraint,Represents an optimization constraint.,Object,false,3,0,"\IUnknown\, \IDispatch\, \CATBaseUnknown\, \CATBaseDispatch\, \AnyObject\, \KnowledgeObject\, \KnowledgeActivateObject\, \Relation\, \Check\, \OptimizationConstraint\",Unknown
interface_618,OptimizationConstraints,Represents a collection of Optimization Constraint.,Collection,true,0,3,"\IUnknown\, \IDispatch\, \CATBaseUnknown\, \CATBaseDispatch\, \Collection\, \OptimizationConstraints\",Unknown
interface_619,Optimizations,Represents a collection of optimization features.,Collection,true,0,3,"\IUnknown\, \IDispatch\, \CATBaseUnknown\, \CATBaseDispatch\, \Collection\, \Optimizations\",Unknown
interface_620,OptimizerWorkBench,Interface to access a CATIAOptimizerWorkBench.,Object,false,7,2,"\IUnknown\, \IDispatch\, \CATBaseUnknown\, \CATBaseDispatch\, \AnyObject\, \Workbench\, \OptimizerWorkBench\",Unknown
interface_621,OrderGenerator,"Interface representing Create Shop Order APIs which generates Shop Order Instance , against user-given option .",Object,false,0,20,"\IUnknown\, \IDispatch\, \CATBaseUnknown\, \CATBaseDispatch\, \AnyObject\, \OrderGenerator\",Unknown
interface_622,OrderedGeometricalSet,The object is an ordered geometrical set.,Collection,true,4,1,"\IUnknown\, \IDispatch\, \CATBaseUnknown\, \CATBaseDispatch\, \AnyObject\, \OrderedGeometricalSet\",Unknown
interface_623,OrderedGeometricalSets,A collection of the OrderedGeometricalSet objects.,Collection,true,0,2,"\IUnknown\, \IDispatch\, \CATBaseUnknown\, \CATBaseDispatch\, \Collection\, \OrderedGeometricalSets\",Unknown
interface_624,OriginElements,Represents the part's 3D reference axis system.,Object,true,3,0,"\IUnknown\, \IDispatch\, \CATBaseUnknown\, \CATBaseDispatch\, \AnyObject\, \OriginElements\",Unknown
interface_625,Outputs,The collection of outputs related to the current activity.,Collection,true,0,4,"\IUnknown\, \IDispatch\, \CATBaseUnknown\, \CATBaseDispatch\, \Collection\, \Outputs\",Unknown
interface_626,PCBArea,,Object,false,6,0,"\IUnknown\, \IDispatch\, \CATBaseUnknown\, \CATBaseDispatch\, \AnyObject\, \PCBArea\",Unknown
interface_627,PCBBoard,,Object,false,2,3,"\IUnknown\, \IDispatch\, \CATBaseUnknown\, \CATBaseDispatch\, \AnyObject\, \PCBBoard\",Unknown
interface_628,PCBComponent,,Object,false,9,0,"\IUnknown\, \IDispatch\, \CATBaseUnknown\, \CATBaseDispatch\, \AnyObject\, \PCBComponent\",Unknown
interface_629,PCBHoleAndPattern,,Object,false,4,0,"\IUnknown\, \IDispatch\, \CATBaseUnknown\, \CATBaseDispatch\, \AnyObject\, \PCBHoleAndPattern\",Unknown
interface_630,PCBObject,,Object,false,1,1,"\IUnknown\, \IDispatch\, \CATBaseUnknown\, \CATBaseDispatch\, \AnyObject\, \PCBObject\",Unknown
interface_631,PCBWorkbench,Interface to access Circuit Board Design workbench object.,Object,false,0,4,"\IUnknown\, \IDispatch\, \CATBaseUnknown\, \CATBaseDispatch\, \AnyObject\, \Workbench\, \PCBWorkbench\",Unknown
interface_632,PCSStatisticsSettingAtt,Interface for PCS statistic ControlerRole: the PCS statistics controler manages the values of all or only a part of the attributes available for the thematic.,Object,false,1,0,"\IUnknown\, \IDispatch\, \CATBaseUnknown\, \CATBaseDispatch\, \AnyObject\, \SettingController\, \GeneralStatisticsSettingAtt\, \PCSStatisticsSettingAtt\",Unknown
interface_633,PPRActivity,The interface is used to retrieve the items and resources of the current Activity.,Object,false,2,0,"\IUnknown\, \IDispatch\, \CATBaseUnknown\, \CATBaseDispatch\, \AnyObject\, \Activity\, \PPRActivity\",Unknown
interface_634,PPRDocument,"This interface is used to access Processes, Products and Resources.",Object,false,3,0,"\IUnknown\, \IDispatch\, \CATBaseUnknown\, \CATBaseDispatch\, \AnyObject\, \Document\, \PPRDocument\",Unknown
interface_635,PPRProducts,This interface is used to retrieve and add Products from and to the list of Products.,Collection,true,0,2,"\IUnknown\, \IDispatch\, \CATBaseUnknown\, \CATBaseDispatch\, \Collection\, \PPRProducts\",Unknown
interface_636,Pad,Represents the pad shape.,Object,false,0,0,"\IUnknown\, \IDispatch\, \CATBaseUnknown\, \CATBaseDispatch\, \AnyObject\, \Shape\, \SketchBasedShape\, \Prism\, \Pad\",Unknown
interface_637,PageSetup,Represents the page setup.,Object,false,15,0,"\IUnknown\, \IDispatch\, \CATBaseUnknown\, \CATBaseDispatch\, \AnyObject\, \PageSetup\",Unknown
interface_638,Parabola2D,Class defining an parabola in 2D Space.,Object,false,1,3,"\IUnknown\, \IDispatch\, \CATBaseUnknown\, \CATBaseDispatch\, \AnyObject\, \GeometricElement\, \Geometry2D\, \Curve2D\, \Parabola2D\",Unknown
interface_639,Parameter,Represents the parameter.,Object,false,8,3,"\IUnknown\, \IDispatch\, \CATBaseUnknown\, \CATBaseDispatch\, \AnyObject\, \Parameter\",Unknown
interface_640,ParameterProfiles,Interface to manage an user-defined applicative parameter profile. Applicative parameter Feature Dictionary Editor.,Object,true,0,4,"\IUnknown\, \IDispatch\, \CATBaseUnknown\, \CATBaseDispatch\, \AnyObject\, \ParameterProfiles\","This interface allows the end-user to handle Applicative parameter profiles attributes. To create them, please refer to ParameterProfilesFactory Applicative profiles are defined using a Feature Dictionary Editor application. The name of the attributes don't change after the CATFct file has been defined. End-user must know what the name of the attributes are. To get a handle on the robot, the product must be the assembly node representing the robot (the one with a robot icon). The following code can be used to retrieve a handle on a profile 'current document is a product 'the root product is a robot 'retrieving the root product Dim MyProduct As Product Set MyProduct = CATIA.ActiveDocument.Product 'retrieving the handle Dim MyProfileFactory As ParameterProfilesFactory Set MyProfileFactory = MyProduct.GetTechnologicalObject(""""ParameterProfilesFactory"""") ... 'retrieving the list of profiles as an array Dim MyListOfProfiles() As ParameterProfiles MyProfileFactory. GetAllProfileInstances (MyListOfProfiles) 'loop for each profile to get the name Dim MyCurrentProfile as ParameterProfiles Dim MyCurrentProfileName For Each MyCurrentProfile In MyListOfProfiles MyCurrentProfileName.GetName(MyCurrentProfileName) Next ParameterProfilesFactory ."
interface_641,ParameterProfilesFactory,Interface to manage an user-defined applicative parameter profile defined on a robot controller. Applicative parameter Feature Dictionary Editor Profile.xml CATDisciplinePath Device Building Advanced Tasks.,Object,false,0,5,"\IUnknown\, \IDispatch\, \CATBaseUnknown\, \CATBaseDispatch\, \AnyObject\, \ParameterProfilesFactory\","This interface allows the end-user to handle Applicative parameter profiles on a robot controller. It works on both: robots created using V5 mechanisms robots imported from DENEB D5 Applicative profiles are defined using a Feature Dictionary Editor application. The application will save CATFct files that must be referenced with a file Profile.xml , referenced through the environment variable CATDisciplinePath . For more information, please refer to the Device Building product documentation in the Advanced Tasks section on the setup. To get a handle on the robot, the product must be the assembly node representing the robot (the one with a robot icon). The following code snippet shows how to retrieve the handle on the factory. 'current document is a product 'the root product is a robot 'retrieving the root product Dim MyProduct As Product Set MyProduct = CATIA.ActiveDocument.Product 'retrieving the handle Dim MyProfileFactory As ParameterProfilesFactory Set MyProfileFactory = MyProduct.GetTechnologicalObject( """"ParameterProfilesFactory"""" ) ... 'retrieving the list of profiles as an array Dim MyListOfProfiles() As ParameterProfiles MyProfileFactory.GetAllProfileInstances(MyListOfProfiles) 'loop for each profile Dim MyCurrentProfile as ParameterProfiles For Each MyCurrentProfile In MyListOfProfiles ... Next ParameterProfiles CATSafeArrayVariant ."
interface_642,ParameterSet,Represents parameter set.,Object,false,3,0,"\IUnknown\, \IDispatch\, \CATBaseUnknown\, \CATBaseDispatch\, \AnyObject\, \ParameterSet\",Unknown
interface_643,ParameterSets,Represents a collection of parameter sets.,Collection,true,0,2,"\IUnknown\, \IDispatch\, \CATBaseUnknown\, \CATBaseDispatch\, \Collection\, \ParameterSets\",Unknown
interface_644,Parameters,Represents the Parameters collection of the part or the product.,Collection,true,2,11,"\IUnknown\, \IDispatch\, \CATBaseUnknown\, \CATBaseDispatch\, \AnyObject\, \Parameters\",Unknown
interface_645,Part,The root level object inside a PartDocument object.,Collection,true,15,11,"\IUnknown\, \IDispatch\, \CATBaseUnknown\, \CATBaseDispatch\, \AnyObject\, \AnalysisSet\, \Part\",It aggregates all the objects making up the part document. It provides many factories and collections. The collections list only the direct children of the part. Selection.Search allows to get all objects of one type. See also: PartDocument .
interface_646,PartComp,Interface to access a CATIAPartComp.,Object,false,0,0,"\IUnknown\, \IDispatch\, \CATBaseUnknown\, \CATBaseDispatch\, \AnyObject\, \PartComp\",Unknown
interface_647,PartComps,Interface to access a CATIAPartComps.,Collection,true,4,1,"\IUnknown\, \IDispatch\, \CATBaseUnknown\, \CATBaseDispatch\, \Collection\, \PartComps\",Unknown
interface_648,PartDocument,Represents the Document object for parts.,Object,false,2,0,"\IUnknown\, \IDispatch\, \CATBaseUnknown\, \CATBaseDispatch\, \AnyObject\, \Document\, \PartDocument\","When a PartDocument object is created, a Part object is also created. This Part object is the root object of the Part structure. A reference Product object is also created in each PartDocument. It is used to access Publications, PartNumber. See also: Product , Part Property Index Part Returns the root Part object from the current part document. Product Returns the root Product object from the current part document. Properties o Property Part ( ) As activateLink('Part','Part') (Read Only) Returns the root Part object from the current part document. Example: The following example retrieves in RootPart the root Part object of the active document, assumed to be a part document: Set RootPart = CATIA.ActiveDocument. Part o Property Product ( ) As activateLink('Product','Product') (Read Only) Returns the root Product object from the current part document. Example: The following example retrieves in RootProd the root Product object of the active document, assumed to be a part document: Set RootProd = CATIA.ActiveDocument. Part ."
interface_649,PartInfrastructureSettingAtt,Setting controller for all the Part Infrastructure property tab pages.,Object,false,15,20,"\IUnknown\, \IDispatch\, \CATBaseUnknown\, \CATBaseDispatch\, \AnyObject\, \SettingController\, \PartInfrastructureSettingAtt\",This interface is implemented by a component representing the controller for the Part Infrastructure settings.
interface_650,ParticularTolElem,Interface for accessing particular geometry of the toleranced element.,Object,false,1,0,"\IUnknown\, \IDispatch\, \CATBaseUnknown\, \CATBaseDispatch\, \AnyObject\, \ParticularTolElem\",Unknown
interface_651,PathESSRessourcesSettingAtt,The interface to access a CATIAPathESSRessourcesSettingAtt.,Object,false,3,6,"\IUnknown\, \IDispatch\, \CATBaseUnknown\, \CATBaseDispatch\, \AnyObject\, \SettingController\, \PathESSRessourcesSettingAtt\",Unknown
interface_652,Pattern,Represents the pattern shape.,Object,false,2,2,"\IUnknown\, \IDispatch\, \CATBaseUnknown\, \CATBaseDispatch\, \AnyObject\, \Pattern\",Unknown
interface_653,PertNode,This Interface represents a PertNode in the PERT Chart.,Object,false,0,3,"\IUnknown\, \IDispatch\, \CATBaseUnknown\, \CATBaseDispatch\, \AnyObject\, \PertNode\",Unknown
interface_654,PickActivity,The object that represents an PickActivity.,Object,false,2,7,"\IUnknown\, \IDispatch\, \CATBaseUnknown\, \CATBaseDispatch\, \AnyObject\, \Activity\, \WorkerActivity\, \PickActivity\",Unknown
interface_655,PlaceActivity,The object that represents an PlaceActivity.,Object,false,0,9,"\IUnknown\, \IDispatch\, \CATBaseUnknown\, \CATBaseDispatch\, \AnyObject\, \Activity\, \WorkerActivity\, \PlaceActivity\",Unknown
interface_656,PlanarFace,2-D boundary with a planar geometry.,Object,false,0,3,"\IUnknown\, \IDispatch\, \CATBaseUnknown\, \CATBaseDispatch\, \AnyObject\, \Reference\, \Boundary\, \Face\, \PlanarFace\","This Boundary object may be, for example, the face of a cube. You will create a PlanarFace object using the Shapes.GetBoundary HybridShapes.GetBoundary Sketches.GetBoundary or Selection.SelectElement2 method. Then, you pass it to the operator (such as ShapeFactory.AddNewDraft ). The lifetime of a PlanarFace object is limited, see Boundary @sample Example: This example asks the end user to select a face and two planar faces, and creates a draft on these faces: Dim InputObjectType(0) Set Document = CATIA.ActiveDocument Set Selection = Document.Selection 'We propose to the user that he select the face to draft InputObjectType(0)=""""Face"""" Status=Selection.SelectElement2(InputObjectType,""""Select the face to draft"""",true) if (Status = """"cancel"""") then Exit Sub Set FaceToDraft = Selection.Item(1).Value Selection.Clear 'We propose to the user that he select the neutral face InputObjectType(0)=""""PlanarFace"""" Status=Selection.SelectElement2(InputObjectType,""""Select the neutral face"""",true) if (Status = """"cancel"""") then Exit Sub Set NeutralFace = Selection.Item(1).Value Selection.Clear 'We propose to the user that he select the parting element InputObjectType(0)=""""PlanarFace"""" Status=Selection.SelectElement2(InputObjectType,""""Select the parting element"""",true) if (Status = """"cancel"""") then Exit Sub Set PartingElement = Selection.Item(1).Value Set Draft = ShapeFactory.AddNewDraft(FaceToDraft,NeutralFace,0,PartingElement,0.0,0.0,1.0,0,5.0,0) Set DraftDomains = Draft.Draf..."
interface_657,Plane,Represents the hybrid shape Plane feature object.,Object,false,0,10,"\IUnknown\, \IDispatch\, \CATBaseUnknown\, \CATBaseDispatch\, \AnyObject\, \HybridShape\, \Plane\","Declare hybrid shape Plane root feature object. All interfaces for different type of Plane derivates HybridShapePlane. Use the CATIAHybridShapeFactory to create a HybridShapePlane objects. See also: HybridShapeFactory Method Index GetFirstAxis Returns the coordinates of the first plane axis. GetOrigin Returns the origin of the plane. GetPosition Gets the position where the plane is displayed. GetSecondAxis Returns the coordinates of the second plane axis. IsARefPlane Queries whether the plane is a reference plane (fixed axis plane). PutFirstAxis Sets the first axis. PutOrigin Sets the origin of the plane. PutSecondAxis Sets the coordinates of the second plane axis. RemovePosition Removes reference position of a plane. SetPosition Sets the position where the plane is displayed. Methods o Sub GetFirstAxis ( activateLink('CATSafeArrayVariant','CATSafeArrayVariant') oFirstAxis ) Returns the coordinates of the first plane axis. Parameters: oFirstAxis[0] The X Coordinate of the first plane axis oFirstAxis[1] ..."
interface_658,PlugMapViewSettingAtt,Interface representing xxx.,Object,false,2,8,"\IUnknown\, \IDispatch\, \CATBaseUnknown\, \CATBaseDispatch\, \AnyObject\, \SettingController\, \PlugMapViewSettingAtt\","Components that implement DNBIAPlugMapViewSettingAtt are ... Do not use the DNBIAPlugMapViewSettingAtt interface for such and such ClassReference, Class#MethodReference, #InternalMethod... Property Index LogicalDataAttrList Returns or sets the LogicalDataAttrList parameter. TerminationAttrList Returns or sets the ConstraintsSimul parameter. Method Index AddtoLogicalDataAttrList Method to add a parameter to the LogicalDataAttrList. AddtoTerminationAttrList Method to add a parameter to the TerminationAttrList. GetLogicalDataAttrListInfo Retrieves environment informations for the LogicalDataAttrList parameter. GetTerminationAttrListInfo Retrieves environment informations for the TerminationAttrList parameter. RemovefromLogicalDataAttrList Method to Remove a parameter fron the LogicalDataAttrList. RemovefromTerminationAttrList Method to Remove a parameter fron the TerminationAttrList. SetLogicalDataAttrListLock Locks or unlocks the LogicalDataAttrList parameter. SetTerminationAttrListLock Locks or unlocks the TerminationAttrList parameter. Properties o Property LogicalDataAttrList ( ) As <script type=""""t..."
interface_659,Pocket,Represents the pocket shape.,Object,false,0,0,"\IUnknown\, \IDispatch\, \CATBaseUnknown\, \CATBaseDispatch\, \AnyObject\, \AssemblyFeature\, \Pocket\",Unknown
interface_660,Point,Represents the hybrid shape Point feature object.,Object,false,0,2,"\IUnknown\, \IDispatch\, \CATBaseUnknown\, \CATBaseDispatch\, \AnyObject\, \Fastener\, \Point\","Declare hybrid shape Point root feature object. All interfaces for different type of Point derivates HybridShapePoint. Use the CATIAHybridShapeFactory to create a HybridShapePoint objects. See also: HybridShapeFactory Method Index GetCoordinates Gets cartesian coordinates of the point. SetCoordinates Sets cartesian coordinates of the point. Methods o Sub GetCoordinates ( activateLink('CATSafeArrayVariant','CATSafeArrayVariant') oCoordinates ) Gets cartesian coordinates of the point. Parameters: oCoordinates coordinates of the point. See also: HybridShapeFactory o Sub SetCoordinates ( activateLink('CATSafeArrayVariant','CATSafeArrayVariant') oCoordinates ) Sets cartesian coordinates of the point. Note: SetCoordinates can only be used on CATIAHybridShapePointCoord feature Parameters: iCoordinates coordinates of the point. See also: HybridShapeFactory ."
interface_661,Point2D,Class defining a point in 2D Space.,Object,false,0,2,"\IUnknown\, \IDispatch\, \CATBaseUnknown\, \CATBaseDispatch\, \AnyObject\, \GeometricElement\, \Geometry2D\, \Point2D\",Unknown
interface_662,PointFastener,Interface DELMIAPointFastener DELMIAPointFastener represent body in white fasteners of type point.,Object,false,2,2,"\IUnknown\, \IDispatch\, \CATBaseUnknown\, \CATBaseDispatch\, \AnyObject\, \Fastener\, \PointFastener\",Unknown
interface_663,Position,Represents the position object.,Object,false,0,2,"\IUnknown\, \IDispatch\, \CATBaseUnknown\, \CATBaseDispatch\, \AnyObject\, \FunctionalElement\, \Position\",Unknown
interface_664,PositionedMaterial,Represents a Positioned Material object.,Object,false,3,0,"\IUnknown\, \IDispatch\, \CATBaseUnknown\, \CATBaseDispatch\, \AnyObject\, \PositionedMaterial\",Unknown
interface_665,PrintArea,Manages print area of drawing sheet.,Object,false,5,2,"\IUnknown\, \IDispatch\, \CATBaseUnknown\, \CATBaseDispatch\, \AnyObject\, \PrintArea\",Unknown
interface_666,Printer,Represents a printer handled by the printing subsystem.,Object,false,5,0,"\IUnknown\, \IDispatch\, \CATBaseUnknown\, \CATBaseDispatch\, \AnyObject\, \Printer\",Unknown
interface_667,Printers,A collection of all the Printer objects managed by the application.,Collection,true,0,1,"\IUnknown\, \IDispatch\, \CATBaseUnknown\, \CATBaseDispatch\, \AnyObject\, \SettingController\, \Printers\",Unknown
interface_668,PrintersSettingAtt,Represents a setting controller for the printer settings.,Object,false,0,20,"\IUnknown\, \IDispatch\, \CATBaseUnknown\, \CATBaseDispatch\, \AnyObject\, \SettingController\, \PrintersSettingAtt\",This interface is implemented by a component which represents the controller of the printer settings.
interface_669,Prism,Prism-based features in Part Design : base for pad or pocket.,Object,false,8,3,"\IUnknown\, \IDispatch\, \CATBaseUnknown\, \CATBaseDispatch\, \AnyObject\, \ManufacturingFeature\, \ManufacturingMachinableFeature\, \ManufacturingMachinableArea\, \Prism\",Unknown
interface_670,ProcessDocument,This interface is used to access the PPRDocument and to add a new library.,Object,false,2,1,"\IUnknown\, \IDispatch\, \CATBaseUnknown\, \CATBaseDispatch\, \AnyObject\, \Document\, \ProcessDocument\",Unknown
interface_671,Product,Represents the product.,Collection,true,15,20,"\IUnknown\, \IDispatch\, \CATBaseUnknown\, \CATBaseDispatch\, \AnyObject\, \Product\",Unknown
interface_672,ProductDocument,Represents the Document object for product structures.,Object,false,1,0,"\IUnknown\, \IDispatch\, \CATBaseUnknown\, \CATBaseDispatch\, \AnyObject\, \Document\, \ProductDocument\",Unknown
interface_673,ProductScene,Represent the Product-Scene.,Object,false,1,3,"\IUnknown\, \IDispatch\, \CATBaseUnknown\, \CATBaseDispatch\, \AnyObject\, \ProductScene\",Unknown
interface_674,ProductScenes,A collection of ProductScenes contained in a given ProductDocument.,Collection,true,0,4,"\IUnknown\, \IDispatch\, \CATBaseUnknown\, \CATBaseDispatch\, \Collection\, \ProductScenes\",Unknown
interface_675,Products,The collection of the Product objects contained in a given Product object of a ProductDocument object.,Collection,true,0,9,"\IUnknown\, \IDispatch\, \CATBaseUnknown\, \CATBaseDispatch\, \Collection\, \Products\",Unknown
interface_676,ProjectedToleranceZone,Interface for accessing projected tolerance zone informations of a TPS.,Object,false,2,0,"\IUnknown\, \IDispatch\, \CATBaseUnknown\, \CATBaseDispatch\, \AnyObject\, \ProjectedToleranceZone\",Unknown
interface_677,PspAppFactory,Represents the application factory.,Object,false,0,11,"\IUnknown\, \IDispatch\, \CATBaseUnknown\, \CATBaseDispatch\, \AnyObject\, \PspAppFactory\","To create, instanciate, delete and query groups, logical lines, compartments and parts."
interface_678,PspApplication,Represents an application.,Object,false,0,1,"\IUnknown\, \IDispatch\, \CATBaseUnknown\, \CATBaseDispatch\, \AnyObject\, \PspApplication\",To activate and query a Distributive System application.
interface_679,PspAttribute,Represents Attribute Interface to query Plant Ship objects' attributes.,Object,false,0,11,"\IUnknown\, \IDispatch\, \CATBaseUnknown\, \CATBaseDispatch\, \AnyObject\, \PspAttribute\",To query and reset attributes.
interface_680,PspAttributeReport,Represents the Attribute Report.,Object,false,0,1,"\IUnknown\, \IDispatch\, \CATBaseUnknown\, \CATBaseDispatch\, \AnyObject\, \PspAttributeReport\",To generate attributes report.
interface_681,PspBuildPart,Represents Interface to create and modify a part.,Object,false,0,4,"\IUnknown\, \IDispatch\, \CATBaseUnknown\, \CATBaseDispatch\, \AnyObject\, \PspBuildPart\",To build and define a part.
interface_682,PspClass,Represent Interface to list the start up object classes of an application.,Object,true,3,0,"\IUnknown\, \IDispatch\, \CATBaseUnknown\, \CATBaseDispatch\, \AnyObject\, \PspClass\",Application object classes.
interface_683,PspCntrFlow,Represents Interface to manage Connector Flow property.,Object,false,2,0,"\IUnknown\, \IDispatch\, \CATBaseUnknown\, \CATBaseDispatch\, \AnyObject\, \PspCntrFlow\",To query and modify Plant-Ship Connector Flow property.
interface_684,PspConnectable,Represents an Interface to manage object behaviors in making connections.,Object,false,2,2,"\IUnknown\, \IDispatch\, \CATBaseUnknown\, \CATBaseDispatch\, \AnyObject\, \PspConnectable\",To specify object behaviors such as adding a connector and removing a connector.
interface_685,PspConnector,Represents connector object.,Object,false,2,4,"\IUnknown\, \IDispatch\, \CATBaseUnknown\, \CATBaseDispatch\, \AnyObject\, \PspConnector\",To specify connector behaviors such as connect and disconnect.
interface_686,PspFunctional,Represents Plant Ship functional object.,Object,false,7,5,"\IUnknown\, \IDispatch\, \CATBaseUnknown\, \CATBaseDispatch\, \AnyObject\, \PspFunctional\",To access Plant Ship Functional object information.
interface_687,PspGroup,Represent the Group.,Object,false,1,2,"\IUnknown\, \IDispatch\, \CATBaseUnknown\, \CATBaseDispatch\, \AnyObject\, \PspGroup\",It manages group members in making logical relationship.
interface_688,PspGroupable,Represent the Groupable object that can be grouped by Group object.,Object,false,1,0,"\IUnknown\, \IDispatch\, \CATBaseUnknown\, \CATBaseDispatch\, \AnyObject\, \PspGroupable\",It is used to query the group object link to this object.
interface_689,PspID,Represents the interface to generate and set IDs for the Distributive System Objects.,Object,false,0,7,"\IUnknown\, \IDispatch\, \CATBaseUnknown\, \CATBaseDispatch\, \AnyObject\, \PspID\",This is the interface for Plant Ship object ID generation.
interface_690,PspLightBend,Represents the Light bendable object.,Object,false,0,2,"\IUnknown\, \IDispatch\, \CATBaseUnknown\, \CATBaseDispatch\, \AnyObject\, \PspLightBend\",It is used access light bendable data.
interface_691,PspLightConnector,Represents the light connector.,Object,false,0,6,"\IUnknown\, \IDispatch\, \CATBaseUnknown\, \CATBaseDispatch\, \AnyObject\, \PspLightConnector\",To access light connector data.
interface_692,PspLightPart,Represents the light part.,Object,false,0,2,"\IUnknown\, \IDispatch\, \CATBaseUnknown\, \CATBaseDispatch\, \AnyObject\, \PspLightPart\",To access light object data.
interface_693,PspListOfBSTRs,Represents a collection of CATBSTR type of strings.,Collection,true,1,3,"\IUnknown\, \IDispatch\, \CATBaseUnknown\, \CATBaseDispatch\, \AnyObject\, \PspListOfBSTRs\",Collection of CATBSTR type of strings.
interface_694,PspListOfDoubles,Represents a collection of double values.,Collection,true,1,3,"\IUnknown\, \IDispatch\, \CATBaseUnknown\, \CATBaseDispatch\, \AnyObject\, \PspListOfDoubles\",Collection of double.
interface_695,PspListOfLongs,Represents a collection of Long values.,Collection,true,1,3,"\IUnknown\, \IDispatch\, \CATBaseUnknown\, \CATBaseDispatch\, \AnyObject\, \PspListOfLongs\",Collection of Long.
interface_696,PspListOfObjects,Represents a collection of Objects.,Collection,true,1,3,"\IUnknown\, \IDispatch\, \CATBaseUnknown\, \CATBaseDispatch\, \AnyObject\, \PspListOfObjects\",Collection of Object.
interface_697,PspLogicalLine,Represents the logical line.,Object,false,0,3,"\IUnknown\, \IDispatch\, \CATBaseUnknown\, \CATBaseDispatch\, \AnyObject\, \PspGroup\, \PspLogicalLine\",To query the logical line object's from/to members.
interface_698,PspObject,Represents PspObject.,Object,false,3,0,"\IUnknown\, \IDispatch\, \CATBaseUnknown\, \CATBaseDispatch\, \AnyObject\, \PspObject\",To access Plant Ship object information.
interface_699,PspPartConnector,Represent the Part Connector to manage the technological data on connectors.,Object,false,4,12,"\IUnknown\, \IDispatch\, \CATBaseUnknown\, \CATBaseDispatch\, \AnyObject\, \PspPartConnector\",To access the technological data on connectors.
interface_700,PspPhsyicalProduct,Represents the interface to manage the technological connectors on physical objects.,Object,false,1,2,"\IUnknown\, \IDispatch\, \CATBaseUnknown\, \CATBaseDispatch\, \AnyObject\, \PspPhsyicalProduct\",To manage connectors on physical objects.
interface_701,PspPhysical,Represents the object to access Plant Ship physical object information.,Object,false,0,2,"\IUnknown\, \IDispatch\, \CATBaseUnknown\, \CATBaseDispatch\, \AnyObject\, \PspPhysical\",To access access Plant Ship physical object information.
interface_702,PspPlacePart,Represents the Place physical parts object.,Object,false,1,2,"\IUnknown\, \IDispatch\, \CATBaseUnknown\, \CATBaseDispatch\, \AnyObject\, \PspPlacePart\",To place physical parts.
interface_703,PspResource,Represents the PspResource.,Object,false,0,2,"\IUnknown\, \IDispatch\, \CATBaseUnknown\, \CATBaseDispatch\, \AnyObject\, \PspResource\",It is used to get application resources.
interface_704,PspSpatial,Represents the Psp Spatial object.,Object,false,1,0,"\IUnknown\, \IDispatch\, \CATBaseUnknown\, \CATBaseDispatch\, \AnyObject\, \PspSpatial\",To access Plant Ship spatial object information.
interface_705,PspStretchableData,Represents the PspStretchableData object.,Object,false,0,2,"\IUnknown\, \IDispatch\, \CATBaseUnknown\, \CATBaseDispatch\, \AnyObject\, \PspStretchableData\",To access the technological data on stretchable objects.
interface_706,PspTempListFactory,Create temporary lists to be used in VB environment.,Object,false,0,4,"\IUnknown\, \IDispatch\, \CATBaseUnknown\, \CATBaseDispatch\, \AnyObject\, \PspTempListFactory\",Create lists in VB environment.
interface_707,PspWorkbench,Represents the PspWorkbench.,Object,false,0,3,"\IUnknown\, \IDispatch\, \CATBaseUnknown\, \CATBaseDispatch\, \AnyObject\, \PspWorkbench\","To manage application and Psp interface handlers. From this object all the queries for lists of Distributive system (PSP) objects can be made. Furthermore, all the interface handles can be obtained through this interface."
interface_708,Publication,The interface to access a CATIAPublication.,Object,false,2,0,"\IUnknown\, \IDispatch\, \CATBaseUnknown\, \CATBaseDispatch\, \AnyObject\, \Publication\",Unknown
interface_709,Publications,The collection of the Product publications.,Collection,true,0,5,"\IUnknown\, \IDispatch\, \CATBaseUnknown\, \CATBaseDispatch\, \Collection\, \Publications\",Unknown
interface_710,RRSSettingAtt,Interface to handle parameters of IGRIP RRS Tools Options Tab pageRole: This interface is implemented by a component which represents the controller of IGRIP RRS Tools Options parameter settings.,Object,false,15,20,"\IUnknown\, \IDispatch\, \CATBaseUnknown\, \CATBaseDispatch\, \AnyObject\, \SettingController\, \RRSSettingAtt\",Unknown
interface_711,RealParam,Represents the real parameter.,Object,false,7,5,"\IUnknown\, \IDispatch\, \CATBaseUnknown\, \CATBaseDispatch\, \AnyObject\, \Parameter\, \RealParam\",Unknown
interface_712,RectPattern,Represents the rectangular pattern.,Object,false,8,6,"\IUnknown\, \IDispatch\, \CATBaseUnknown\, \CATBaseDispatch\, \AnyObject\, \Shape\, \TransformationShape\, \Pattern\, \RectPattern\",Unknown
interface_713,RectilinearBiDimFeatEdge,"1-D boundary belonging to a feature whose topological result is two dimensional, the boundary having a rectilinear geometry.",Object,false,0,2,"\IUnknown\, \IDispatch\, \CATBaseUnknown\, \CATBaseDispatch\, \AnyObject\, \Reference\, \Boundary\, \Edge\, \BiDimFeatEdge\, \RectilinearBiDimFeatEdge\","This Boundary object may be, for example, the edge of a surface obtained through the extrusion of a line. You will create a RectilinearBiDimFeatEdge object using the Shapes.GetBoundary HybridShapes.GetBoundary Sketches.GetBoundary or Selection.SelectElement2 method. Then, you pass it to the operator (such as Hole.SetDirection ). The lifetime of a RectilinearBiDimFeatEdge object is limited, see Boundary @sample Example: see the RectilinearTriDimFeatEdge example ."
interface_714,RectilinearMonoDimFeatEdge,"1-D boundary belonging to a feature whose topological result is one dimensional, the boundary having a rectilinear geometry.",Object,false,0,2,"\IUnknown\, \IDispatch\, \CATBaseUnknown\, \CATBaseDispatch\, \AnyObject\, \Reference\, \Boundary\, \Edge\, \MonoDimFeatEdge\, \RectilinearMonoDimFeatEdge\","This Boundary object may be, for example, in a part containing a Sketch which is made up of a line segment and a spline, the line segment. You will create a RectilinearMonoDimFeatEdge object using the Shapes.GetBoundary HybridShapes.GetBoundary Sketches.GetBoundary or Selection.SelectElement2 method. Then, you pass it to the operator (such as Hole.SetDirection ). The lifetime of a RectilinearMonoDimFeatEdge object is limited, see Boundary @sample Example: see the RectilinearTriDimFeatEdge example ."
interface_715,RectilinearTriDimFeatEdge,"1-D boundary belonging to a feature whose topological result is three dimensional, the boundary having a rectilinear geometry.",Object,false,0,2,"\IUnknown\, \IDispatch\, \CATBaseUnknown\, \CATBaseDispatch\, \AnyObject\, \Reference\, \Boundary\, \Edge\, \TriDimFeatEdge\, \RectilinearTriDimFeatEdge\","This Boundary object may be, for example, the edge of a Pad resulting from the extrusion of a square. You will create a RectilinearTriDimFeatEdge object using the Shapes.GetBoundary HybridShapes.GetBoundary Sketches.GetBoundary or Selection.SelectElement2 method. Then, you pass it to the operator (such as Hole.SetDirection ). The lifetime of a RectilinearTriDimFeatEdge object is limited, see Boundary @sample Example: This example asks the end user to select a face, a rectilinear edge, and creates a hole. The rectilinear edge specifies the hole direction. It may be a RectilinearTriDimFeatEdge, a RectilinearBiDimFeatEdge or a RectilinearMonoDimFeatEdge. Dim EnabledObjectSelection1(0) Dim EnabledObjectSelection2(2) Set Document = CATIA.ActiveDocument Set Selection = Document.Selection 'We propose to the user that he select a face EnabledObjectSelection1(0)=""""Face"""" Status=Selection.SelectElement2(EnabledObjectSelection1,""""Select a face"""",true) if (Status = """"cancel"""") then Exit Sub Set Face = Selection.Item(1).Value Selection.Clear 'We propose to the user that he select the hole direction EnabledObjectSelection2(0)=""""RectilinearTriDimFeatEdge"""" EnabledObjectSelection2(1)=""""RectilinearBiDimFeatEdge"""" EnabledObjectSelection2(2)=""""RectilinearMonoDimFeatEdge"""" Status=Selection.SelectElement2(EnabledObjectSelection2,""""Select the hole direction"""",true) if (Status = """"cancel"""") then Exit Sub Set Hole = ShapeFactory.AddNewHoleFromPoint(20.0,-5.5, 1.07,Face,10.0) Hole.Thread..."
interface_717,ReferenceFrame,Interface designed to manage reference frame associated to a TPS.,Collection,true,1,2,"\IUnknown\, \IDispatch\, \CATBaseUnknown\, \CATBaseDispatch\, \AnyObject\, \ReferenceFrame\",Unknown
interface_718,References,A collection of all the references aggregated in an object.,Collection,true,0,1,"\IUnknown\, \IDispatch\, \CATBaseUnknown\, \CATBaseDispatch\, \Collection\, \References\",Unknown
interface_719,Relation,Represents the relation object.,Collection,true,5,4,"\IUnknown\, \IDispatch\, \CATBaseUnknown\, \CATBaseDispatch\, \AnyObject\, \Relation\",Unknown
interface_720,Relations,Represents the collection of relations of the part or the product.,Collection,true,1,13,"\IUnknown\, \IDispatch\, \CATBaseUnknown\, \CATBaseDispatch\, \AnyObject\, \Relations\",Unknown
interface_721,ReleaseAct,Interface representing a Release activity.,Object,false,1,2,"\IUnknown\, \IDispatch\, \CATBaseUnknown\, \CATBaseDispatch\, \AnyObject\, \Activity\, \ReleaseAct\","This interface is used to retrieve/assign the value of attributes for the Release activity. The following code snippet can be used to obtain a ReleaseAct from a selected Activity Dim oSelectAct As Activity set oSelectAct = CATIA.ActiveDocument.Selection.FindObject(""""CATIAActivity"""") Dim objReleaseAct As ReleaseAct set objReleaseAct = oSelectAct.GetTechnologicalObject(""""ReleaseAct"""") ."
interface_722,Remove,"Represents the remove, or substract boolean operation.",Object,false,0,0,"\IUnknown\, \IDispatch\, \CATBaseUnknown\, \CATBaseDispatch\, \AnyObject\, \Shape\, \BooleanShape\, \Remove\",Unknown
interface_723,RemoveFace,Represents the Remove Face operation.,Object,false,5,2,"\IUnknown\, \IDispatch\, \CATBaseUnknown\, \CATBaseDispatch\, \AnyObject\, \Shape\, \DressUpShape\, \RemoveFace\",Unknown
interface_724,RenderingEnvironment,Represents a Environment object.,Object,false,6,6,"\IUnknown\, \IDispatch\, \CATBaseUnknown\, \CATBaseDispatch\, \AnyObject\, \RenderingEnvironment\",Unknown
interface_725,RenderingEnvironmentWall,Represents a Environment object.,Object,false,12,1,"\IUnknown\, \IDispatch\, \CATBaseUnknown\, \CATBaseDispatch\, \AnyObject\, \RenderingEnvironmentWall\",Unknown
interface_726,RenderingEnvironments,A collection of all the Rendering Environments objects.,Collection,true,0,4,"\IUnknown\, \IDispatch\, \CATBaseUnknown\, \CATBaseDispatch\, \Collection\, \RenderingEnvironments\",Unknown
interface_727,RenderingLight,Represents a Rendering Light object.,Object,false,15,8,"\IUnknown\, \IDispatch\, \CATBaseUnknown\, \CATBaseDispatch\, \AnyObject\, \RenderingLight\",Unknown
interface_728,RenderingLights,A collection of all the Rendering Lights objects.,Collection,true,0,4,"\IUnknown\, \IDispatch\, \CATBaseUnknown\, \CATBaseDispatch\, \Collection\, \RenderingLights\",Unknown
interface_729,RenderingMaterial,Represents an RenderingMaterial object.,Object,false,15,18,"\IUnknown\, \IDispatch\, \CATBaseUnknown\, \CATBaseDispatch\, \AnyObject\, \RenderingMaterial\",Unknown
interface_730,RenderingSettingAtt,The interface to access a CATIARenderingSettingAtt.,Object,false,7,14,"\IUnknown\, \IDispatch\, \CATBaseUnknown\, \CATBaseDispatch\, \AnyObject\, \SettingController\, \RenderingSettingAtt\",Unknown
interface_731,RenderingShooting,Represents a Material object.,Object,false,15,5,"\IUnknown\, \IDispatch\, \CATBaseUnknown\, \CATBaseDispatch\, \AnyObject\, \RenderingShooting\",Unknown
interface_732,RenderingShootings,A collection of all the Rendering Shootings objects.,Collection,true,0,4,"\IUnknown\, \IDispatch\, \CATBaseUnknown\, \CATBaseDispatch\, \Collection\, \RenderingShootings\",Unknown
interface_733,Repartition,Represents the repartition.,Object,false,1,0,"\IUnknown\, \IDispatch\, \CATBaseUnknown\, \CATBaseDispatch\, \AnyObject\, \Repartition\",Unknown
interface_734,ReplaceFace,Represents the Replace Face operation.,Object,false,2,3,"\IUnknown\, \IDispatch\, \CATBaseUnknown\, \CATBaseDispatch\, \AnyObject\, \Shape\, \SurfaceBasedShape\, \ReplaceFace\",Unknown
interface_735,Replay,The interface to access a CATIAReplayUse this interface to customize the Replay object.,Object,false,0,8,"\IUnknown\, \IDispatch\, \CATBaseUnknown\, \CATBaseDispatch\, \AnyObject\, \Replay\",Unknown
interface_736,ReportGenerationSheetSettingAtt,The interface to access a CATIAReportGenerationSheetSettingAtt.,Object,false,10,20,"\IUnknown\, \IDispatch\, \CATBaseUnknown\, \CATBaseDispatch\, \AnyObject\, \SettingController\, \ReportGenerationSheetSettingAtt\",Unknown
interface_737,Resource,The object that represents a resource.,Collection,true,5,1,"\IUnknown\, \IDispatch\, \CATBaseUnknown\, \CATBaseDispatch\, \AnyObject\, \Resource\",Unknown
interface_738,ResourceCollection,Interface representing collection of Resources.,Collection,true,0,1,"\IUnknown\, \IDispatch\, \CATBaseUnknown\, \CATBaseDispatch\, \Collection\, \ResourceCollection\","Components that implement CATIAResourceCollection are ... Do not use the CATIAResourceCollection interface for such and such ClassReference, Class#MethodReference, #InternalMethod... Method Index Item This method gets the specified resource from the given resource collection management. Methods o Func Item ( activateLink('CATVariant','CATVariant') iIndex ) As activateLink('Resource','Resource') This method gets the specified resource from the given resource collection management. Parameters: iIndex The resource identifier Returns: oResource The resource ."
interface_739,ResourceProgramManager,Represents the Resource Program manager of a resource.,Object,false,0,2,"\IUnknown\, \IDispatch\, \CATBaseUnknown\, \CATBaseDispatch\, \AnyObject\, \ResourceProgramManager\","Resource Program manager is the object used to access the tasks associated to the resource. The following code snippet can be used to obtain the Resource Program manager from the robot product. Dim objResourceProgramManager As ResourceProgramManager Dim objRobot as Product Set objResourceProgramManager = objRobot.GetTechnologicalObject(""""ResourceProgramManager"""" ) ."
interface_740,Resources,The collection of resources related to the current activity.,Collection,true,0,4,"\IUnknown\, \IDispatch\, \CATBaseUnknown\, \CATBaseDispatch\, \Collection\, \Resources\",Unknown
interface_741,Revolution,Represents the revolution-based shapes.,Object,false,6,0,"\IUnknown\, \IDispatch\, \CATBaseUnknown\, \CATBaseDispatch\, \AnyObject\, \Shape\, \SketchBasedShape\, \Revolution\",Unknown
interface_742,Rib,Represents the rib shape.,Object,false,0,0,"\IUnknown\, \IDispatch\, \CATBaseUnknown\, \CATBaseDispatch\, \AnyObject\, \Shape\, \SketchBasedShape\, \Sweep\, \Rib\",Unknown
interface_743,RobAnalysisHeartBeatUsageSettingAtt,"Interface to handle the parameter used to set as an option, to either enable or disable robot heart beat rate while motion planning, in the Infrastructure-DELMIA Infrastructure-Robot Analysis Tools Options Tab page.",Object,false,1,2,"\IUnknown\, \IDispatch\, \CATBaseUnknown\, \CATBaseDispatch\, \AnyObject\, \SettingController\, \RobAnalysisHeartBeatUsageSettingAtt\",This interface is implemented by a component which is one among the controller properties of Robot Analysis Tools Options parameter settings. Here is the parameter to use and its meaning: EnableHeartBeat : defines whether to enable robot motion planning based on robot heart beat rate .
interface_744,RobAnalysisSettingAtt,Interface to handle parameters of Infrastructure-DELMIA Infrastructure-Robot Analysis Tools Options Tab page.,Object,false,10,20,"\IUnknown\, \IDispatch\, \CATBaseUnknown\, \CATBaseDispatch\, \AnyObject\, \SettingController\, \RobAnalysisSettingAtt\","This interface is implemented by a component which represents the controller of Robot Analysis Tools Options parameter settings. Methods to set value of each parameter xxx Methods to get value of each parameter xxx Methods to get information on each parameter xxx Methods to lock/unlock value of each parameter xxx Here is the list of parameters to use and their meaning: LinSpeedLimit : defines what behavior you can expect when the TCP linear speed limits are exeeded. RotSpeedLimit : defines what behavior you can expect when the TCP rotational speed limits are exeeded. LinAccelLimit : defines what behavior you can expect when the TCP linear acceleration limits are exeeded. RotAccelLimit : defines what behavior you can expect when the TCP rotational acceleration limits are exeeded. LinSpeedColor : defines the highlight color to be used when the TCP linear speed limits are exceeded. RotSpeedColor : defines the highlight color to be used when the TCP rotational speed limits are exceeded. LinAccelColor : defines the highlight color to be used when the TCP linear acceleration limits are exceeded. RotAccelColor : defines the highlight color to be used when the TCP rotational acceleration limits are exceeded. ReachColor : defines the highlight color to be used when the """"unreachable"""" condition is detected. SingularColor : defines the highlight color to be used when the """"singularity"""" condition is detected. ."
interface_745,RobControllerFactory,Interface to manipulate Robot Controller.,Object,false,0,4,"\IUnknown\, \IDispatch\, \CATBaseUnknown\, \CATBaseDispatch\, \AnyObject\, \RobControllerFactory\","This interface provides methods to operate attributes related to robot controller, especially profiles."
interface_746,RobGenericController,INTERFACE : DNBIARobGenericControllerDESCRIPTION This allows add/remove and get/set of controller profiles.,Object,false,0,20,"\IUnknown\, \IDispatch\, \CATBaseUnknown\, \CATBaseDispatch\, \AnyObject\, \RobGenericController\",Unknown
interface_747,RobotMotion,Represents a Robot Motion.,Object,false,0,20,"\IUnknown\, \IDispatch\, \CATBaseUnknown\, \CATBaseDispatch\, \AnyObject\, \Activity\, \RobotMotion\","The interface is used to retrieve and set the motion attributes of a Robot Motion. The following code snippet can be used to obtain the Robot Motion from a Operation aggreagted under a Robot Task. Dim objOpr as Operation ... Dim objRobotmotion as RobotMotion objOpr.GetRobotMotion objRobotmotion The Robot Motion can also be obtained from an activity of the type RobotMotion. Dim objActivity as Activity ... Dim objRobotmotion as RobotMotion Set objRobotmotion = objActivity.GetTechnologicalObject(""""RobotMotion"""" ) ."
interface_748,RobotTask,Represents the Robot Task.,Object,false,0,5,"\IUnknown\, \IDispatch\, \CATBaseUnknown\, \CATBaseDispatch\, \AnyObject\, \Activity\, \RobotTask\","The interface is used manage activities under a Robot Task. The following code snippet can be used to obtain the Robot Task from a Robot Task Factory. Dim objRobotTaskFactory As RobotTaskFactory Dim objRobot As Product ... Set objRobotTaskFactory = objRobot.GetTechnologicalObject(""""RobotTaskFactory"""" ) Dim objRobotTaskList(3) as RobotTask Dim objRobotTask as RobotTask objRobotTaskFactory.GetAllRobotTasks objRobotTaskList objRobotTask=objRobotTaskList[0] The Robot Task can also be obtained from an activity of the type RobotTask. Dim objActivity as Activity ... Dim objRobotTask as RobotTask Set objRobotTask = objActivity.GetTechnologicalObject(""""RobotTask"""" ) ."
interface_749,RobotTaskFactory,Represents the Task Creation Factory for Robots.,Object,false,0,3,"\IUnknown\, \IDispatch\, \CATBaseUnknown\, \CATBaseDispatch\, \AnyObject\, \RobotTaskFactory\","Robot Task Factory is the object used to create robot tasks. The following code snippet can be used to obtain the Robot Task Factory from the robot product. Dim objRobotTaskFactory As RobotTaskFactory Dim objRobot As Product ... Set objRobotTaskFactory = objRobot.GetTechnologicalObject(""""RobotTaskFactory"""" ) ."
interface_750,Rotate,Represents the shape rotate feature object.,Object,false,4,0,"\IUnknown\, \IDispatch\, \CATBaseUnknown\, \CATBaseDispatch\, \AnyObject\, \HybridShape\, \Rotate\",To access the data of the hybrid shape rotate feature object. This data includes: The element to be rotated The rotation axis The angle and its value Use the CATIAShapeFactory to create ShapeFeature object. See also: ShapeFactory .
interface_751,Roughness,Interface to manage Roughness TPS.,Object,true,2,2,"\IUnknown\, \IDispatch\, \CATBaseUnknown\, \CATBaseDispatch\, \AnyObject\, \Roughness\",Unknown
interface_752,RpmReport,,Object,false,0,1,"\IUnknown\, \IDispatch\, \CATBaseUnknown\, \CATBaseDispatch\, \AnyObject\, \RpmReport\",Unknown
interface_753,Rule,Represents the program relation.,Object,false,0,0,"\IUnknown\, \IDispatch\, \CATBaseUnknown\, \CATBaseDispatch\, \AnyObject\, \Rule\",Unknown
interface_754,SPAWorkbench,The object to manage all Space Analysis objects.,Collection,true,4,1,"\IUnknown\, \IDispatch\, \CATBaseUnknown\, \CATBaseDispatch\, \AnyObject\, \Workbench\, \SPAWorkbench\",Unknown
interface_755,SWKIKConstraint,This interface manages the constraint of the manikin.,Object,false,14,11,"\IUnknown\, \IDispatch\, \CATBaseUnknown\, \CATBaseDispatch\, \AnyObject\, \SWKManikinPart\, \SWKIKConstraint\",Unknown
interface_756,SWKManikin,This interface groups the methods directly related to the definition of a manikin.,Object,false,10,0,"\IUnknown\, \IDispatch\, \CATBaseUnknown\, \CATBaseDispatch\, \AnyObject\, \SWKManikin\",Unknown
interface_757,SWKManikinPart,This interface represents any part of the manikin that is persistent.,Object,false,1,0,"\IUnknown\, \IDispatch\, \CATBaseUnknown\, \CATBaseDispatch\, \AnyObject\, \SWKManikinPart\",Unknown
interface_758,Sampled,The interface to access a CATIASampled based object.,Object,false,5,9,"\IUnknown\, \IDispatch\, \CATBaseUnknown\, \CATBaseDispatch\, \AnyObject\, \Sampled\",Unknown
interface_759,Sampleds,The collection of all the Sampled objects currently contained in the current document.,Collection,true,0,4,"\IUnknown\, \IDispatch\, \CATBaseUnknown\, \CATBaseDispatch\, \AnyObject\, \Sampleds\",Unknown
interface_760,SampledsNode,The interface to access a CATIASampledsNode.,Collection,true,0,1,"\IUnknown\, \IDispatch\, \CATBaseUnknown\, \CATBaseDispatch\, \AnyObject\, \SampledsNode\",The SampledsNode interface can be used to obtain different types of Sampled based collections from within the current action document.
interface_761,Scaling,Represents the scaling shape.,Object,false,2,0,"\IUnknown\, \IDispatch\, \CATBaseUnknown\, \CATBaseDispatch\, \AnyObject\, \Scaling\",Unknown
interface_762,Scaling2,Represents the Scaling2 feature object.,Object,false,3,0,"\IUnknown\, \IDispatch\, \CATBaseUnknown\, \CATBaseDispatch\, \AnyObject\, \Shape\, \Scaling2\",To access the data of the feature object. This data includes: The element to be transformed using the Scaling2 The reference element for the Scaling2 which is a point or a plane The ratio and its value Use the CATIAShapeFactory to create Part object. See also: ShapeFactory .
interface_763,Scene,Represent the scene.,Object,false,0,12,"\IUnknown\, \IDispatch\, \CATBaseUnknown\, \CATBaseDispatch\, \AnyObject\, \Scene\",Unknown
interface_764,SceneProductData,The interface to access a CATIASceneProductUsing this prefered syntax will enable mkdoc to document your class.,Object,false,4,2,"\IUnknown\, \IDispatch\, \CATBaseUnknown\, \CATBaseDispatch\, \AnyObject\, \SceneProductData\",Unknown
interface_765,SceneWorkbench,Represent the access point to scenes management.,Collection,true,1,0,"\IUnknown\, \IDispatch\, \CATBaseUnknown\, \CATBaseDispatch\, \AnyObject\, \Workbench\, \SceneWorkbench\",Unknown
interface_766,Scenes,A collection of scenes contained in a given ProductDocument.,Collection,true,0,3,"\IUnknown\, \IDispatch\, \CATBaseUnknown\, \CATBaseDispatch\, \Collection\, \Scenes\",Unknown
interface_767,SchAnnotationBreak,Manage an annotation break operations.,Object,false,0,3,"\IUnknown\, \IDispatch\, \CATBaseUnknown\, \CATBaseDispatch\, \AnyObject\, \SchAnnotationBreak\",Unknown
interface_768,SchApp2DZoneFrom3DZone,Manage a 2D zone that is dropped off from 3D counterpart.,Object,false,0,1,"\IUnknown\, \IDispatch\, \CATBaseUnknown\, \CATBaseDispatch\, \AnyObject\, \SchApp2DZoneFrom3DZone\",Unknown
interface_769,SchAppClass,Manage the class hierarchy of an application model.,Object,true,0,5,"\IUnknown\, \IDispatch\, \CATBaseUnknown\, \CATBaseDispatch\, \AnyObject\, \SchAppClass\",Unknown
interface_770,SchAppCntrColor,Manage graphical representation of schematic connector.,Object,false,0,1,"\IUnknown\, \IDispatch\, \CATBaseUnknown\, \CATBaseDispatch\, \AnyObject\, \SchAppCntrColor\",Unknown
interface_771,SchAppCntrData,Manage a schematic connector data.,Object,false,0,3,"\IUnknown\, \IDispatch\, \CATBaseUnknown\, \CATBaseDispatch\, \AnyObject\, \SchAppCntrData\",Unknown
interface_772,SchAppCntrDocLink,Manage a schematic connector.,Object,false,0,7,"\IUnknown\, \IDispatch\, \CATBaseUnknown\, \CATBaseDispatch\, \AnyObject\, \SchAppCntrDocLink\",Unknown
interface_773,SchAppCntrFlow,Manage the technical attributes of a schematic connector.,Object,false,0,4,"\IUnknown\, \IDispatch\, \CATBaseUnknown\, \CATBaseDispatch\, \AnyObject\, \SchAppCntrFlow\",Unknown
interface_774,SchAppCntrName,Manage a schematic connector.,Object,false,0,3,"\IUnknown\, \IDispatch\, \CATBaseUnknown\, \CATBaseDispatch\, \AnyObject\, \SchAppCntrName\",Unknown
interface_775,SchAppCntrShow,Manage graphical representation of schematic connector.,Object,false,0,1,"\IUnknown\, \IDispatch\, \CATBaseUnknown\, \CATBaseDispatch\, \AnyObject\, \SchAppCntrShow\",Unknown
interface_776,SchAppCompatible,Provide application rules of how to connect objects.,Object,false,0,3,"\IUnknown\, \IDispatch\, \CATBaseUnknown\, \CATBaseDispatch\, \AnyObject\, \SchAppCompatible\",Unknown
interface_777,SchAppComponent,Represents an application component object.,Object,false,0,20,"\IUnknown\, \IDispatch\, \CATBaseUnknown\, \CATBaseDispatch\, \AnyObject\, \SchAppComponent\",Unknown
interface_778,SchAppConnectable,Represents an application object that can be connected to others.,Object,false,0,7,"\IUnknown\, \IDispatch\, \CATBaseUnknown\, \CATBaseDispatch\, \AnyObject\, \SchAppConnectable\",Unknown
interface_779,SchAppConnection,Manage a schematic connection.,Object,false,0,4,"\IUnknown\, \IDispatch\, \CATBaseUnknown\, \CATBaseDispatch\, \AnyObject\, \SchAppConnection\",Unknown
interface_780,SchAppConnector,Manage a schematic connector.,Object,false,0,8,"\IUnknown\, \IDispatch\, \CATBaseUnknown\, \CATBaseDispatch\, \AnyObject\, \SchAppConnector\",Unknown
interface_781,SchAppDeleteCheck,Manage the deletion of a schematic object.,Object,false,0,2,"\IUnknown\, \IDispatch\, \CATBaseUnknown\, \CATBaseDispatch\, \AnyObject\, \SchAppDeleteCheck\",Unknown
interface_782,SchAppDeleteCheck2,Manage the deletion of a schematic object.,Object,false,0,1,"\IUnknown\, \IDispatch\, \CATBaseUnknown\, \CATBaseDispatch\, \AnyObject\, \SchAppDeleteCheck2\",Unknown
interface_783,SchAppEnvironment,Manage the application environment in a schematic session.,Object,false,0,3,"\IUnknown\, \IDispatch\, \CATBaseUnknown\, \CATBaseDispatch\, \AnyObject\, \SchAppEnvironment\",Unknown
interface_784,SchAppGapPriority,Manage the graphical representation of a route.,Object,false,0,1,"\IUnknown\, \IDispatch\, \CATBaseUnknown\, \CATBaseDispatch\, \AnyObject\, \SchAppGapPriority\",Unknown
interface_785,SchAppGroup,Manage application group.,Object,false,0,1,"\IUnknown\, \IDispatch\, \CATBaseUnknown\, \CATBaseDispatch\, \AnyObject\, \SchAppGroup\",Unknown
interface_786,SchAppModelInit,Manage the initialization of application model.,Object,false,0,1,"\IUnknown\, \IDispatch\, \CATBaseUnknown\, \CATBaseDispatch\, \AnyObject\, \SchAppModelInit\",Unknown
interface_787,SchAppMultiImage,Interface to manage the image object in the Multi-Image-Object concept.,Object,false,0,4,"\IUnknown\, \IDispatch\, \CATBaseUnknown\, \CATBaseDispatch\, \AnyObject\, \SchAppMultiImage\",Unknown
interface_788,SchAppMultiImageMaster,Interface to manage the master object in the Multi-Image-Object concept.,Object,false,0,3,"\IUnknown\, \IDispatch\, \CATBaseUnknown\, \CATBaseDispatch\, \AnyObject\, \SchAppMultiImageMaster\",Unknown
interface_789,SchAppObjectFactory,Application factory to create application objects.,Object,false,0,6,"\IUnknown\, \IDispatch\, \CATBaseUnknown\, \CATBaseDispatch\, \AnyObject\, \SchAppObjectFactory\",Unknown
interface_790,SchAppObjectFactory2,Application factory to create application objects.,Object,false,0,7,"\IUnknown\, \IDispatch\, \CATBaseUnknown\, \CATBaseDispatch\, \AnyObject\, \SchAppObjectFactory2\",Unknown
interface_791,SchAppReplace,Manage a schematic component.,Object,false,0,2,"\IUnknown\, \IDispatch\, \CATBaseUnknown\, \CATBaseDispatch\, \AnyObject\, \SchAppReplace\",Unknown
interface_792,SchAppRoute,Manage a schematic route.,Object,false,0,8,"\IUnknown\, \IDispatch\, \CATBaseUnknown\, \CATBaseDispatch\, \AnyObject\, \SchAppRoute\",Unknown
interface_793,SchAppRoute2,Manage a schematic route.,Object,false,0,1,"\IUnknown\, \IDispatch\, \CATBaseUnknown\, \CATBaseDispatch\, \AnyObject\, \SchAppRoute2\",Unknown
interface_794,SchAppScalingRule,Provide application rule of how to scale schematic objects.,Object,false,0,1,"\IUnknown\, \IDispatch\, \CATBaseUnknown\, \CATBaseDispatch\, \AnyObject\, \SchAppScalingRule\",Unknown
interface_795,SchAppZone,Manage a schematic zone.,Object,false,0,3,"\IUnknown\, \IDispatch\, \CATBaseUnknown\, \CATBaseDispatch\, \AnyObject\, \SchAppZone\",Unknown
interface_796,SchArrowDisplay,Manage the graphical representation of a schematic route.,Object,false,0,3,"\IUnknown\, \IDispatch\, \CATBaseUnknown\, \CATBaseDispatch\, \AnyObject\, \SchArrowDisplay\",Unknown
interface_797,SchBaseFactory,Factory to create basic schematic objects.,Object,false,0,8,"\IUnknown\, \IDispatch\, \CATBaseUnknown\, \CATBaseDispatch\, \AnyObject\, \SchBaseFactory\",Unknown
interface_798,SchBoundaryElem,Manage a boundary element of a schematic zone.,Object,false,0,3,"\IUnknown\, \IDispatch\, \CATBaseUnknown\, \CATBaseDispatch\, \AnyObject\, \SchBoundaryElem\",Unknown
interface_799,SchCatalogComponent,Manage a schematic component catalog.,Object,false,0,2,"\IUnknown\, \IDispatch\, \CATBaseUnknown\, \CATBaseDispatch\, \AnyObject\, \SchCatalogComponent\",Unknown
interface_800,SchCatalogRoute,Manage a schematic route catalog.,Object,false,0,1,"\IUnknown\, \IDispatch\, \CATBaseUnknown\, \CATBaseDispatch\, \AnyObject\, \SchCatalogRoute\",Unknown
interface_801,SchCntrConnect,Manage the a schematic connector.,Object,false,0,2,"\IUnknown\, \IDispatch\, \CATBaseUnknown\, \CATBaseDispatch\, \AnyObject\, \SchCntrConnect\",Unknown
interface_802,SchCntrDocLink,Manage the on-off sheet connector.,Object,false,0,3,"\IUnknown\, \IDispatch\, \CATBaseUnknown\, \CATBaseDispatch\, \AnyObject\, \SchCntrDocLink\",Unknown
interface_803,SchCntrGraphic,Manage the graphical representation of a schematic connector.,Object,false,0,3,"\IUnknown\, \IDispatch\, \CATBaseUnknown\, \CATBaseDispatch\, \AnyObject\, \SchCntrGraphic\",Unknown
interface_804,SchCntrLocation,Manage the location of a schematic connector.,Object,false,0,6,"\IUnknown\, \IDispatch\, \CATBaseUnknown\, \CATBaseDispatch\, \AnyObject\, \SchCntrLocation\",Unknown
interface_805,SchCompConnector,Manage the connectors of a schematic component.,Object,false,0,3,"\IUnknown\, \IDispatch\, \CATBaseUnknown\, \CATBaseDispatch\, \AnyObject\, \SchCompConnector\",Unknown
interface_806,SchCompFlow,Manage the internal flow of a schematic component.,Object,false,0,4,"\IUnknown\, \IDispatch\, \CATBaseUnknown\, \CATBaseDispatch\, \AnyObject\, \SchCompFlow\",Unknown
interface_807,SchCompGraphic,Manage the graphical representation of a schematic component.,Object,false,0,8,"\IUnknown\, \IDispatch\, \CATBaseUnknown\, \CATBaseDispatch\, \AnyObject\, \SchCompGraphic\",Unknown
interface_808,SchCompGroupExt,Manage the graphical representation of a temporary group of schematic objects.,Object,false,0,2,"\IUnknown\, \IDispatch\, \CATBaseUnknown\, \CATBaseDispatch\, \AnyObject\, \SchCompGroupExt\",Unknown
interface_809,SchCompatible,Provides connecting rule to schematic objects.,Object,false,0,6,"\IUnknown\, \IDispatch\, \CATBaseUnknown\, \CATBaseDispatch\, \AnyObject\, \SchCompatible\",Unknown
interface_810,SchComponent,Manage a schematic component.,Object,false,0,20,"\IUnknown\, \IDispatch\, \CATBaseUnknown\, \CATBaseDispatch\, \AnyObject\, \SchComponent\",Unknown
interface_811,SchComponent2,Manage a schematic component.,Object,false,0,2,"\IUnknown\, \IDispatch\, \CATBaseUnknown\, \CATBaseDispatch\, \AnyObject\, \SchComponent2\",Unknown
interface_812,SchComponentGroup,Represents a temporary group of schematic objects for component placement.,Object,false,0,3,"\IUnknown\, \IDispatch\, \CATBaseUnknown\, \CATBaseDispatch\, \AnyObject\, \SchComponentGroup\",Unknown
interface_813,SchConnectable,Represents schematic objects that can be connected to others.,Object,false,0,1,"\IUnknown\, \IDispatch\, \CATBaseUnknown\, \CATBaseDispatch\, \AnyObject\, \SchConnectable\",Unknown
interface_814,SchDropOffView,Manage the drop off views in a schematic viewer.,Object,false,0,3,"\IUnknown\, \IDispatch\, \CATBaseUnknown\, \CATBaseDispatch\, \AnyObject\, \SchDropOffView\",Unknown
interface_815,SchFrameInfo,Manage the background view of a schematic viewer.,Object,false,0,6,"\IUnknown\, \IDispatch\, \CATBaseUnknown\, \CATBaseDispatch\, \AnyObject\, \SchFrameInfo\",Unknown
interface_816,SchGRR,Manage the graphical representation of a schematic object.,Object,false,0,5,"\IUnknown\, \IDispatch\, \CATBaseUnknown\, \CATBaseDispatch\, \AnyObject\, \SchGRR\",Unknown
interface_817,SchGRRCntr,Manage the graphical representation of a schematic connector.,Object,false,0,3,"\IUnknown\, \IDispatch\, \CATBaseUnknown\, \CATBaseDispatch\, \AnyObject\, \SchGRRCntr\",Unknown
interface_818,SchGRRComp,Manage the graphical representation of a schematic component.,Object,false,0,8,"\IUnknown\, \IDispatch\, \CATBaseUnknown\, \CATBaseDispatch\, \AnyObject\, \SchGRRComp\",Unknown
interface_819,SchGRRFactory,Factory to create graphical representations of schematic objects.,Object,false,0,5,"\IUnknown\, \IDispatch\, \CATBaseUnknown\, \CATBaseDispatch\, \AnyObject\, \SchGRRFactory\",Unknown
interface_820,SchGRRRoute,Manage the graphical representations of a schematic route.,Object,false,0,17,"\IUnknown\, \IDispatch\, \CATBaseUnknown\, \CATBaseDispatch\, \AnyObject\, \SchGRRRoute\",Unknown
interface_821,SchGRRRoute2,Manage the graphical representation of a schematic route.,Object,false,0,2,"\IUnknown\, \IDispatch\, \CATBaseUnknown\, \CATBaseDispatch\, \AnyObject\, \SchGRRRoute2\",Unknown
interface_822,SchGRRRouteAlternate,Manage the graphical styles for alternative route graphics.,Object,false,0,1,"\IUnknown\, \IDispatch\, \CATBaseUnknown\, \CATBaseDispatch\, \AnyObject\, \SchGRRRouteAlternate\",Unknown
interface_823,SchGRRRouteEllipse,Manage the graphical representation of a schematic route.,Object,false,0,3,"\IUnknown\, \IDispatch\, \CATBaseUnknown\, \CATBaseDispatch\, \AnyObject\, \SchGRRRouteEllipse\",Unknown
interface_824,SchGRRZone,Manage the graphical representation of a schematic zone.,Object,false,0,4,"\IUnknown\, \IDispatch\, \CATBaseUnknown\, \CATBaseDispatch\, \AnyObject\, \SchGRRZone\",Unknown
interface_825,SchGapDisplay,Manage the graphical representation of a schematic route.,Object,false,0,3,"\IUnknown\, \IDispatch\, \CATBaseUnknown\, \CATBaseDispatch\, \AnyObject\, \SchGapDisplay\",Unknown
interface_826,SchInternalFlow,Represents the internal flow object in a schematic component.,Object,false,0,4,"\IUnknown\, \IDispatch\, \CATBaseUnknown\, \CATBaseDispatch\, \AnyObject\, \SchInternalFlow\",Unknown
interface_827,SchListOfBSTRs,Represents a non-persistant list of character strings to be used with Schematic IDLs.,Collection,true,1,3,"\IUnknown\, \IDispatch\, \CATBaseUnknown\, \CATBaseDispatch\, \AnyObject\, \SchListOfBSTRs\",Unknown
interface_828,SchListOfDoubles,Represents a list of DOUBLEs to be used with Schematic IDLs.,Collection,true,1,3,"\IUnknown\, \IDispatch\, \CATBaseUnknown\, \CATBaseDispatch\, \AnyObject\, \SchListOfDoubles\",Unknown
interface_829,SchListOfLongs,Represent a non-persistant list of LONGs to be used with schematic IDLs.,Collection,true,1,3,"\IUnknown\, \IDispatch\, \CATBaseUnknown\, \CATBaseDispatch\, \AnyObject\, \SchListOfLongs\",Unknown
interface_830,SchListOfObjects,Represent a non-persistant list of schematic objects.,Collection,true,1,3,"\IUnknown\, \IDispatch\, \CATBaseUnknown\, \CATBaseDispatch\, \AnyObject\, \SchListOfObjects\",Unknown
interface_831,SchMovable,Manage the transformation of a schematic component.,Object,false,0,5,"\IUnknown\, \IDispatch\, \CATBaseUnknown\, \CATBaseDispatch\, \AnyObject\, \SchMovable\",Unknown
interface_832,SchMovable2,Manage rotation of a schematic object.,Object,false,0,1,"\IUnknown\, \IDispatch\, \CATBaseUnknown\, \CATBaseDispatch\, \AnyObject\, \SchMovable2\",Unknown
interface_833,SchNetworkAnalysis,Represents a schematic network.,Object,true,0,3,"\IUnknown\, \IDispatch\, \CATBaseUnknown\, \CATBaseDispatch\, \AnyObject\, \SchNetworkAnalysis\",Unknown
interface_834,SchObsoleteModel,Manage obsolete model elements.,Object,false,0,2,"\IUnknown\, \IDispatch\, \CATBaseUnknown\, \CATBaseDispatch\, \AnyObject\, \SchObsoleteModel\",Unknown
interface_835,SchPostReplace,Manage post component replacement behaviors.,Object,false,0,1,"\IUnknown\, \IDispatch\, \CATBaseUnknown\, \CATBaseDispatch\, \AnyObject\, \SchPostReplace\",Unknown
interface_836,SchReplace,Manage existing schematic component instances.,Object,false,0,1,"\IUnknown\, \IDispatch\, \CATBaseUnknown\, \CATBaseDispatch\, \AnyObject\, \SchReplace\",Unknown
interface_837,SchRoute,Manage a schematic route data.,Object,false,0,16,"\IUnknown\, \IDispatch\, \CATBaseUnknown\, \CATBaseDispatch\, \AnyObject\, \SchRoute\",Unknown
interface_838,SchRouteAlternateGraphic,Manage alternative graphical primitives of a schematic route.,Object,false,0,5,"\IUnknown\, \IDispatch\, \CATBaseUnknown\, \CATBaseDispatch\, \AnyObject\, \SchRouteAlternateGraphic\",Unknown
interface_839,SchRouteGraphic,Manage graphical primitives representing a schematic route.,Object,false,0,4,"\IUnknown\, \IDispatch\, \CATBaseUnknown\, \CATBaseDispatch\, \AnyObject\, \SchRouteGraphic\",Unknown
interface_840,SchRouteSymbol,Manage a symbol placed on a route.,Object,false,0,6,"\IUnknown\, \IDispatch\, \CATBaseUnknown\, \CATBaseDispatch\, \AnyObject\, \SchRouteSymbol\",Unknown
interface_841,SchSession,Represents a schematic session.,Object,false,0,6,"\IUnknown\, \IDispatch\, \CATBaseUnknown\, \CATBaseDispatch\, \AnyObject\, \SchSession\",Unknown
interface_842,SchTempListFactory,Create temporary lists to be used in VB environment.,Object,false,0,4,"\IUnknown\, \IDispatch\, \CATBaseUnknown\, \CATBaseDispatch\, \AnyObject\, \SchTempListFactory\",Unknown
interface_843,SchUpdateInstances,Interface to update all component instances when the catalog reference component has been changed.,Object,true,0,1,"\IUnknown\, \IDispatch\, \CATBaseUnknown\, \CATBaseDispatch\, \AnyObject\, \SchUpdateInstances\",Unknown
interface_844,SchWorkbench,Represents a workbench on a schematic document.,Object,false,0,1,"\IUnknown\, \IDispatch\, \CATBaseUnknown\, \CATBaseDispatch\, \AnyObject\, \Workbench\, \SchWorkbench\","A workbench is a set of commands that can be used to create, modify and edit the objects making up the document. See also: Document ."
interface_845,SchZone,Manage zone boundaries.,Object,false,0,1,"\IUnknown\, \IDispatch\, \CATBaseUnknown\, \CATBaseDispatch\, \AnyObject\, \SchZone\",Unknown
interface_846,SchZoneGraphic,Manage graphical representations of a schematic zone.,Object,false,0,3,"\IUnknown\, \IDispatch\, \CATBaseUnknown\, \CATBaseDispatch\, \AnyObject\, \SchZoneGraphic\",Unknown
interface_847,SchZoneMembership,Manage zone memberships.,Object,false,0,1,"\IUnknown\, \IDispatch\, \CATBaseUnknown\, \CATBaseDispatch\, \AnyObject\, \SchZoneMembership\",Unknown
interface_848,SchematicExtension,Manage schematic extensions.,Object,false,0,2,"\IUnknown\, \IDispatch\, \CATBaseUnknown\, \CATBaseDispatch\, \AnyObject\, \SchematicExtension\",Unknown
interface_849,SchematicRoot,Represents the top node of the schematic object tree.,Object,false,0,15,"\IUnknown\, \IDispatch\, \CATBaseUnknown\, \CATBaseDispatch\, \AnyObject\, \SchematicRoot\",Unknown
interface_850,SearchSettingAtt,Represents the setting controller for the Search property tab page.,Object,false,6,12,"\IUnknown\, \IDispatch\, \CATBaseUnknown\, \CATBaseDispatch\, \AnyObject\, \SettingController\, \SearchSettingAtt\",The setting controller is the object that enables to get and set setting parameters.
interface_851,Section,Represents the Section object.,Collection,true,9,4,"\IUnknown\, \IDispatch\, \CATBaseUnknown\, \CATBaseDispatch\, \AnyObject\, \HybridShape\, \Section\",Unknown
interface_852,SectioningSettingAtt,The interface to access a CATIASectioningSettingAtt.,Object,false,15,20,"\IUnknown\, \IDispatch\, \CATBaseUnknown\, \CATBaseDispatch\, \AnyObject\, \SettingController\, \SectioningSettingAtt\",Unknown
interface_853,Sections,A collection of all Section objects currently managed by the application.,Collection,true,0,4,"\IUnknown\, \IDispatch\, \CATBaseUnknown\, \CATBaseDispatch\, \Collection\, \Sections\",Unknown
interface_854,SelectedElement,Represents an element contained by a Selection object.,Object,false,5,1,"\IUnknown\, \IDispatch\, \CATBaseUnknown\, \CATBaseDispatch\, \AnyObject\, \SelectedElement\",Unknown
interface_855,Selection,Represents the selection. Note.,Object,false,3,19,"\IUnknown\, \IDispatch\, \CATBaseUnknown\, \CATBaseDispatch\, \AnyObject\, \Selection\",Unknown
interface_856,SelectionSets,Interface to manage the Selection Sets in a document.,Object,true,0,6,"\IUnknown\, \IDispatch\, \CATBaseUnknown\, \CATBaseDispatch\, \AnyObject\, \SelectionSets\",Unknown
interface_857,SendToService,This interface allows to use 'Send To' functionalities through an API.,Object,false,0,11,"\IUnknown\, \IDispatch\, \CATBaseUnknown\, \CATBaseDispatch\, \AnyObject\, \SendToService\",Unknown
interface_858,ServerStatisticsSettingAtt,Interface for Server statistic ControlerRole: the server statistics controler manages the values of all or only a part of the attributes available for the thematic.,Object,false,0,0,"\IUnknown\, \IDispatch\, \CATBaseUnknown\, \CATBaseDispatch\, \AnyObject\, \SettingController\, \GeneralStatisticsSettingAtt\, \ServerStatisticsSettingAtt\",Unknown
interface_859,SessionStatisticsSettingAtt,Interface for Session statistic ControlerRole: the session statistics controler manages the values of all or only a part of the attributes available for the thematic.,Object,false,0,0,"\IUnknown\, \IDispatch\, \CATBaseUnknown\, \CATBaseDispatch\, \AnyObject\, \SettingController\, \GeneralStatisticsSettingAtt\, \SessionStatisticsSettingAtt\",Unknown
interface_860,SetOfEquation,Represents the set of equations object.,Object,false,0,10,"\IUnknown\, \IDispatch\, \CATBaseUnknown\, \CATBaseDispatch\, \AnyObject\, \KnowledgeObject\, \KnowledgeActivateObject\, \Relation\, \SetOfEquation\",Unknown
interface_861,SettingController,Represents the base object for setting controllers.,Object,false,0,5,"\IUnknown\, \IDispatch\, \CATBaseUnknown\, \CATBaseDispatch\, \AnyObject\, \SettingController\","A setting controller manages all or only a part of the parameters available in a property page of the dialog displayed using the Options command of the Tools menu. Each setting parameter may be represented by one or several setting attribute in the underlying setting repository. All setting controllers share the five methods of the SettingController object to deal with the whole set, or a subset of the setting attributes: Commit to make a memory copy of the setting attribute values Rollback to restore the last memory copy of the setting attribute values ResetToAdminValues to restore the administered values of all the attributes ResetToAdminValuesByName to restore the administered values of a subset of the attributes SaveRepository to make a persistent copy of the setting attribute values on file. In addition, each setting controller exposes four methods per setting parameter: two methods to access the setting attribute values, that usually make up a read/write property if the setting parameter is represented by a single setting attribute, a method to manage the setting parameter lock, and a method to retrieve the state of the setting parameter. The first two methods are parameter-specific and are fully described in the setting controller object that managing the setting parameter. The last two methods have always the same signature and the same behavior whatever the setting parameter. They are described below. PARAMETER is used in place of the actual setting parameter name. Managing the Setting Parameter Lock HRESULT SetPARAMETERLock(in boolean iLocked); Locks or unlocks the PARAMETER setting parameter. Role : Locking a setting parameter prevents the end user, or the administrators below the current one, from changing the setting parameter value. Locking or unlocking the PARAMETER setting p..."
interface_862,SettingControllers,A collection of all the setting controllers objects currently managed by the application.,Collection,true,0,1,"\IUnknown\, \IDispatch\, \CATBaseUnknown\, \CATBaseDispatch\, \Collection\, \SettingControllers\",Unknown
interface_863,SewSurface,Represents the sewing operation.,Object,false,2,1,"\IUnknown\, \IDispatch\, \CATBaseUnknown\, \CATBaseDispatch\, \AnyObject\, \Shape\, \SurfaceBasedShape\, \SewSurface\",Unknown
interface_864,Shaft,Represents the shaft shape.,Object,false,0,0,"\IUnknown\, \IDispatch\, \CATBaseUnknown\, \CATBaseDispatch\, \AnyObject\, \Shape\, \SketchBasedShape\, \Revolution\, \Shaft\",Unknown
interface_865,Shape,Represents the Shape object.,Object,false,0,0,"\IUnknown\, \IDispatch\, \CATBaseUnknown\, \CATBaseDispatch\, \AnyObject\, \Factory\, \Shape\",Unknown
interface_866,ShapeFactory,Represents the factory for shapes to create all kinds of shapes that may be needed for part design. body shape body shape.,Object,false,0,20,"\IUnknown\, \IDispatch\, \CATBaseUnknown\, \CATBaseDispatch\, \AnyObject\, \Factory\, \ShapeFactory\",Unknown
interface_867,ShapeInstance,The interface to access a CATIAShapeInstance.,Object,false,3,10,"\IUnknown\, \IDispatch\, \CATBaseUnknown\, \CATBaseDispatch\, \AnyObject\, \HybridShape\, \ShapeInstance\",Unknown
interface_868,Shapes,The collection of the shapes making up a body.,Collection,true,0,2,"\IUnknown\, \IDispatch\, \CATBaseUnknown\, \CATBaseDispatch\, \Collection\, \Shapes\",Unknown
interface_869,Shell,Represents the shell shape.,Collection,true,3,5,"\IUnknown\, \IDispatch\, \CATBaseUnknown\, \CATBaseDispatch\, \AnyObject\, \Shape\, \DressUpShape\, \Shell\",Unknown
interface_870,ShiftedProfileTolerance,Interface for accessing shifted tolerance zone informations of a TPS.,Object,false,1,0,"\IUnknown\, \IDispatch\, \CATBaseUnknown\, \CATBaseDispatch\, \AnyObject\, \ShiftedProfileTolerance\",Unknown
interface_871,Shot,The interface to access a CATIAShot.,Object,false,0,10,"\IUnknown\, \IDispatch\, \CATBaseUnknown\, \CATBaseDispatch\, \AnyObject\, \Shot\","A CATIAShot (or shot) is the base element that Sampled objects are composed of. For example, when considering a Track , each recorded position is a shot."
interface_872,Shots,The collection of all shot objects contained in the current sampled.,Collection,true,0,6,"\IUnknown\, \IDispatch\, \CATBaseUnknown\, \CATBaseDispatch\, \Collection\, \Shots\",Unknown
interface_873,Shuttle,The interface to access a CATIAShuttle.,Object,false,9,0,"\IUnknown\, \IDispatch\, \CATBaseUnknown\, \CATBaseDispatch\, \AnyObject\, \Shuttle\",The shuttle object is used to define a grouping of products. Once products have been placed in the shuttle then they can be moved all at once. Also the shuttle has a base location defined by the shuttle axis.
interface_874,Shuttles,The interface to access a CATIAShuttlesUsing this prefered syntax will enable mkdoc to document your class.,Collection,true,0,4,"\IUnknown\, \IDispatch\, \CATBaseUnknown\, \CATBaseDispatch\, \Collection\, \Shuttles\",Unknown
interface_875,Silhouette,Interface to access a CATIASilhouette.,Object,false,0,0,"\IUnknown\, \IDispatch\, \CATBaseUnknown\, \CATBaseDispatch\, \AnyObject\, \Silhouette\",Unknown
interface_876,Silhouettes,Interface to compute Silhouettes.,Collection,true,0,5,"\IUnknown\, \IDispatch\, \CATBaseUnknown\, \CATBaseDispatch\, \Collection\, \Silhouettes\",Unknown
interface_877,SimTraceSettingAtt,Interface to handle parameters of Infrastructure-DELMIA Infrastructure-Simulation Trace Tools Options Tab page.,Object,false,13,20,"\IUnknown\, \IDispatch\, \CATBaseUnknown\, \CATBaseDispatch\, \AnyObject\, \SettingController\, \SimTraceSettingAtt\",This interface is implemented by a component which represents the controller of Simulation Trace Tools Options parameter settings. Methods to set value of each parameter xxx Methods to get value of each parameter xxx Methods to get information on each parameter xxx Methods to lock/unlock value of each parameter xxx Here is the list of parameters to use and their meaning: TracePointVisu : defines the option for displaying the points within a simulation trace. TracePointColor : defines the color to be used if displaying points within a simulation trace. TracePointSymbol : defines the symbol to be used if displaying points within a simulation trace. TraceLineVisu : defines the option for displaying the lines within a simulation trace. TraceLineColor : defines the color to be used if displaying lines within a simulation trace. TraceLineType : defines the line type to be used if displaying lines within a simulation trace. TraceLineThick : defines the thickness to be used if displaying lines within a simulation trace. TraceAxisVisu : defines the option for displaying the axis within a simulation trace. TraceAxisColor : defines the color to be used if displaying axis within a simulation trace. TraceAxisType : defines the line type to be used if displaying axis within a simulation trace. TraceAxisThick : defines the thickness to be used if displaying axis within a simulation trace. TraceDeletePath : defines the option for deleting the simulation trace when a new simulation is run. TraceLegend : defines the type of information to be displayed when a point/line/axis within a simulation trace is (pre)selected by the user. The values are in order: All Legend (not used). Name. X. Y. Z. Yaw. Pitch. Roll...
interface_878,Simplifications,Interface to compute Simplifications.,Collection,true,0,3,"\IUnknown\, \IDispatch\, \CATBaseUnknown\, \CATBaseDispatch\, \Collection\, \Simplifications\",Unknown
interface_879,SimulationInitState,Interface used to save/restore the simulation initial state.,Object,false,0,4,"\IUnknown\, \IDispatch\, \CATBaseUnknown\, \CATBaseDispatch\, \AnyObject\, \SimulationInitState\","This interface is used to save/restore the initial state for objects in the current document. The following code snippet can be used to save the simulation initial state for all the objects in the current document (all attributes). The rootProduct can be any product from the current document. Dim iMask iMask = DNBAllInitStateAttr Dim iSimInitState As SimulationInitState Set iSimInitState = rootProduct.GetTechnologicalObject(""""SimulationInitState"""") iSimInitState. SaveInitialState iMask ."
interface_880,SimulationSettingAtt,Interface to handle parameters of DELMIA Simulation Tools Options Tab pageRole: This interface is implemented by a component which represents the controller of Simulation Tools Options parameter settings.,Object,false,15,20,"\IUnknown\, \IDispatch\, \CATBaseUnknown\, \CATBaseDispatch\, \AnyObject\, \SettingController\, \SimulationSettingAtt\",Unknown
interface_881,Sketch,The Sketch is a 2D based element comprising constrained 2D geometrical elements.,Object,false,5,6,"\IUnknown\, \IDispatch\, \CATBaseUnknown\, \CATBaseDispatch\, \AnyObject\, \Shape\, \Sketch\",Unknown
interface_882,SketchBasedShape,Represents the shapes based on sketched 2D geometry.,Object,false,1,1,"\IUnknown\, \IDispatch\, \CATBaseUnknown\, \CATBaseDispatch\, \AnyObject\, \Shape\, \SketchBasedShape\",Unknown
interface_883,Sketches,The body's collection of sketches not yet used by any shape.,Collection,true,0,3,"\IUnknown\, \IDispatch\, \CATBaseUnknown\, \CATBaseDispatch\, \Collection\, \Sketches\",Unknown
interface_884,Slot,Represents the slot shape.,Object,false,0,0,"\IUnknown\, \IDispatch\, \CATBaseUnknown\, \CATBaseDispatch\, \AnyObject\, \Shape\, \SketchBasedShape\, \Sweep\, \Slot\",Unknown
interface_885,Solid,Represents an imported solid object.,Object,false,3,0,"\IUnknown\, \IDispatch\, \CATBaseUnknown\, \CATBaseDispatch\, \AnyObject\, \Shape\, \SketchBasedShape\, \Solid\",the imported solid is a solid obtained from copy/paste with link or design in context. The solid object has a link to a source element obtained from SourceElement and a source product obtained from SourceProduct .
interface_886,SolidCombine,The interface to access a CATIASolidCombine.,Object,false,4,0,"\IUnknown\, \IDispatch\, \CATBaseUnknown\, \CATBaseDispatch\, \AnyObject\, \Shape\, \SketchBasedShape\, \SolidCombine\",Unknown
interface_887,SpecV4SettingAtt,Represents the V4/V5 SPEC setting controller object. The different options for V4/V5SPEC tab.,Object,false,2,4,"\IUnknown\, \IDispatch\, \CATBaseUnknown\, \CATBaseDispatch\, \AnyObject\, \SettingController\, \SpecV4SettingAtt\",The V4/V5 SPEC setting controller object deals with the setting parameters displayed in the V4/V5SPEC property page. To access this property page: Click the Options command in the Tools menu Click + left of General to unfold the workbench list Click Compatibility The different options for V4/V5SPEC tab The Step By Step Update And Reroute The Draft Feature Migration Mode .
interface_888,SpecsAndGeomWindow,Represents a window featuring a specification viewer and a geometry viewer.,Object,false,2,0,"\IUnknown\, \IDispatch\, \CATBaseUnknown\, \CATBaseDispatch\, \AnyObject\, \Window\, \SpecsAndGeomWindow\",Unknown
interface_889,SpecsViewer,Represents the specification tree viewer.,Object,false,1,0,"\IUnknown\, \IDispatch\, \CATBaseUnknown\, \CATBaseDispatch\, \AnyObject\, \Viewer\, \Viewer2D\, \SpecsViewer\",Unknown
interface_890,Spline2D,Class defining a spline in 2D Space.,Object,false,0,3,"\IUnknown\, \IDispatch\, \CATBaseUnknown\, \CATBaseDispatch\, \AnyObject\, \GeometricElement\, \Geometry2D\, \Curve2D\, \Spline2D\",Unknown
interface_891,Split,Represents the split operation.,Object,false,1,0,"\IUnknown\, \IDispatch\, \CATBaseUnknown\, \CATBaseDispatch\, \AnyObject\, \AssemblyFeature\, \Split\",Unknown
interface_892,StepSettingAtt,The interface to access a CATIAStepSettingAtt.,Object,false,15,20,"\IUnknown\, \IDispatch\, \CATBaseUnknown\, \CATBaseDispatch\, \AnyObject\, \SettingController\, \StepSettingAtt\",Unknown
interface_893,StiDBChildren,Represents all the Children of a CATIAStiDBItem.,Object,false,1,2,"\IUnknown\, \IDispatch\, \CATBaseUnknown\, \CATBaseDispatch\, \AnyObject\, \StiDBChildren\",Unknown
interface_894,StiDBItem,"Represents the SmarTeam Integration Object, that is to say the Document coming from SmarTeam database.",Object,false,0,5,"\IUnknown\, \IDispatch\, \CATBaseUnknown\, \CATBaseDispatch\, \AnyObject\, \StiDBItem\",It retrieves SmarTeam Document information. It is managed by StiEngine See also: StiEngine .
interface_895,StiEngine,"Represents the SmarTeam Integration Engine, that is to say the entry point to the CATIA/SmarTeam Integration.",Object,false,2,19,"\IUnknown\, \IDispatch\, \CATBaseUnknown\, \CATBaseDispatch\, \AnyObject\, \StiEngine\",Unknown
interface_896,Stiffener,Represents the stiffener shape.,Object,false,4,2,"\IUnknown\, \IDispatch\, \CATBaseUnknown\, \CATBaseDispatch\, \AnyObject\, \Shape\, \SketchBasedShape\, \Stiffener\",Unknown
interface_897,StrAnchorPoint,Represents an anchor point.,Object,false,0,1,"\IUnknown\, \IDispatch\, \CATBaseUnknown\, \CATBaseDispatch\, \AnyObject\, \StrAnchorPoint\",Unknown
interface_898,StrAnchorPoints,A collection of the anchor points of a section object.,Collection,true,0,1,"\IUnknown\, \IDispatch\, \CATBaseUnknown\, \CATBaseDispatch\, \Collection\, \StrAnchorPoints\",Unknown
interface_899,StrComputeServices,Represents a structure service object.,Object,true,0,7,"\IUnknown\, \IDispatch\, \CATBaseUnknown\, \CATBaseDispatch\, \AnyObject\, \StrComputeServices\",Unknown
interface_900,StrCutback,Represents the cutback object.,Object,false,2,0,"\IUnknown\, \IDispatch\, \CATBaseUnknown\, \CATBaseDispatch\, \AnyObject\, \AssemblyFeature\, \StrCutback\",Unknown
interface_901,StrFoundation,Represents a structure foundation assembly.,Object,false,0,0,"\IUnknown\, \IDispatch\, \CATBaseUnknown\, \CATBaseDispatch\, \AnyObject\, \StrFoundation\",Unknown
interface_902,StrFoundations,A collection of the Foundation objects contained in a given Product object of a ProductDocument object.,Collection,true,0,1,"\IUnknown\, \IDispatch\, \CATBaseUnknown\, \CATBaseDispatch\, \Collection\, \StrFoundations\",Unknown
interface_903,StrMember,Represents a member object.,Object,false,9,3,"\IUnknown\, \IDispatch\, \CATBaseUnknown\, \CATBaseDispatch\, \AnyObject\, \Product\, \StrObject\, \StrMember\",Unknown
interface_904,StrMemberExtremity,Represents an extremity of a member object.,Object,false,5,4,"\IUnknown\, \IDispatch\, \CATBaseUnknown\, \CATBaseDispatch\, \AnyObject\, \StrMemberExtremity\",Unknown
interface_905,StrMembers,A collection of the Member objects contained in a given Product object of a ProductDocument object.,Collection,true,0,2,"\IUnknown\, \IDispatch\, \CATBaseUnknown\, \CATBaseDispatch\, \Collection\, \StrMembers\",Unknown
interface_906,StrObject,Represents a structure object.,Object,false,1,0,"\IUnknown\, \IDispatch\, \CATBaseUnknown\, \CATBaseDispatch\, \AnyObject\, \Product\, \StrObject\",Unknown
interface_907,StrObjectFactory,Represents the factory object for all the structure objects.,Object,false,0,18,"\IUnknown\, \IDispatch\, \CATBaseUnknown\, \CATBaseDispatch\, \AnyObject\, \StrObjectFactory\",Unknown
interface_908,StrParam,Represents the string parameter.,Object,false,1,4,"\IUnknown\, \IDispatch\, \CATBaseUnknown\, \CATBaseDispatch\, \AnyObject\, \Parameter\, \StrParam\",Unknown
interface_909,StrPlate,Represents a structure plate object.,Object,false,4,1,"\IUnknown\, \IDispatch\, \CATBaseUnknown\, \CATBaseDispatch\, \AnyObject\, \Product\, \StrObject\, \StrPlate\",Unknown
interface_910,StrPlates,A collection of the Plate objects contained in a given Product object of a ProductDocument object.,Collection,true,0,2,"\IUnknown\, \IDispatch\, \CATBaseUnknown\, \CATBaseDispatch\, \Collection\, \StrPlates\",Unknown
interface_911,StrSection,Represents the section object.,Collection,true,5,1,"\IUnknown\, \IDispatch\, \CATBaseUnknown\, \CATBaseDispatch\, \AnyObject\, \StrSection\",Unknown
interface_912,StrWorkbench,Represents the structure workbench object.,Object,false,1,0,"\IUnknown\, \IDispatch\, \CATBaseUnknown\, \CATBaseDispatch\, \AnyObject\, \Workbench\, \StrWorkbench\",Unknown
interface_913,SurfaceBasedShape,Represents the shapes based on Surface.,Object,false,1,0,"\IUnknown\, \IDispatch\, \CATBaseUnknown\, \CATBaseDispatch\, \AnyObject\, \Shape\, \SurfaceBasedShape\",Unknown
interface_914,Sweep,Represents the sweep shape.,Object,false,11,1,"\IUnknown\, \IDispatch\, \CATBaseUnknown\, \CATBaseDispatch\, \AnyObject\, \HybridShape\, \Sweep\",Unknown
interface_915,SweptVolume,Interface to access a CATIASweptVolume.,Object,false,0,0,"\IUnknown\, \IDispatch\, \CATBaseUnknown\, \CATBaseDispatch\, \AnyObject\, \SweptVolume\",Unknown
interface_916,SweptVolumes,Interface to compute swept volumes.,Collection,true,0,11,"\IUnknown\, \IDispatch\, \CATBaseUnknown\, \CATBaseDispatch\, \Collection\, \SweptVolumes\",Unknown
interface_917,Symmetry,Represents the shape symmetry feature object.,Object,false,1,0,"\IUnknown\, \IDispatch\, \CATBaseUnknown\, \CATBaseDispatch\, \AnyObject\, \HybridShape\, \Symmetry\","To access the data of the symmetry shape feature object. The data includes: The element to be transformed The reference element which can be a point, a line or a plane Use the CATIAShapeFactory to create ShapeFeature object. See also: ShapeFactory ."
interface_918,SystemConfiguration,Provides abstractions to resources which depend on the platform or the current configuration.,Object,false,5,2,"\IUnknown\, \IDispatch\, \CATBaseUnknown\, \CATBaseDispatch\, \AnyObject\, \SystemConfiguration\",Unknown
interface_919,SystemService,Represents an object which provides system services.,Object,false,0,6,"\IUnknown\, \IDispatch\, \CATBaseUnknown\, \CATBaseDispatch\, \AnyObject\, \SystemService\",Unknown
interface_920,TCPTrace,Interface representing a TCP trace.,Object,false,3,16,"\IUnknown\, \IDispatch\, \CATBaseUnknown\, \CATBaseDispatch\, \AnyObject\, \Activity\, \TCPTrace\","This interface is used to interact with an inverse kinematics device on which a TCP(Tool Center Point) has been defined. A TCP trace is the graphical output of a task simulation. This output is the trajectory path generated by the TCP, defined by lines and points. Each point represents the location of the TCP at a given time. The following code snippet can be used to obtain a handle from a product: Dim MyRobot As Product 'retrieval of the product ... 'retrieval of the trace manager Dim objDevice As TCPTraceManager set objDevice = MyRobot.GetTechnologicalObject( """"TCPTraceManager"""" ) 'activate the trace objDevice.TCPTraceMode=True 'Get the last path Dim NbPath As Long NbPath = objDevice.GetNbPath If NbPath&gt;0 Then ' retrieval of the last trace Dim RobotTCPTrace As TCPTrace Set RobotTCPTrace = objDevice.GetPath(NbPath) 'Export the trace points RobotTCPTrace.Export(""""C:\TEMP\DEBUG.xls"""") End If ."
interface_921,TCPTraceActivity,Interface representing TCPTraceActivity.,Object,false,0,8,"\IUnknown\, \IDispatch\, \CATBaseUnknown\, \CATBaseDispatch\, \AnyObject\, \Activity\, \TCPTraceActivity\",This interface is used to work with TCPTraceActivity which consists of a various attributes.
interface_922,TCPTraceManager,Interface representing an accessor to TCP traces object from a product.,Object,false,2,8,"\IUnknown\, \IDispatch\, \CATBaseUnknown\, \CATBaseDispatch\, \AnyObject\, \TCPTraceManager\","This interface is used to retrieve TCP traces from a product. This product is the assembly node representing the inverse kinematics assembly. A TCP trace is the graphical output of a task simulation. This output is the trajectory path generated by the TCP, defined by lines and points. Each point represents the location of the TCP at a given time. The following code snippet can be used to obtain a handle from a product: Dim MyRobot As Product 'retrieval of the product ... 'retrieval of the trace manager Dim objDevice As TCPTraceManager set objDevice = MyRobot.GetTechnologicalObject( """"TCPTraceManager"""" ) 'activate the trace objDevice.TCPTraceMode=True 'Get the last path Dim NbPath As Long NbPath = objDevice.GetNbPath If NbPath&gt;0 Then ' retrieval of the last trace Dim RobotTCPTrace As TCPTrace Set RobotTCPTrace = objDevice.GetPath(NbPath) 'Export the trace points RobotTCPTrace.Export(""""C:\TEMP\DEBUG.xls"""") End If ."
interface_923,TCPTraceManagerGraphics,Interface used to modify the default graphical properties of TCP traces.,Object,true,0,3,"\IUnknown\, \IDispatch\, \CATBaseUnknown\, \CATBaseDispatch\, \AnyObject\, \TCPTraceManagerGraphics\","This interface is used to overload the next TCP traces and points graphical properties. A TCP trace is the graphical output of a task simulation. This output is the trajectory path generated by the TCP, defined by lines and points. Each point represents the location of the TCP at a given time. The following code snippet can be used to obtain a handle from a product: Dim MyRobot As Product 'retrieval of the product ... 'retrieval of the trace manager Dim objDevice As TCPTraceManagerGraphics set objDevice = MyRobot.GetTechnologicalObject( """"TCPTraceManagerGraphics"""" ) Dim iR As Long Dim iG As Long Dim iB As Long Dim iA As Long 'activate the trace objDevice.SetTraceNextColor DNBTCPTraceRepLine,iR,iG,iB,iA See also: TCPTrace See also: TCPTraceManager ."
interface_924,TPSView,,Object,false,0,0,"\IUnknown\, \IDispatch\, \CATBaseUnknown\, \CATBaseDispatch\, \AnyObject\, \TPSView\",Unknown
interface_925,TPSViewFactory,Represents the TPS view factory object.,Object,false,0,1,"\IUnknown\, \IDispatch\, \CATBaseUnknown\, \CATBaseDispatch\, \AnyObject\, \TPSViewFactory\",Unknown
interface_926,TPSViews,Interface for collection of TPS Views CATIATPSView.,Collection,true,0,1,"\IUnknown\, \IDispatch\, \CATBaseUnknown\, \CATBaseDispatch\, \Collection\, \TPSViews\",Unknown
interface_927,Tag,Interface representing a Tag.,Object,false,0,8,"\IUnknown\, \IDispatch\, \CATBaseUnknown\, \CATBaseDispatch\, \AnyObject\, \Tag\","This interface is used to work with Tag. The following code snippet can be used to obtain a Tag from a selected Product Set ParentObject = CATIA.ActiveDocument.Selection.FindObject(""""CATIAProduct"""") Set objTag = ParentObject.GetTechnologicalObject(""""Tag"""") ."
interface_928,TagFactory,Interface representing Tag factory.,Object,false,0,1,"\IUnknown\, \IDispatch\, \CATBaseUnknown\, \CATBaseDispatch\, \AnyObject\, \TagFactory\","This allows the creation of a Tag The following code snippet can be used to obtain a TagFactory from a selected TagGroup Dim objTagFactory As TagFactory Set ParentObject = CATIA.ActiveDocument.Selection.FindObject(""""CATIAProduct"""") Set objTagFactory = ParentObject.GetTechnologicalObject(""""TagFactory"""") ."
interface_929,TagGroup,Interface representing a TagGroup.,Collection,true,0,5,"\IUnknown\, \IDispatch\, \CATBaseUnknown\, \CATBaseDispatch\, \AnyObject\, \TagGroup\","This interface is used to work with TagGroup which consists of a list of Tags. The following code snippet can be used to obtain a TagGroup from a selected Product Set ParentObject = CATIA.ActiveDocument.Selection.FindObject(""""CATIAProduct"""") Set objTagGroup = ParentObject.GetTechnologicalObject(""""TagGroup"""") ."
interface_930,TagGroupFactory,Interface representing TagGroup factory.,Object,false,0,5,"\IUnknown\, \IDispatch\, \CATBaseUnknown\, \CATBaseDispatch\, \AnyObject\, \TagGroupFactory\","This allows the creation of a TagGroup The following code snippet can be used to obtain a TagGroupFactory from a selected Product Set ParentObject = CATIA.ActiveDocument.Selection.FindObject(""""CATIAProduct"""") Set objTagGroupFact = ParentObject.GetTechnologicalObject(""""TagGroupFactory"""") ."
interface_931,TangentPlane,Interface for accessing Tangent Plane modifier on a TPS.,Object,false,1,0,"\IUnknown\, \IDispatch\, \CATBaseUnknown\, \CATBaseDispatch\, \AnyObject\, \TangentPlane\",Unknown
interface_932,Task,Represents the Task of a resource.,Object,false,0,3,"\IUnknown\, \IDispatch\, \CATBaseUnknown\, \CATBaseDispatch\, \AnyObject\, \Task\","Task is the object used to access and manage the attributes of the task. The following code snippet can be used to obtain the Task from the Resource program manager. Dim objResourceProgramManager As ResourceProgramManager Dim oTask As Task objResourceProgramManager.GetTask """"RobotTask.1"""", oTask ."
interface_933,Text,Interface for the TPS Text object.,Object,false,1,1,"\IUnknown\, \IDispatch\, \CATBaseUnknown\, \CATBaseDispatch\, \AnyObject\, \Text\",Unknown
interface_934,TextStream,The textstream object allows to manage input and output for a text stream.,Object,false,2,4,"\IUnknown\, \IDispatch\, \CATBaseUnknown\, \CATBaseDispatch\, \AnyObject\, \TextStream\",Unknown
interface_935,ThickSurface,Represents the ThickSurface feature.,Object,false,3,1,"\IUnknown\, \IDispatch\, \CATBaseUnknown\, \CATBaseDispatch\, \AnyObject\, \Shape\, \SurfaceBasedShape\, \ThickSurface\",Unknown
interface_936,Thickness,Represents the thickness shape.,Collection,true,2,5,"\IUnknown\, \IDispatch\, \CATBaseUnknown\, \CATBaseDispatch\, \AnyObject\, \Thickness\",Unknown
interface_937,Thread,Represents the Thread feature.,Object,false,7,4,"\IUnknown\, \IDispatch\, \CATBaseUnknown\, \CATBaseDispatch\, \AnyObject\, \Thread\",Unknown
interface_938,ThreeDCuts,Interface to compute 3D cuts.,Collection,true,0,9,"\IUnknown\, \IDispatch\, \CATBaseUnknown\, \CATBaseDispatch\, \Collection\, \ThreeDCuts\",Unknown
interface_939,TolerancePerUnitBasisRestrictiveValue,Interface for accessing tolerance per unit basis restrictive value on a TPS.,Object,false,1,0,"\IUnknown\, \IDispatch\, \CATBaseUnknown\, \CATBaseDispatch\, \AnyObject\, \TolerancePerUnitBasisRestrictiveValue\",Unknown
interface_940,ToleranceSheetSettingAtt,The interface to access a CATIAToleranceSheetSettingAtt.,Object,false,5,10,"\IUnknown\, \IDispatch\, \CATBaseUnknown\, \CATBaseDispatch\, \AnyObject\, \SettingController\, \ToleranceSheetSettingAtt\",Unknown
interface_941,ToleranceUnitBasisValue,Interface for accessing values of the tolerance unit basis on a TPS.,Object,false,0,2,"\IUnknown\, \IDispatch\, \CATBaseUnknown\, \CATBaseDispatch\, \AnyObject\, \ToleranceUnitBasisValue\",Unknown
interface_942,ToleranceZone,Interface for accessing tolerance zone informations of a TPS.,Object,false,2,0,"\IUnknown\, \IDispatch\, \CATBaseUnknown\, \CATBaseDispatch\, \AnyObject\, \ToleranceZone\",Unknown
interface_943,Track,The interface to access a CATIATrack.,Object,false,2,3,"\IUnknown\, \IDispatch\, \CATBaseUnknown\, \CATBaseDispatch\, \AnyObject\, \Sampled\, \Track\",A CATIATrack (or track) object is an object to define motion to various items (such as a product or a shuttle). These tracks can be simulated which results in them to move along the defined trajectory (with a set speed).
interface_944,Tracks,A collection of all the track objects contained in the current document.,Collection,true,0,1,"\IUnknown\, \IDispatch\, \CATBaseUnknown\, \CATBaseDispatch\, \Collection\, \Sampleds\, \Tracks\",Unknown
interface_945,TransformationShape,Represents the shapes based on a transformation of another shape.,Object,false,0,0,"\IUnknown\, \IDispatch\, \CATBaseUnknown\, \CATBaseDispatch\, \AnyObject\, \Shape\, \TransformationShape\",Unknown
interface_946,Translate,Represents the hybrid shape translate feature object.,Object,false,1,0,"\IUnknown\, \IDispatch\, \CATBaseUnknown\, \CATBaseDispatch\, \AnyObject\, \HybridShape\, \Translate\",To access the data of the hybrid shape translate feature object. This data includes: The element to translate The translation direction The translation distance and its value Use the CATIAHybridShapeFactory to create HybridShapeFeature object. See also: HybridShapeFactory .
interface_947,TreeTabSettingAtt,,Object,false,14,20,"\IUnknown\, \IDispatch\, \CATBaseUnknown\, \CATBaseDispatch\, \AnyObject\, \SettingController\, \TreeTabSettingAtt\",Unknown
interface_948,TreeVizManipSettingAtt,The Interface to retrieve and set the visual information on the specification tree.,Object,false,9,16,"\IUnknown\, \IDispatch\, \CATBaseUnknown\, \CATBaseDispatch\, \AnyObject\, \SettingController\, \TreeVizManipSettingAtt\",Unknown
interface_949,TriDimFeatEdge,1-D boundary belonging to a feature whose topological result is three dimensional.,Object,false,0,0,"\IUnknown\, \IDispatch\, \CATBaseUnknown\, \CATBaseDispatch\, \AnyObject\, \Reference\, \Boundary\, \Edge\, \TriDimFeatEdge\","This Boundary object may be, for example, the edge of a Pad. You will create a TriDimFeatEdge object using the Shapes.GetBoundary HybridShapes.GetBoundary Sketches.GetBoundary or Selection.SelectElement2 method. Then, you pass it to the operator (such as ShapeFactory.AddNewEdgeFilletWithConstantRadius ). The lifetime of a TriDimFeatEdge object is limited, see Boundary @sample Example: This example asks the end user to select an edge, and creates an edge fillet on this edge: Dim InputObjectType(0) Set Document = CATIA.ActiveDocument Set Selection = Document.Selection 'We propose to the user that he select an edge InputObjectType(0)=""""TriDimFeatEdge"""" Status=Selection.SelectElement2(InputObjectType,""""Select an edge"""",true) if (Status = """"cancel"""") then Exit Sub Set EdgeFillet = ShapeFactory.AddNewEdgeFilletWithConstantRadius(Selection.Item(1).Value,1,5.0) EdgeFillet.EdgePropagation = 1 Document.Part.Update ."
interface_950,TriDimFeatVertexOrBiDimFeatVertex,0-D boundary belonging to a feature whose topological result is three dimensional or two dimentional.,Object,false,0,0,"\IUnknown\, \IDispatch\, \CATBaseUnknown\, \CATBaseDispatch\, \AnyObject\, \Reference\, \Boundary\, \Vertex\, \TriDimFeatVertexOrBiDimFeatVertex\","This Boundary object may be, for example, the corner of a Pad resulting from the extrusion of a square. You will create a TriDimFeatVertexOrBiDimFeatVertex object using the Shapes.GetBoundary HybridShapes.GetBoundary Sketches.GetBoundary or Selection.SelectElement2 method. Then, you pass it to the operator. The lifetime of a TriDimFeatVertexOrBiDimFeatVertex object is limited, see Boundary ."
interface_951,Trim,"Represents the Trim, or union trim boolean operation.",Object,false,0,8,"\IUnknown\, \IDispatch\, \CATBaseUnknown\, \CATBaseDispatch\, \AnyObject\, \HybridShape\, \Trim\",Unknown
interface_952,TritangentFillet,"The Tritangent Fillet feature : a fillet is built between 3 faces,2 faces will be relimited, the third one willbe used for fillet tangency ; this face will disappear within the resulting shape.",Object,false,3,0,"\IUnknown\, \IDispatch\, \CATBaseUnknown\, \CATBaseDispatch\, \AnyObject\, \Shape\, \DressUpShape\, \Fillet\, \TritangentFillet\",Unknown
interface_953,TypeESSObjectSettingAtt,The interface to access a CATIATypeESSObjectSettingAtt.,Object,false,2,4,"\IUnknown\, \IDispatch\, \CATBaseUnknown\, \CATBaseDispatch\, \AnyObject\, \SettingController\, \TypeESSObjectSettingAtt\",Unknown
interface_954,Unit,Represents CATIAUnit object.,Object,false,2,4,"\IUnknown\, \IDispatch\, \CATBaseUnknown\, \CATBaseDispatch\, \AnyObject\, \SettingController\, \Unit\",Unknown
interface_955,Units,Represents the collection of Units.,Collection,true,0,1,"\IUnknown\, \IDispatch\, \CATBaseUnknown\, \CATBaseDispatch\, \AnyObject\, \SettingController\, \Units\",Unknown
interface_956,UnitsSheetSettingAtt,The interface to access a CATIAUnitsSheetSettingAtt.,Object,false,6,20,"\IUnknown\, \IDispatch\, \CATBaseUnknown\, \CATBaseDispatch\, \AnyObject\, \SettingController\, \UnitsSheetSettingAtt\",Unknown
interface_957,UnmountActivity,Interface representing a Unmount Activity.,Object,false,2,0,"\IUnknown\, \IDispatch\, \CATBaseUnknown\, \CATBaseDispatch\, \AnyObject\, \Activity\, \UnmountActivity\","This interface is used to retieve/assign the value of motion targets/attrs for the move activity. The following code snippet can be used to obtain a MoveJointActivity from a selected Activity Dim oSelectAct As Activity set oSelectAct = CATIA.ActiveDocument.Selection.FindObject(""""CATIAActivity"""") Dim objUnmountAct As UnmountActivity set objUnmountAct = oSelectAct.GetTechnologicalObject(""""UnmountActivity"""") ."
interface_958,UserPattern,Represents the user pattern.,Collection,true,2,1,"\IUnknown\, \IDispatch\, \CATBaseUnknown\, \CATBaseDispatch\, \AnyObject\, \Shape\, \TransformationShape\, \Pattern\, \UserPattern\",Unknown
interface_959,UserRepartition,Represents the User Pattern repartition.,Collection,true,1,1,"\IUnknown\, \IDispatch\, \CATBaseUnknown\, \CATBaseDispatch\, \AnyObject\, \Repartition\, \UserRepartition\",Unknown
interface_960,UserSurface,,Object,false,0,3,"\IUnknown\, \IDispatch\, \CATBaseUnknown\, \CATBaseDispatch\, \AnyObject\, \UserSurface\",Unknown
interface_961,UserSurfaces,,Collection,true,0,5,"\IUnknown\, \IDispatch\, \CATBaseUnknown\, \CATBaseDispatch\, \Collection\, \UserSurfaces\",Unknown
interface_962,V4MasterModel,Represents the V4 Master Model.,Object,false,1,0,"\IUnknown\, \IDispatch\, \CATBaseUnknown\, \CATBaseDispatch\, \AnyObject\, \V4MasterModel\",Unknown
interface_963,V4V5SpaceSettingAtt,"Represents the object to handle the setting parameters of the """"V4V5 Space"""" tab page. The different options for V4/V5 SPACE tab.",Object,false,10,20,"\IUnknown\, \IDispatch\, \CATBaseUnknown\, \CATBaseDispatch\, \AnyObject\, \SettingController\, \V4V5SpaceSettingAtt\",This interface is implemented by a component named CATV4IV4V5SpaceSettingCtrl which represents the controller of the Setting. parameters displayed in the V4V5 Space Data property page. To access this property page: Click the Options command in the Tools menu Click + left of General to unfold the workbench list Click Compatibility The different options for V4/V5 SPACE tab are the following : Gap Healing Curvature Improvement Surface and Curve sub-elements Migration of DETAILS spaces udes by dittos Isolated Solid Mock-up migration 3D Text Migration This interface defines: A method to get each parameter A method to set the value of each parameter A method to lock/unlock each parameter A method to retrieve the informations concerning each parameter Property Index DetailsModeExplode Returns or sets the activation state of mode for details migration (Explode Mode) Role : Returns or sets the state of mode for details migration. DetailsModeUsual Returns or sets the activation state of mode for details migration (Usual Mode) Role : Returns or sets the state of mode for details migration. DetailsModeWireframe Returns or sets the activation state of mode for details migration (WireFrame Mode) Role : Returns or sets the state of mode for details migration. ExternalMaxDeformation Returns or sets the activation state of mode with external deformation (Gap Healing). ExternalTypeDeformation Returns or sets the activation state of type for...
interface_964,V4WritingSettingAtt,Represents the Saving As V4 Data setting controller object. The different options for V4/V5SPEC tab.,Object,false,12,20,"\IUnknown\, \IDispatch\, \CATBaseUnknown\, \CATBaseDispatch\, \AnyObject\, \SettingController\, \V4WritingSettingAtt\",The Saving As V4 Data setting controller object deals with the setting parameters displayed in the Saving As V4 Data property page. To access this property page: Click the Options command in the Tools menu Click + left of General to unfold the workbench list Click Compatibility The different options for V4/V5SPEC tab The Writing Code Page The Model Dimension The Model Unit The Initial Model File Path The Associativity Mode The Layer For Non Associative Data The Error Feature Creation if the Save is not complete The Curves Associated To Face Boundaries Creation The V4 Model File Name In Capitals Letters The Small Edges And Faces Cleaning Tolerance .
interface_965,VarRadEdgeFillet,Represents the edge fillet shape with a variable radius.,Collection,true,5,5,"\IUnknown\, \IDispatch\, \CATBaseUnknown\, \CATBaseDispatch\, \AnyObject\, \Shape\, \DressUpShape\, \Fillet\, \EdgeFillet\, \VarRadEdgeFillet\",Unknown
interface_966,VerifTabSettingAtt,,Object,false,3,6,"\IUnknown\, \IDispatch\, \CATBaseUnknown\, \CATBaseDispatch\, \AnyObject\, \SettingController\, \VerifTabSettingAtt\",Unknown
interface_967,Vertex,0-D boundary. See also:.,Object,false,0,0,"\IUnknown\, \IDispatch\, \CATBaseUnknown\, \CATBaseDispatch\, \AnyObject\, \Reference\, \Boundary\, \Vertex\","This Boundary object may be, for example, the corner of a Pad resulting from the extrusion of a square. You will create an Vertex object using the Shapes.GetBoundary HybridShapes.GetBoundary Sketches.GetBoundary or Selection.SelectElement2 method. Then, you pass it to the operator (such as HybridShapeFactory.AddNewLinePtPt ). The lifetime of a Vertex object is limited, see Boundary See also: TriDimFeatVertexOrBiDimFeatVertex NotWireBoundaryMonoDimFeatVertex ZeroDimFeatVertexOrWireBoundaryMonoDimFeatVertex @sample Example: This example asks the end user to select successively two vertices. Then, it creates a line between these two vertices. Dim InputObjectType(0) Set Document = CATIA.ActiveDocument Set Selection = Document.Selection Set HybridBodies = Document.Part.HybridBodies Set HybridBody = HybridBodies.Item(""""Geometrical Set.1"""") 'We propose to the user that he select the first vertex InputObjectType(0)=""""Vertex"""" Status=Selection.SelectElement2(InputObjectType,""""Select the first vertex"""",true) if (Status = """"cancel"""") then Exit Sub Set FirstVertex = Selection.Item(1).Value Selection.Clear 'We propose to the user that he select the second vertex Inpu..."
interface_968,VibrationVolumes,Interface to compute vibration volumes.,Collection,true,0,6,"\IUnknown\, \IDispatch\, \CATBaseUnknown\, \CATBaseDispatch\, \Collection\, \VibrationVolumes\",Unknown
interface_969,ViewCharacteristicCurvesSettingAtt,Represents the CATIA Sheet Metal Aerospace Display setting controller object. Characteristic Curves Characteristic Curves.,Collection,true,15,20,"\IUnknown\, \IDispatch\, \CATBaseUnknown\, \CATBaseDispatch\, \AnyObject\, \SettingController\, \ViewCharacteristicCurvesSettingAtt\","The CATIA Sheet Metal Aerospace setting Display controller object deals with the setting attributes displayed in the Aerospace Sheet Metal Design Display property page. The Sheet Metal Aerospace Display property page manage the visibility of Characteristic Curves in Folded and Unfolded view. THE METHODS DEDICATED FOR SURFACIC FLANGE ARE USEFUL FOR BOTH SURFACIC FLANGE AND SWEPT FLANGE. Characteristic Curves summary : BTLSupp Bend Tangent Line bounding the Support (Flange) BTLFeat Bend Tangent Line bounding the Base Feature (Web or Flange) OML Outer Mold Line OML2 Second Outer Mold Line (Unfolded view) IML Inner Mold Line CLB Center Line of Bend To access this property page: Click the Options command in the Tools menu Click + left of Mechanical Design to unfold the workbench list Click Display The Sheet Metal Aerospace Display setting controller object can be retrieved as an item of the setting controller collection using its name """"CATIStmViewCharacteristicCurvesSettingCtrl"""" as follows: Dim settingControllers1 As SettingControllers Set settingControllers1 = CATIA.SettingControllers Dim CATIAStmViewCharacteristicCurvesSettingAtt1 As SettingController Set CATIAStmViewCharacteristicCurvesSettingAtt1 = settingControllers1.Item(""""CATIStmViewCharacteristicCurvesSettingCtrl"""") Note that there is NO default value : if a setting attribute is not set, the corresponding check button will be unchecked and the setting attribute will take the value """"hidden"""" if the User clicks """"OK"""" in the Display property page. Property Index SHMViewFDBeadBTLFeat Returns or sets SHMViewFDBeadBTLFeat setting parameter value. <..."
interface_970,Viewer,Represents the viewer.,Object,false,3,9,"\IUnknown\, \IDispatch\, \CATBaseUnknown\, \CATBaseDispatch\, \AnyObject\, \Viewer\",Unknown
interface_971,Viewer2D,Represents a 2D viewer.,Object,false,1,0,"\IUnknown\, \IDispatch\, \CATBaseUnknown\, \CATBaseDispatch\, \AnyObject\, \Viewer\, \Viewer2D\",Unknown
interface_972,Viewer3D,Represents a 3D viewer.,Collection,true,11,2,"\IUnknown\, \IDispatch\, \CATBaseUnknown\, \CATBaseDispatch\, \AnyObject\, \Viewer\, \Viewer3D\",Unknown
interface_973,Viewers,A collection of all the Viewer objects currently attached to a window.,Collection,true,0,1,"\IUnknown\, \IDispatch\, \CATBaseUnknown\, \CATBaseDispatch\, \Collection\, \Viewers\",Unknown
interface_974,Viewpoint2D,Represents the 2D viewpoint.,Object,false,1,2,"\IUnknown\, \IDispatch\, \CATBaseUnknown\, \CATBaseDispatch\, \AnyObject\, \Viewpoint2D\",Unknown
interface_975,Viewpoint3D,Represents the 3D viewpoint.,Object,false,4,6,"\IUnknown\, \IDispatch\, \CATBaseUnknown\, \CATBaseDispatch\, \AnyObject\, \Viewpoint3D\",Unknown
interface_976,VisPropertySet,"Represents the graphic properties for the current selection. The graphic properties are: A partial modification of an object A multiple selection Real versus Visible graphic properties """"Real"""" """"Visible"""" The inheritance is the following.",Object,false,0,20,"\IUnknown\, \IDispatch\, \CATBaseUnknown\, \CATBaseDispatch\, \AnyObject\, \VisPropertySet\","We retrieve the graphic properties of the current selection thanks to Selection.VisProperties The graphic properties are: The Color The Color is defined by 3 components (red,green,blue). Each component ranges from 0 to 255 The Opacity The opacity is defined from 255 (total opacity) to 0 (total transparency). In Material visualization mode the transparency is real, so the element is truly more or less opaque. But in another visualization mode, the transparency is a simulation, so if the opacity is between 0 and 254 the element is transparent but with the same visual effect and if the opacity is 255 the element is opaque. The width of a line Each index defines a width customizable in Tools/Options. The type of a line Solid, Dashed, ... The symbol of a point Star, Dot, ... A partial modification of an object A part (for example) contains faces, edges, lines, points. Interactively with the Edit Properties command the end user can change their color, their line type and so one. To go faster there is the Graphic Toolbar which contains a sub-set of properties. So this interface follows the behavior of the graphic toolbar. The color, the line type ... is applicated to the sub-element of the object defined by the application, and that you can retrieve in the graphic toolbar. A multiple selection When we modify a graphic property using the Setxxx methods, we modify one by one each element of the current selection. When we read a graphic property using the Getxxx methods, we retrieve an information which is valid for all elements of the current selection. Real versus Visible graphic properties Elements of the current selection are inside a specification tree: Example : Product0 Part1 Part3 ..."
interface_977,VisualizationSettingAtt,The interface to access a CATIAVisualizationSettingAtt.,Object,false,15,20,"\IUnknown\, \IDispatch\, \CATBaseUnknown\, \CATBaseDispatch\, \AnyObject\, \SettingController\, \VisualizationSettingAtt\",Unknown
interface_978,VrmlSettingAtt,The interface to access a CATIAVrmlSettingAtt.,Object,false,8,20,"\IUnknown\, \IDispatch\, \CATBaseUnknown\, \CATBaseDispatch\, \AnyObject\, \SettingController\, \VrmlSettingAtt\",Unknown
interface_979,WIBuyOff,,Object,false,0,2,"\IUnknown\, \IDispatch\, \CATBaseUnknown\, \CATBaseDispatch\, \AnyObject\, \WIText\, \WIBuyOff\",Unknown
interface_980,WIChangeNotification,,Object,false,0,2,"\IUnknown\, \IDispatch\, \CATBaseUnknown\, \CATBaseDispatch\, \AnyObject\, \WIText\, \WIChangeNotification\",Unknown
interface_981,WIDataCollection,,Collection,true,0,2,"\IUnknown\, \IDispatch\, \CATBaseUnknown\, \CATBaseDispatch\, \AnyObject\, \WIText\, \WIDataCollection\",Unknown
interface_982,WIText,,Object,false,3,5,"\IUnknown\, \IDispatch\, \CATBaseUnknown\, \CATBaseDispatch\, \AnyObject\, \WIText\",Unknown
interface_983,WITextAccessEI,,Object,false,0,1,"\IUnknown\, \IDispatch\, \CATBaseUnknown\, \CATBaseDispatch\, \AnyObject\, \WITextAccessEI\",Unknown
interface_984,WalkActivity,,Object,false,7,4,"\IUnknown\, \IDispatch\, \CATBaseUnknown\, \CATBaseDispatch\, \AnyObject\, \Activity\, \WorkerActivity\, \WalkActivity\",Unknown
interface_985,Window,Represents the window.,Collection,true,9,7,"\IUnknown\, \IDispatch\, \CATBaseUnknown\, \CATBaseDispatch\, \AnyObject\, \Window\",Unknown
interface_986,Windows,A collection of all the Window objects currently managed by the application.,Collection,true,0,2,"\IUnknown\, \IDispatch\, \CATBaseUnknown\, \CATBaseDispatch\, \Collection\, \Windows\",Unknown
interface_987,WorkGeneralSettingAtt,Interface representing xxx.,Object,false,1,2,"\IUnknown\, \IDispatch\, \CATBaseUnknown\, \CATBaseDispatch\, \AnyObject\, \SettingController\, \WorkGeneralSettingAtt\","Components that implement DNBIAWorkGeneralSettingAtt are ... Do not use the DNBIAWorkGeneralSettingAtt interface for such and such ClassReference, Class#MethodReference, #InternalMethod... Property Index StyleSheetPath Returns or sets the ConstraintsSimul parameter. Method Index GetStyleSheetPathInfo Retrieves environment informations for the StyleSheetPath parameter. SetStyleSheetPathLock Locks or unlocks the StyleSheetPath parameter. Properties o Property StyleSheetPath ( ) As activateLink('CATBSTR','CATBSTR') Returns or sets the ConstraintsSimul parameter. Ensure consistency with the C++ interface to which the work is delegated. Methods o Func GetStyleSheetPathInfo ( activateLink('CATBSTR','CATBSTR') ioAdminLevel , activateLink('CATBSTR','CATBSTR') ioLocked ) As activateLink('boolean','boolean') Retrieves environment informations for the StyleSheetPath parameter. Role :Retrieves the state of the StyleSheetPath parameter in the current environment. Parameters: ioAdminLevel If the parameter is locked, AdminLevel gives the administration level that imposes the value of the parameter. If the parameter is not loc..."
interface_988,Workbench,Represents a workbench on a document.,Object,false,0,0,"\IUnknown\, \IDispatch\, \CATBaseUnknown\, \CATBaseDispatch\, \AnyObject\, \Workbench\","A workbench is a set of commands that can be used to create, modify and edit the objects making up the document. See also: Document ."
interface_989,WorkbenchStatisticsSettingAtt,Interface for Workbench statistic Controler.,Object,false,0,0,"\IUnknown\, \IDispatch\, \CATBaseUnknown\, \CATBaseDispatch\, \AnyObject\, \SettingController\, \GeneralStatisticsSettingAtt\, \WorkbenchStatisticsSettingAtt\","the workbench statistics controler manages the values of all or only a part of the attributes available for the thematic. For the definitions of methods and variables common to every thematic, see the GeneralStatisticsSettingAtt ."
interface_990,WorkerActivity,The object that represents an Worker activity.,Object,false,2,0,"\IUnknown\, \IDispatch\, \CATBaseUnknown\, \CATBaseDispatch\, \AnyObject\, \Activity\, \WorkerActivity\",Unknown
interface_991,Wrapping,Interface to access a CATIADMOWrapping.,Object,false,0,0,"\IUnknown\, \IDispatch\, \CATBaseUnknown\, \CATBaseDispatch\, \AnyObject\, \Wrapping\",Unknown
interface_992,Wrappings,Interface to compute Wrappings.,Collection,true,0,5,"\IUnknown\, \IDispatch\, \CATBaseUnknown\, \CATBaseDispatch\, \Collection\, \Wrappings\",Unknown
interface_993,ZeroDimFeatVertexOrWireBoundaryMonoDimFeatVertex,0-D boundary beeing either an isolated point or the extremity of a feature whose topological result is one dimensional.,Object,false,0,0,"\IUnknown\, \IDispatch\, \CATBaseUnknown\, \CATBaseDispatch\, \AnyObject\, \Reference\, \Boundary\, \Vertex\, \ZeroDimFeatVertexOrWireBoundaryMonoDimFeatVertex\","This Boundary object may be, for example, the extremity of a line segment. You will create a ZeroDimFeatVertexOrWireBoundaryMonoDimFeatVertex object using the Shapes.GetBoundary HybridShapes.GetBoundary Sketches.GetBoundary or Selection.SelectElement2 method. Then, you pass it to the operator. The lifetime of a ZeroDimFeatVertexOrWireBoundaryMonoDimFeatVertex object is limited, see Boundary ."
