id,name,description,function_signature,return_type
method_1,AccurateType,,Func,
method_2,AccurateType,,Func,
method_3,Activate,,Sub,
method_4,Activate,,Sub,
method_5,Activate,,Sub,
method_6,Activate,,Sub,
method_7,Activate,,Sub,
method_8,Activate,,Sub,
method_9,Activate,,Sub,
method_10,Activate,,Sub,
method_11,Activate,,Sub,
method_12,Activate,,Sub,
method_13,Activate,,Sub,
method_14,Activate,,Sub,
method_15,Activate,,Sub,
method_16,ActivateDefaultShape,,Sub,
method_17,ActivateFrame,,Sub,
method_18,ActivateFrame,,Sub,
method_19,ActivateNext,,Sub,
method_20,ActivatePoint,,Sub,
method_21,ActivatePosition,,Sub,
method_22,ActivatePrevious,,Sub,
method_23,ActivateShape,,Sub,
method_24,Add,,Sub,
method_25,Add,,Func,
method_26,Add,,Func,
method_27,Add,,Func,
method_28,Add,,Func,
method_29,Add,,Func,
method_30,Add,,Func,
method_31,Add,,Func,
method_32,Add,,Func,
method_33,Add,,Func,
method_34,Add,,Func,
method_35,Add,,Func,
method_36,Add,,Func,
method_37,Add,,Func,
method_38,Add,,Func,
method_39,Add,,Func,
method_40,Add,,Func,
method_41,Add,,Func,
method_42,Add,,Func,
method_43,Add,,Func,
method_44,Add,,Sub,
method_45,Add,,Func,
method_46,Add,,Func,
method_47,Add,,Func,
method_48,Add,,Func,
method_49,Add,,Func,
method_50,Add,,Func,
method_51,Add,,Sub,
method_52,Add,,Func,
method_53,Add,,Func,
method_54,Add,,Func,
method_55,Add,,Func,
method_56,Add,,Sub,
method_57,Add,,Func,
method_58,Add,,Func,
method_59,Add,,Func,
method_60,Add,,Func,
method_61,Add,,Sub,
method_62,Add,,Func,
method_63,Add,,Func,
method_64,Add,,Func,
method_65,Add,,Func,
method_66,Add,,Sub,
method_67,Add,,Func,
method_68,Add,,Func,
method_69,Add,,Sub,
method_70,Add,,Func,
method_71,Add,,Func,
method_72,Add,,Func,
method_73,Add,,Func,
method_74,Add,,Func,
method_75,Add,,Func,
method_76,Add,,Func,
method_77,Add,,Sub,
method_78,Add,,Func,
method_79,Add,,Func,
method_80,Add,,Func,
method_81,Add,,Func,
method_82,Add,,Func,
method_83,Add,,Func,
method_84,Add,,Func,
method_85,Add,,Func,
method_86,Add,,Func,
method_87,Add,,Func,
method_88,Add,,Sub,
method_89,Add,,Func,
method_90,Add,,Func,
method_91,Add,,Func,
method_92,Add,,Func,
method_93,Add,,Func,
method_94,Add,,Func,
method_95,Add,,Func,
method_96,Add,,Func,
method_97,Add,,Func,
method_98,Add,,Func,
method_99,Add2,,Func,
method_100,Add2DArrow,,Func,
method_101,Add2DCircle,,Func,
method_102,Add2DFreeHand,,Func,
method_103,Add2DLine,,Func,
method_104,Add2DPicture,,Func,
method_105,Add2DRectangle,,Func,
method_106,Add2DText,,Func,
method_107,Add3DText,,Func,
method_108,AddAccuracyProfile,,Sub,
method_109,AddActiveLight,,Sub,
method_110,AddAffectedComponent,,Sub,
method_111,AddAlternateGraphic,,Sub,
method_112,AddArea,,Func,
method_113,AddAroundAny,,Func,
method_114,AddAroundProducts,,Func,
method_115,AddAssemblyAdd,,Func,
method_116,AddAssemblyHole,,Func,
method_117,AddAssemblyPocket,,Func,
method_118,AddAssemblyRemove,,Func,
method_119,AddAssemblySplit,,Func,
method_120,AddAssociation,,Sub,
method_121,AddAttributeReal,,Sub,
method_122,AddAttributeString,,Sub,
method_123,AddAuxAttribute,,Sub,
method_124,AddAuxiliary,,Func,
method_125,AddBiEltCst,,Func,
method_126,AddBodyToHeal,,Sub,
method_127,AddBound,,Sub,
method_128,AddBoundary,,Func,
method_129,AddBoundaryElement,,Sub,
method_130,AddByAssignmentType,,Func,
method_131,AddByAssignmentType,,Func,
method_132,AddCSOIntoSelectionSet,,Sub,
method_133,AddClearance,,Sub,
method_134,AddColumn,,Sub,
method_135,AddCommand,,Func,
method_136,AddComponent,,Func,
method_137,AddComponentsFromFiles,,Sub,
method_138,AddConnector,,Sub,
method_139,AddConnector,,Func,
method_140,AddConstraint,,Sub,
method_141,AddConstraint,,Sub,
method_142,AddConstraint,,Func,
method_143,AddConstraintTolerant,,Sub,
method_144,AddCopyScene,,Func,
method_145,AddCorrector,,Func,
method_146,AddCutPoints,,Sub,
method_147,AddCuttingElem,,Sub,
method_148,AddDefExtFromCoordinates,,Func,
method_149,AddDefExtFromReference,,Func,
method_150,AddDefExtOnMember,,Func,
method_151,AddDetail,,Func,
method_152,AddDetail,,Func,
method_153,AddDetail,,Func,
method_154,AddDimMember,,Func,
method_155,AddDimMemberOnPlane,,Func,
method_156,AddDimMemberPtPt,,Func,
method_157,AddDimMemberWithSupport,,Func,
method_158,AddDistanceAlongAlineMotion,,Sub,
method_159,AddDistanceAlongAlineMotionFeed,,Sub,
method_160,AddDistanceAlongAxis,,Sub,
method_161,AddDistanceAlongAxisFeed,,Sub,
method_162,AddDraftAngleDefinitionLocation,,Sub,
method_163,AddDropOffView,,Sub,
method_164,AddDynamicConnector,,Sub,
method_165,AddEdgeToFillet,,Sub,
method_166,AddEdgeToKeep,,Sub,
method_167,AddEdgeToKeepSharp,,Sub,
method_168,AddEdgeToTear,,Sub,
method_169,AddElement,,Sub,
method_170,AddElementToChamfer,,Sub,
method_171,AddElementToKeep,,Sub,
method_172,AddElementToKeep,,Sub,
method_173,AddElementToRemove,,Sub,
method_174,AddElementToRemove,,Sub,
method_175,AddElementsToFreeze,,Sub,
method_176,AddExistingCase,,Sub,
method_177,AddExistingCaseForReport,,Sub,
method_178,AddExistingSet,,Sub,
method_179,AddExplicit,,Sub,
method_180,AddExtension,,Sub,
method_181,AddExternalComponent,,Func,
method_182,AddFaceToDraft,,Sub,
method_183,AddFaceToKeep,,Sub,
method_184,AddFaceToKeep2,,Sub,
method_185,AddFaceToRemove,,Sub,
method_186,AddFaceToRemove,,Sub,
method_187,AddFaceToRemove2,,Sub,
method_188,AddFaceToThicken,,Sub,
method_189,AddFaceWithDifferentThickness,,Sub,
method_190,AddFaceWithDifferentThickness,,Sub,
method_191,AddFact,,Sub,
method_192,AddFeatureToLocatePositions,,Sub,
method_193,AddFeatureToLocatePositions,,Sub,
method_194,AddFile,,Sub,
method_195,AddFillPoints,,Sub,
method_196,AddFixTogether,,Sub,
method_197,AddFormalParameter,,Sub,
method_198,AddFreeParameter,,Func,
method_199,AddFrom3DPlane,,Func,
method_200,AddFromFile,,Sub,
method_201,AddFromFile,,Func,
method_202,AddFromSel,,Func,
method_203,AddFromSel,,Func,
method_204,AddFromSel,,Func,
method_205,AddFromSel,,Func,
method_206,AddFromSel,,Func,
method_207,AddFromSel,,Func,
method_208,AddFromSweptAble,,Func,
method_209,AddFromViewpoint,,Func,
method_210,AddFromXML,,Func,
method_211,AddFrozenCurveSegment,,Sub,
method_212,AddFrozenPoint,,Sub,
method_213,AddGapConductionTable,,Sub,
method_214,AddGotoHorizontal,,Sub,
method_215,AddGotoPoint,,Func,
method_216,AddGotoPointfromCoordinates,,Func,
method_217,AddGraphicalPrimitive,,Sub,
method_218,AddGraphicalPrimitive,,Sub,
method_219,AddGraphicalRepresentation,,Sub,
method_220,AddGraphicalRepresentation,,Sub,
method_221,AddGuide,,Sub,
method_222,AddGuideWithTangent,,Sub,
method_223,AddImposedVertex,,Sub,
method_224,AddInAProduct,,Func,
method_225,AddInflatingFromFile,,Func,
method_226,AddInstance,,Func,
method_227,AddInternalFlow,,Func,
method_228,AddInternalFlowSpecifyGRR,,Func,
method_229,AddInterrupt,,Sub,
method_230,AddInterruption,,Sub,
method_231,AddInterruption,,Sub,
method_232,AddItemReservation,,Func,
method_233,AddJoint,,Func,
method_234,AddLeader,,Sub,
method_235,AddLibrary,,Sub,
method_236,AddLink,,Sub,
method_237,AddMachinableGeometry,,Sub,
method_238,AddMasterShapeRepresentation,,Sub,
method_239,AddMeToBuffer,,Sub,
method_240,AddMember,,Sub,
method_241,AddMember,,Func,
method_242,AddMember,,Sub,
method_243,AddMemberFromDir,,Func,
method_244,AddMemberFromMathDir,,Func,
method_245,AddMemberFromMathPlane,,Func,
method_246,AddMemberOnSupport,,Func,
method_247,AddMemberOnSupportWithRef,,Func,
method_248,AddMonoEltCst,,Func,
method_249,AddMotionGoToAPoint,,Sub,
method_250,AddMotionGoToAPointFeed,,Sub,
method_251,AddMotionProfile,,Sub,
method_252,AddMotionToAPlane,,Sub,
method_253,AddNew3DCorner,,Func,
method_254,AddNew3DCurveOffset,,Func,
method_255,AddNewAdd,,Func,
method_256,AddNewAffinity,,Func,
method_257,AddNewAffinity2,,Func,
method_258,AddNewAssemble,,Func,
method_259,AddNewAutoDraft,,Func,
method_260,AddNewAutoFillet,,Func,
method_261,AddNewAxisLine,,Func,
method_262,AddNewAxisToAxis,,Func,
method_263,AddNewAxisToAxis2,,Func,
method_264,AddNewBlend,,Func,
method_265,AddNewBlend,,Func,
method_266,AddNewBoundary,,Func,
method_267,AddNewBoundaryOfSurface,,Func,
method_268,AddNewBump,,Func,
method_269,AddNewChamfer,,Func,
method_270,AddNewCircPattern,,Func,
method_271,AddNewCircPatternofList,,Func,
method_272,AddNewCircle2PointsRad,,Func,
method_273,AddNewCircle3Points,,Func,
method_274,AddNewCircleBitangentPoint,,Func,
method_275,AddNewCircleBitangentRadius,,Func,
method_276,AddNewCircleCenterAxis,,Func,
method_277,AddNewCircleCenterAxisWithAngles,,Func,
method_278,AddNewCircleCenterTangent,,Func,
method_279,AddNewCircleCtrPt,,Func,
method_280,AddNewCircleCtrPtWithAngles,,Func,
method_281,AddNewCircleCtrRad,,Func,
method_282,AddNewCircleCtrRadWithAngles,,Func,
method_283,AddNewCircleDatum,,Func,
method_284,AddNewCircleTritangent,,Func,
method_285,AddNewCloseSurface,,Func,
method_286,AddNewCombine,,Func,
method_287,AddNewComponent,,Func,
method_288,AddNewConic,,Func,
method_289,AddNewConicalReflectLineWithType,,Func,
method_290,AddNewConnect,,Func,
method_291,AddNewCorner,,Func,
method_292,AddNewCurveDatum,,Func,
method_293,AddNewCurvePar,,Func,
method_294,AddNewCurveSmooth,,Func,
method_295,AddNewCylinder,,Func,
method_296,AddNewDatums,,Func,
method_297,AddNewDevelop,,Func,
method_298,AddNewDirection,,Func,
method_299,AddNewDirectionByCoord,,Func,
method_300,AddNewDraft,,Func,
method_301,AddNewEdgeFilletWithConstantRadius,,Func,
method_302,AddNewEdgeFilletWithVaryingRadius,,Func,
method_303,AddNewEmptyRotate,,Func,
method_304,AddNewEmptyTranslate,,Func,
method_305,AddNewExtract,,Func,
method_306,AddNewExtractMulti,,Func,
method_307,AddNewExtrapolLength,,Func,
method_308,AddNewExtrapolUntil,,Func,
method_309,AddNewExtremum,,Func,
method_310,AddNewExtremumPolar,,Func,
method_311,AddNewExtrude,,Func,
method_312,AddNewFaceFillet,,Func,
method_313,AddNewFill,,Func,
method_314,AddNewFilletBiTangent,,Func,
method_315,AddNewFilletTriTangent,,Func,
method_316,AddNewGSDCircPattern,,Func,
method_317,AddNewGSDRectPattern,,Func,
method_318,AddNewGroove,,Func,
method_319,AddNewGrooveFromRef,,Func,
method_320,AddNewHealing,,Func,
method_321,AddNewHelix,,Func,
method_322,AddNewHole,,Func,
method_323,AddNewHoleFromPoint,,Func,
method_324,AddNewHoleFromRefPoint,,Func,
method_325,AddNewHoleFromSketch,,Func,
method_326,AddNewHoleWith2Constraints,,Func,
method_327,AddNewHoleWithConstraint,,Func,
method_328,AddNewHybridScaling,,Func,
method_329,AddNewHybridSplit,,Func,
method_330,AddNewHybridTrim,,Func,
method_331,AddNewIntegratedLaw,,Func,
method_332,AddNewIntersect,,Func,
method_333,AddNewIntersection,,Func,
method_334,AddNewInverse,,Func,
method_335,AddNewJoin,,Func,
method_336,AddNewLawDistProj,,Func,
method_337,AddNewLineAngle,,Func,
method_338,AddNewLineBiTangent,,Func,
method_339,AddNewLineBisecting,,Func,
method_340,AddNewLineBisectingOnSupport,,Func,
method_341,AddNewLineBisectingOnSupportWithPoint,,Func,
method_342,AddNewLineBisectingWithPoint,,Func,
method_343,AddNewLineDatum,,Func,
method_344,AddNewLineNormal,,Func,
method_345,AddNewLinePtDir,,Func,
method_346,AddNewLinePtDirOnSupport,,Func,
method_347,AddNewLinePtPt,,Func,
method_348,AddNewLinePtPtExtended,,Func,
method_349,AddNewLinePtPtOnSupport,,Func,
method_350,AddNewLinePtPtOnSupportExtended,,Func,
method_351,AddNewLineTangency,,Func,
method_352,AddNewLineTangencyOnSupport,,Func,
method_353,AddNewLoft,,Func,
method_354,AddNewLoft,,Func,
method_355,AddNewMirror,,Func,
method_356,AddNewNear,,Func,
method_357,AddNewOffset,,Func,
method_358,AddNewPad,,Func,
method_359,AddNewPadFromRef,,Func,
method_360,AddNewPlane1Curve,,Func,
method_361,AddNewPlane1Line1Pt,,Func,
method_362,AddNewPlane2Lines,,Func,
method_363,AddNewPlane3Points,,Func,
method_364,AddNewPlaneAngle,,Func,
method_365,AddNewPlaneDatum,,Func,
method_366,AddNewPlaneEquation,,Func,
method_367,AddNewPlaneMean,,Func,
method_368,AddNewPlaneNormal,,Func,
method_369,AddNewPlaneOffset,,Func,
method_370,AddNewPlaneOffsetPt,,Func,
method_371,AddNewPlaneTangent,,Func,
method_372,AddNewPocket,,Func,
method_373,AddNewPocketFromRef,,Func,
method_374,AddNewPointBetween,,Func,
method_375,AddNewPointCenter,,Func,
method_376,AddNewPointCoord,,Func,
method_377,AddNewPointCoordWithReference,,Func,
method_378,AddNewPointDatum,,Func,
method_379,AddNewPointOnCurveAlongDirection,,Func,
method_380,AddNewPointOnCurveFromDistance,,Func,
method_381,AddNewPointOnCurveFromPercent,,Func,
method_382,AddNewPointOnCurveWithReferenceAlongDirection,,Func,
method_383,AddNewPointOnCurveWithReferenceFromDistance,,Func,
method_384,AddNewPointOnCurveWithReferenceFromPercent,,Func,
method_385,AddNewPointOnPlane,,Func,
method_386,AddNewPointOnPlaneWithReference,,Func,
method_387,AddNewPointOnSurface,,Func,
method_388,AddNewPointOnSurfaceWithReference,,Func,
method_389,AddNewPointTangent,,Func,
method_390,AddNewPolyline,,Func,
method_391,AddNewPositionTransfo,,Func,
method_392,AddNewProduct,,Func,
method_393,AddNewProject,,Func,
method_394,AddNewRRS2ControllerIdentifier,,Sub,
method_395,AddNewRectPattern,,Func,
method_396,AddNewRectPatternofList,,Func,
method_397,AddNewReflectLine,,Func,
method_398,AddNewReflectLineWithType,,Func,
method_399,AddNewRemove,,Func,
method_400,AddNewRemoveFace,,Func,
method_401,AddNewRemovedBlend,,Func,
method_402,AddNewRemovedLoft,,Func,
method_403,AddNewReplaceFace,,Func,
method_404,AddNewRevol,,Func,
method_405,AddNewRib,,Func,
method_406,AddNewRibFromRef,,Func,
method_407,AddNewRotate,,Func,
method_408,AddNewRow,,Sub,
method_409,AddNewScaling,,Func,
method_410,AddNewScene,,Func,
method_411,AddNewSection,,Func,
method_412,AddNewSewSurface,,Func,
method_413,AddNewShaft,,Func,
method_414,AddNewShaftFromRef,,Func,
method_415,AddNewShell,,Func,
method_416,AddNewSlot,,Func,
method_417,AddNewSlotFromRef,,Func,
method_418,AddNewSolidCombine,,Func,
method_419,AddNewSolidEdgeFilletWithConstantRadius,,Func,
method_420,AddNewSolidEdgeFilletWithVaryingRadius,,Func,
method_421,AddNewSolidFaceFillet,,Func,
method_422,AddNewSolidTritangentFillet,,Func,
method_423,AddNewSphere,,Func,
method_424,AddNewSpine,,Func,
method_425,AddNewSpiral,,Func,
method_426,AddNewSpline,,Func,
method_427,AddNewSplit,,Func,
method_428,AddNewStiffener,,Func,
method_429,AddNewStiffenerFromRef,,Func,
method_430,AddNewSurfaceDatum,,Func,
method_431,AddNewSurfaceEdgeFilletWithConstantRadius,,Func,
method_432,AddNewSurfaceEdgeFilletWithVaryingRadius,,Func,
method_433,AddNewSurfaceFaceFillet,,Func,
method_434,AddNewSurfaceTritangentFillet,,Func,
method_435,AddNewSurfacicAutoFillet,,Func,
method_436,AddNewSurfacicCircPattern,,Func,
method_437,AddNewSurfacicRectPattern,,Func,
method_438,AddNewSurfacicUserPattern,,Func,
method_439,AddNewSweepCircle,,Func,
method_440,AddNewSweepConic,,Func,
method_441,AddNewSweepExplicit,,Func,
method_442,AddNewSweepLine,,Func,
method_443,AddNewSymmetry,,Func,
method_444,AddNewThickSurface,,Func,
method_445,AddNewThickness,,Func,
method_446,AddNewThreadWithOutRef,,Func,
method_447,AddNewThreadWithRef,,Func,
method_448,AddNewTransfer,,Func,
method_449,AddNewTranslate,,Func,
method_450,AddNewTrim,,Func,
method_451,AddNewTritangentFillet,,Func,
method_452,AddNewUnfold,,Func,
method_453,AddNewUserPattern,,Func,
method_454,AddNewUserPatternofList,,Func,
method_455,AddNewVolumeAdd,,Func,
method_456,AddNewVolumeCloseSurface,,Func,
method_457,AddNewVolumeDatum,,Func,
method_458,AddNewVolumeIntersect,,Func,
method_459,AddNewVolumeRemove,,Func,
method_460,AddNewVolumeSewSurface,,Func,
method_461,AddNewVolumeShell,,Func,
method_462,AddNewVolumeThickSurface,,Func,
method_463,AddNewVolumeThickness,,Func,
method_464,AddNewVolumeTrim,,Func,
method_465,AddNewVolumicDraft,,Func,
method_466,AddNewWrapCurve,,Func,
method_467,AddNewWrapSurface,,Func,
method_468,AddNomenclatureTree,,Func,
method_469,AddObjFrameProfile,,Sub,
method_470,AddObject,,Sub,
method_471,AddObjectToFillet,,Sub,
method_472,AddObjectToGenerate,,Sub,
method_473,AddObjectToGenerateFromBuffer,,Sub,
method_474,AddObjectToGenerateWithBuffer,,Sub,
method_475,AddObjectToGenerateWithOutBuffer,,Sub,
method_476,AddObjectToModalValues,,Sub,
method_477,AddOffset,,Sub,
method_478,AddOffsetFromVectors,,Func,
method_479,AddOperation,,Sub,
method_480,AddOperation,,Sub,
method_481,AddPPInstruction,,Func,
method_482,AddPPWords,,Sub,
method_483,AddPart,,Sub,
method_484,AddPartSurface,,Sub,
method_485,AddPathway,,Func,
method_486,AddPickedMfgAssembly,,Sub,
method_487,AddPickedProduct,,Sub,
method_488,AddPlacedMfgAssembly,,Sub,
method_489,AddPlacedProduct,,Sub,
method_490,AddPlate,,Func,
method_491,AddPoint,,Sub,
method_492,AddPoint,,Sub,
method_493,AddPoint,,Sub,
method_494,AddPoint,,Sub,
method_495,AddPointWithConstraintExplicit,,Sub,
method_496,AddPointWithConstraintFromCurve,,Sub,
method_497,AddPointedGeometry,,Sub,
method_498,AddPointedGeometryNotify,,Sub,
method_499,AddPointedGeometryWithNoDuplicatedCheck,,Sub,
method_500,AddPointedGeometryWithNoDuplicatedCheckNotify,,Sub,
method_501,AddPoints,,Sub,
method_502,AddPoints,,Sub,
method_503,AddPosition,,Sub,
method_504,AddPressureOverclosureTable,,Sub,
method_505,AddPrimary,,Func,
method_506,AddPrinterDirectory,,Sub,
method_507,AddPrinterGroup,,Sub,
method_508,AddProduct,,Sub,
method_509,AddProductMotion,,Func,
method_510,AddProductSceneFull,,Func,
method_511,AddProductScenePartial,,Func,
method_512,AddRectangle,,Func,
method_513,AddRectangularContour,,Func,
method_514,AddRectangularEndPlate,,Func,
method_515,AddReference,,Sub,
method_516,AddReferenceInAProductCtx,,Sub,
method_517,AddRelated,,Func,
method_518,AddRemoveFace,,Sub,
method_519,AddRootOfFacts,,Sub,
method_520,AddRotabl,,Func,
method_521,AddRow,,Sub,
method_522,AddRun,,Func,
method_523,AddSample,,Sub,
method_524,AddSection,,Sub,
method_525,AddSection,,Func,
method_526,AddSectionFromCatalog,,Func,
method_527,AddSectionToLoft,,Sub,
method_528,AddShapeRepresentation,,Sub,
method_529,AddSolution,,Func,
method_530,AddSplitFromFile,,Func,
method_531,AddSplitPlane,,Sub,
method_532,AddSubElement,,Sub,
method_533,AddSupport,,Sub,
method_534,AddSupportAtBound,,Sub,
method_535,AddSupportForBody,,Sub,
method_536,AddSupportFromAnalysisEntity,,Sub,
method_537,AddSupportFromBody,,Sub,
method_538,AddSupportFromConstraint,,Sub,
method_539,AddSupportFromConstraint,,Sub,
method_540,AddSupportFromConstraint,,Sub,
method_541,AddSupportFromConstraint,,Sub,
method_542,AddSupportFromPart,,Sub,
method_543,AddSupportFromPart,,Sub,
method_544,AddSupportFromProduct,,Sub,
method_545,AddSupportFromProduct,,Sub,
method_546,AddSupportFromProduct,,Sub,
method_547,AddSupportFromProduct,,Sub,
method_548,AddSupportFromProduct,,Sub,
method_549,AddSupportFromProduct,,Sub,
method_550,AddSupportFromProduct,,Sub,
method_551,AddSupportFromProduct,,Sub,
method_552,AddSupportFromPublication,,Sub,
method_553,AddSupportFromPublication,,Sub,
method_554,AddSupportFromPublication,,Sub,
method_555,AddSupportFromPublication,,Sub,
method_556,AddSupportFromPublication,,Sub,
method_557,AddSupportFromPublication,,Sub,
method_558,AddSupportFromPublication,,Sub,
method_559,AddSupportFromPublication,,Sub,
method_560,AddSupportFromPublication,,Sub,
method_561,AddSupportFromPublication,,Sub,
method_562,AddSupportFromPublication,,Sub,
method_563,AddSupportFromPublication,,Sub,
method_564,AddSupportFromPublication,,Sub,
method_565,AddSupportFromPublication,,Sub,
method_566,AddSupportFromReference,,Sub,
method_567,AddSupportFromReference,,Sub,
method_568,AddSupportFromReference,,Sub,
method_569,AddSupportFromReference,,Sub,
method_570,AddSupportFromReference,,Sub,
method_571,AddSupportFromReference,,Sub,
method_572,AddSupportFromReference,,Sub,
method_573,AddSupportFromReference,,Sub,
method_574,AddSupportFromReference,,Sub,
method_575,AddSupportFromReference,,Sub,
method_576,AddSupportFromReference,,Sub,
method_577,AddSupportFromReference,,Sub,
method_578,AddSupportFromReference,,Sub,
method_579,AddTempDependentFilmCoeffTable,,Sub,
method_580,AddTimeAmplitudeTable,,Sub,
method_581,AddTimeAmplitudeTable,,Sub,
method_582,AddToolChange,,Func,
method_583,AddToolChangeMultipleFeeds,,Func,
method_584,AddToolProfile,,Sub,
method_585,AddTriEltCst,,Func,
method_586,AddTrickyFace,,Sub,
method_587,AddURL,,Sub,
method_588,AddURL,,Sub,
method_589,AddUrl,,Sub,
method_590,AddUserNomenclature,,Func,
method_591,AddUserSurface,,Sub,
method_592,AddtoLogicalDataAttrList,,Sub,
method_593,AddtoTerminationAttrList,,Sub,
method_594,AdvancedView,,Sub,
method_595,AffectedComponentsCount,,Func,
method_596,AlignedWithReferenceView,,Sub,
method_597,AlignedWithReferenceView,,Sub,
method_598,AllLeaves,,Func,
method_599,AllPartsLoaded,,Func,
method_600,AppAddConnector,,Sub,
method_601,AppAddConnector,,Sub,
method_602,AppAddImage,,Sub,
method_603,AppAddZoneMember,,Sub,
method_604,AppBreak,,Func,
method_605,AppChooseGapPriority,,Sub,
method_606,AppCleanUpWhenApplicationEnds,,Sub,
method_607,AppConnect,,Func,
method_608,AppConnectBranch,,Func,
method_609,AppCreateCompRef,,Sub,
method_610,AppCreateCompRef,,Sub,
method_611,AppCreateComponentInst,,Func,
method_612,AppCreateConnection,,Sub,
method_613,AppCreateConnection,,Sub,
method_614,AppCreateGroup,,Sub,
method_615,AppCreateGroup,,Sub,
method_616,AppCreateLocalReference,,Func,
method_617,AppCreateLocalReference,,Func,
method_618,AppCreateRoute,,Sub,
method_619,AppCreateRoute,,Sub,
method_620,AppCreateRouteFromRef,,Sub,
method_621,AppCreateRouteFromRef,,Sub,
method_622,AppCreateRouteWithInfo,,Sub,
method_623,AppCreateZone,,Sub,
method_624,AppCreateZone,,Sub,
method_625,AppDisconnect,,Sub,
method_626,AppGetApplicationData,,Sub,
method_627,AppGetAssociatedConnectable,,Func,
method_628,AppGetComponentBaseClass,,Func,
method_629,AppGetConnectorColorByType,,Sub,
method_630,AppGetDefaultGRRName,,Sub,
method_631,AppGetDeleteWarning,,Sub,
method_632,AppGetFlowCapability,,Sub,
method_633,AppGetFlowReality,,Sub,
method_634,AppGetGroupBaseClass,,Sub,
method_635,AppGetLink,,Sub,
method_636,AppGetLinkedDocs,,Sub,
method_637,AppGetMasterDocument,,Sub,
method_638,AppGetMasterObject,,Func,
method_639,AppGetReferenceName,,Sub,
method_640,AppGetRouteBaseClass,,Sub,
method_641,AppGetScalingPriority,,Sub,
method_642,AppGetZoneBaseClass,,Sub,
method_643,AppInit,,Sub,
method_644,AppInitWhenApplicationStarts,,Sub,
method_645,AppIsCntrConnected,,Sub,
method_646,AppIsLinkable,,Sub,
method_647,AppIsOKToCreateImage,,Sub,
method_648,AppIsTargetOKForInsert,,Sub,
method_649,AppIsTargetOKForPlace,,Sub,
method_650,AppIsTargetOKForRoute,,Sub,
method_651,AppIsUpToDate,,Sub,
method_652,AppLink,,Sub,
method_653,AppLinkInit,,Sub,
method_654,AppListCompatibleTypes,,Func,
method_655,AppListConnectables,,Sub,
method_656,AppListConnectables,,Sub,
method_657,AppListConnections,,Func,
method_658,AppListConnectors,,Func,
method_659,AppListConnectors,,Func,
method_660,AppListGRRNames,,Func,
method_661,AppListImages,,Sub,
method_662,AppListNames,,Func,
method_663,AppListPotentialData,,Sub,
method_664,AppListValidCntrTypes,,Func,
method_665,AppListValidRouteTypes,,Func,
method_666,AppListZoneMembers,,Func,
method_667,AppLoadFeatFiles,,Sub,
method_668,AppOKToBranch,,Sub,
method_669,AppOKToBreak,,Sub,
method_670,AppOKToConcatenate,,Sub,
method_671,AppOKToFlipConnected,,Sub,
method_672,AppOKToFlipHorizontal,,Sub,
method_673,AppOKToFlipOnLine,,Sub,
method_674,AppOKToFlipVertical,,Sub,
method_675,AppOKToModifyPoints,,Sub,
method_676,AppOKToNoShowConnectedCntr,,Sub,
method_677,AppOKToPlaceInSpace,,Sub,
method_678,AppOKToReplace,,Sub,
method_679,AppOKToScale,,Sub,
method_680,AppOKToSlide,,Sub,
method_681,AppOKToUninsert,,Sub,
method_682,AppOkToDelete,,Sub,
method_683,AppOkToDeleteWithoutWarning,,Sub,
method_684,AppOpenLinkedDoc,,Sub,
method_685,AppPostBreakProcess,,Sub,
method_686,AppPostConcatenateProcess,,Sub,
method_687,AppPostFlipConnectedProcess,,Sub,
method_688,AppPostFlipHorizontalProcess,,Sub,
method_689,AppPostFlipOnLineProcess,,Sub,
method_690,AppPostFlipVerticalProcess,,Sub,
method_691,AppPostPlaceProcess,,Sub,
method_692,AppPostReplaceProcess,,Sub,
method_693,AppPostRouteProcess,,Sub,
method_694,AppPostSlideProcess,,Sub,
method_695,AppPostSwitchGraphicProcess,,Sub,
method_696,AppPostUninsertProcess,,Sub,
method_697,AppRemoveConnector,,Sub,
method_698,AppRemoveConnector,,Sub,
method_699,AppRemoveZoneMember,,Sub,
method_700,AppSetApplicationData,,Sub,
method_701,AppSetFlowCapability,,Sub,
method_702,AppSetFlowReality,,Sub,
method_703,AppSetReferenceName,,Sub,
method_704,AppShowCntr,,Sub,
method_705,AppUnLink,,Sub,
method_706,AppUpdate,,Sub,
method_707,Append,,Sub,
method_708,Append,,Func,
method_709,Append,,Sub,
method_710,Append,,Sub,
method_711,Append,,Sub,
method_712,Append,,Sub,
method_713,Append,,Sub,
method_714,Append,,Sub,
method_715,Append,,Sub,
method_716,Append,,Sub,
method_717,AppendAbsDatas,,Sub,
method_718,AppendConstraint,,Sub,
method_719,AppendDatas,,Sub,
method_720,AppendFederatedElement,,Sub,
method_721,AppendHybridShape,,Sub,
method_722,AppendHybridShape,,Sub,
method_723,AppendNewFaceToKeep,,Sub,
method_724,AppendNewPointAndParam,,Sub,
method_725,AppendOperation,,Func,
method_726,Apply,,Sub,
method_727,ApplyBreakoutTo,,Sub,
method_728,ApplyCorrectedBaseOffset,,Sub,
method_729,ApplyCorrectedToolOffset,,Sub,
method_730,ApplyMaterialOnBody,,Sub,
method_731,ApplyMaterialOnHybridBody,,Sub,
method_732,ApplyMaterialOnPart,,Sub,
method_733,ApplyMaterialOnProduct,,Sub,
method_734,ApplyMaterialOnUserMaterial,,Sub,
method_735,ApplyNominalBaseOffset,,Sub,
method_736,ApplyNominalToolOffset,,Sub,
method_737,ApplyPostureToManikin,,Sub,
method_738,ApplyReferencedGeomColor,,Sub,
method_739,ApplyReferencedInitColor,,Sub,
method_740,ApplyWorkMode,,Sub,
method_741,Arrange,,Sub,
method_742,AssignER,,Sub,
method_743,AssignERWithFTA,,Sub,
method_744,AssignFastenerToProcess,,Sub,
method_745,AssignFastenerToResource,,Sub,
method_746,AssignState,,Sub,
method_747,AssociateOutputCode,,Sub,
method_748,AssociatedRefFrame,,Func,
method_749,Attach,,Sub,
method_750,Attach,,Sub,
method_751,AttrName,,Func,
method_752,AttrValue,,Func,
method_753,BeginInstanceFactory,,Sub,
method_754,BeginInstantiate,,Sub,
method_755,BindAnalysis,,Sub,
method_756,Branch,,Sub,
method_757,Break,,Sub,
method_758,Break,,Sub,
method_759,BreakInheritance,,Sub,
method_760,BuildDocDBItemFromSmarTeamID,,Func,
method_761,BuildFileDBItemFromSmarTeamID,,Func,
method_762,BuildReport,,Sub,
method_763,CacheExport,,Sub,
method_764,CacheImport,,Sub,
method_765,Cancel,,Sub,
method_766,CaptureToFile,,Sub,
method_767,CellAsString,,Func,
method_768,ChangeFeatureName,,Sub,
method_769,ChangePartType,,Func,
method_770,Check,,Func,
method_771,CleanUp,,Sub,
method_772,CleanUp,,Sub,
method_773,CleanUp,,Sub,
method_774,CleanUp,,Sub,
method_775,CleanUp,,Sub,
method_776,CleanUp,,Sub,
method_777,Clear,,Sub,
method_778,ClearExclusionRegions,,Sub,
method_779,ClearExclusionRegions,,Sub,
method_780,ClearHandler,,Sub,
method_781,ClearHandler,,Sub,
method_782,ClearPinSupports,,Sub,
method_783,ClearSupports,,Sub,
method_784,ClearTieSupports,,Sub,
method_785,Close,,Sub,
method_786,Close,,Sub,
method_787,Close,,Sub,
method_788,CloseEdition,,Sub,
method_789,CloseStream,,Sub,
method_790,Collapse,,Sub,
method_791,Commit,,Sub,
method_792,CommitForUnits,,Sub,
method_793,CompletewithPolarStrategy,,Sub,
method_794,ComposeWith,,Func,
method_795,CompositeTolerance,,Func,
method_796,Compress,,Sub,
method_797,Compress,,Sub,
method_798,Compress2,,Sub,
method_799,Compute,,Sub,
method_800,Compute,,Sub,
method_801,Compute,,Sub,
method_802,Compute,,Sub,
method_803,Compute3DCut,,Sub,
method_804,Compute3DCutWithAReference,,Sub,
method_805,ComputeASilhouette,,Func,
method_806,ComputeASilhouetteWithAReference,,Func,
method_807,ComputeASweptVolume,,Func,
method_808,ComputeASweptVolumeFromReplay,,Func,
method_809,ComputeASweptVolumeFromSweptable,,Func,
method_810,ComputeAThickness,,Func,
method_811,ComputeAThicknessWithAReference,,Func,
method_812,ComputeAWrapping,,Func,
method_813,ComputeAWrappingWithAReference,,Func,
method_814,ComputeAnOffset,,Func,
method_815,ComputeAnOffsetFromVectors,,Func,
method_816,ComputeAnOffsetFromVectorsWithAReference,,Func,
method_817,ComputeAnOffsetWithAReference,,Func,
method_818,ComputeMerge,,Func,
method_819,ComputeMeshOnly,,Sub,
method_820,ComputeSimplification,,Func,
method_821,ComputeSimplificationWithAReference,,Func,
method_822,ComputeSweptVolumes,,Sub,
method_823,ComputeSweptVolumesFromReplay,,Sub,
method_824,ComputeSweptVolumesFromSweptable,,Sub,
method_825,ComputeThickness,,Func,
method_826,ComputeThicknessWithReference,,Func,
method_827,ComputeVibrationVolume,,Func,
method_828,ComputeVibrationVolumeFromTrack,,Func,
method_829,ComputeVibrationVolumeFromTrackWithAReference,,Func,
method_830,ComputeVibrationVolumeWithAReference,,Func,
method_831,Concatenate,,Sub,
method_832,Concatenate,,Sub,
method_833,ConcatenateKeepGRR2,,Sub,
method_834,ConcatenateKeepRoute2,,Sub,
method_835,ConcatenatePaths,,Func,
method_836,Connect,,Sub,
method_837,Connect,,Sub,
method_838,ConnectToPPRHub,,Sub,
method_839,Connections,,Func,
method_840,ControledRadius,,Func,
method_841,ConvertArrangementProductToProduct,,Func,
method_842,ConvertFromMKS,,Func,
method_843,ConvertFromStorageUnit,,Func,
method_844,ConvertNRLToXML,,Sub,
method_845,ConvertProductToArrangementProduct,,Func,
method_846,ConvertToMKS,,Func,
method_847,ConvertToStorageUnit,,Func,
method_848,ConvertXMLToNRL,,Sub,
method_849,Copy,,Sub,
method_850,Copy,,Func,
method_851,CopyFile,,Sub,
method_852,CopyFolder,,Sub,
method_853,CopyLinksTo,,Sub,
method_854,CopyRenderingDataFrom,,Sub,
method_855,CopyTagGroup,,Sub,
method_856,Correct,,Sub,
method_857,Count,,Func,
method_858,CountActiveLights,,Func,
method_859,CountByAssignmentType,,Func,
method_860,CountExplicit,,Func,
method_861,CountExtract,,Func,
method_862,CountInvert,,Func,
method_863,CountObject,,Func,
method_864,CountObject,,Func,
method_865,Create,,Func,
method_866,Create,,Func,
method_867,Create,,Func,
method_868,Create,,Func,
method_869,Create,,Func,
method_870,Create,,Func,
method_871,Create2DAppZone,,Func,
method_872,Create2DLayout,,Func,
method_873,CreateAfterOperation,,Sub,
method_874,CreateAllMachinableAreaFeaturesFromTechResultsOfUDF,,Sub,
method_875,CreateAnalysisData,,Func,
method_876,CreateAutoWalk,,Func,
method_877,CreateAutoWalk,,Func,
method_878,CreateBoard,,Func,
method_879,CreateBoolean,,Func,
method_880,CreateCallTask,,Sub,
method_881,CreateCapture,,Func,
method_882,CreateCatalogFromLibrary,,Sub,
method_883,CreateCatalogFromcsv,,Sub,
method_884,CreateChapterFromDesignTable,,Sub,
method_885,CreateCheck,,Func,
method_886,CreateCheck,,Func,
method_887,CreateChild,,Func,
method_888,CreateCircle,,Func,
method_889,CreateClosedCircle,,Func,
method_890,CreateClosedEllipse,,Func,
method_891,CreateCollisionFreeWalkBwdOnArrArea,,Func,
method_892,CreateCollisionFreeWalkBwdOnArrArea,,Func,
method_893,CreateCollisionFreeWalkBwdOnPlane,,Func,
method_894,CreateCollisionFreeWalkBwdOnPlane,,Func,
method_895,CreateCollisionFreeWalkFwdOnArrArea,,Func,
method_896,CreateCollisionFreeWalkFwdOnArrArea,,Func,
method_897,CreateCollisionFreeWalkFwdOnPlane,,Func,
method_898,CreateCollisionFreeWalkFwdOnPlane,,Func,
method_899,CreateComponent,,Func,
method_900,CreateComponentInst,,Sub,
method_901,CreateCompositesData,,Sub,
method_902,CreateConstraintsSatisfaction,,Func,
method_903,CreateControlPoint,,Func,
method_904,CreateCutback,,Func,
method_905,CreateDatum,,Func,
method_906,CreateDatumReferenceFrame,,Func,
method_907,CreateDatumTarget,,Func,
method_908,CreateDesignTable,,Func,
method_909,CreateDimension,,Func,
method_910,CreateDocument,,Sub,
method_911,CreateEllipse,,Func,
method_912,CreateEvoluateDatum,,Func,
method_913,CreateEvoluateText,,Func,
method_914,CreateFile,,Func,
method_915,CreateFilter,,Sub,
method_916,CreateFlagNote,,Func,
method_917,CreateFolder,,Func,
method_918,CreateFormula,,Func,
method_919,CreateGRRCntr,,Func,
method_920,CreateGRRGroup,,Func,
method_921,CreateGRRRoute,,Sub,
method_922,CreateGRRRouteEllipse,,Sub,
method_923,CreateGRRZone,,Func,
method_924,CreateGenericAccuracyProfile,,Sub,
method_925,CreateGenericAction,,Func,
method_926,CreateGenericMotionProfile,,Sub,
method_927,CreateGenericObjFrameProfile,,Sub,
method_928,CreateGenericToolProfile,,Sub,
method_929,CreateGroup,,Func,
method_930,CreateHorizontalDesignTable,,Func,
method_931,CreateHumanActivityGroup,,Func,
method_932,CreateHumanCallTask,,Func,
method_933,CreateHumanTask,,Func,
method_934,CreateHyperbola,,Func,
method_935,CreateInteger,,Func,
method_936,CreateIntersection,,Func,
method_937,CreateIntersections,,Func,
method_938,CreateLaw,,Func,
method_939,CreateLine,,Func,
method_940,CreateLineFromVector,,Func,
method_941,CreateLink,,Sub,
method_942,CreateList,,Func,
method_943,CreateListOfBSTRs,,Func,
method_944,CreateListOfBSTRs,,Func,
method_945,CreateListOfDoubles,,Func,
method_946,CreateListOfDoubles,,Func,
method_947,CreateListOfLongs,,Func,
method_948,CreateListOfLongs,,Func,
method_949,CreateListOfObjects,,Func,
method_950,CreateListOfObjects,,Func,
method_951,CreateLoadParameters,,Func,
method_952,CreateLocalReference,,Func,
method_953,CreateMOfromReport,,Func,
method_954,CreateMachine,,Func,
method_955,CreateMfgAssembly,,Func,
method_956,CreateMoveToPosture,,Func,
method_957,CreateMoveToPosture,,Func,
method_958,CreateNetwork,,Func,
method_959,CreateNonSemanticDimension,,Func,
method_960,CreateOperation,,Sub,
method_961,CreateOptimization,,Func,
method_962,CreatePanel,,Func,
method_963,CreateParabola,,Func,
method_964,CreatePick,,Func,
method_965,CreatePick,,Func,
method_966,CreatePlace,,Func,
method_967,CreatePlace,,Func,
method_968,CreatePoint,,Func,
method_969,CreatePosition,,Func,
method_970,CreateProfileInstance,,Sub,
method_971,CreateProgram,,Func,
method_972,CreateProjection,,Func,
method_973,CreateProjections,,Func,
method_974,CreateProxy,,Func,
method_975,CreateReal,,Func,
method_976,CreateReferenceFromBRepName,,Func,
method_977,CreateReferenceFromGeometry,,Func,
method_978,CreateReferenceFromName,,Func,
method_979,CreateReferenceFromName,,Func,
method_980,CreateReferenceFromName,,Func,
method_981,CreateReferenceFromObject,,Func,
method_982,CreateReferenceFromObject,,Func,
method_983,CreateRenderingData,,Func,
method_984,CreateRobotMotion,,Sub,
method_985,CreateRobotTask,,Sub,
method_986,CreateRoughness,,Func,
method_987,CreateRouteAndConnectToObjects,,Sub,
method_988,CreateRouteSymbol,,Sub,
method_989,CreateRule,,Func,
method_990,CreateRuleBase,,Func,
method_991,CreateRuleSet,,Func,
method_992,CreateSchCompGroup,,Func,
method_993,CreateSchComponent,,Func,
method_994,CreateSchRouteByPoints,,Sub,
method_995,CreateSchRouteByPrim,,Func,
method_996,CreateSchZone,,Func,
method_997,CreateSelectionSet,,Sub,
method_998,CreateSemanticDimension,,Func,
method_999,CreateSendTo,,Func,
method_1000,CreateSet,,Func,
method_1001,CreateSetOfEquations,,Func,
method_1002,CreateSetOfParameters,,Sub,
method_1003,CreateSetOfRelations,,Sub,
method_1004,CreateShopOrder,,Sub,
method_1005,CreateShopOrder2,,Sub,
method_1006,CreateShot,,Func,
method_1007,CreateSideStepOnArrArea,,Func,
method_1008,CreateSideStepOnArrArea,,Func,
method_1009,CreateSideStepOnPlane,,Func,
method_1010,CreateSideStepOnPlane,,Func,
method_1011,CreateSpecificShot,,Func,
method_1012,CreateSpline,,Func,
method_1013,CreateStandardThreadDesignTable,,Sub,
method_1014,CreateStandardThreadDesignTable,,Sub,
method_1015,CreateState,,Func,
method_1016,CreateString,,Func,
method_1017,CreateTag,,Sub,
method_1018,CreateTag,,Sub,
method_1019,CreateTag,,Sub,
method_1020,CreateTagGroup,,Sub,
method_1021,CreateTagGroupInDoc,,Sub,
method_1022,CreateTagWithReference,,Sub,
method_1023,CreateText,,Func,
method_1024,CreateTextNOA,,Func,
method_1025,CreateTextOnAnnot,,Func,
method_1026,CreateToleranceWithDRF,,Func,
method_1027,CreateToleranceWithoutDRF,,Func,
method_1028,CreateUserStandardDesignTable,,Sub,
method_1029,CreateUserStandardDesignTable,,Sub,
method_1030,CreateView,,Func,
method_1031,CreateWalkBwdOnArrArea,,Func,
method_1032,CreateWalkBwdOnArrArea,,Func,
method_1033,CreateWalkBwdOnPlane,,Func,
method_1034,CreateWalkBwdOnPlane,,Func,
method_1035,CreateWalkFwdOnArrArea,,Func,
method_1036,CreateWalkFwdOnArrArea,,Func,
method_1037,CreateWalkFwdOnPlane,,Func,
method_1038,CreateWalkFwdOnPlane,,Func,
method_1039,CurveFasteners,,Sub,
method_1040,Cut,,Sub,
method_1041,create_pcbhole,,Sub,
method_1042,create_pcbpattern,,Sub,
method_1043,create_zone,,Sub,
method_1044,DatumSimple,,Func,
method_1045,DatumTarget,,Func,
method_1046,Deactivate,,Sub,
method_1047,Deactivate,,Sub,
method_1048,Deactivate,,Sub,
method_1049,Deactivate,,Sub,
method_1050,Deactivate,,Sub,
method_1051,DeactivatePoint,,Sub,
method_1052,DecrementTabulation,,Sub,
method_1053,Deduce,,Sub,
method_1054,DefaultAnnotation,,Func,
method_1055,DefaultName,,Func,
method_1056,DefineAuxiliaryView,,Sub,
method_1057,DefineBox3DView,,Sub,
method_1058,DefineBreakout,,Sub,
method_1059,DefineBrokenView,,Sub,
method_1060,DefineCircularClippingView,,Sub,
method_1061,DefineCircularDetailView,,Sub,
method_1062,DefineCircularExactClippingView,,Sub,
method_1063,DefineFrontView,,Sub,
method_1064,DefineIsometricView,,Sub,
method_1065,DefinePolygonalClippingView,,Sub,
method_1066,DefinePolygonalDetailView,,Sub,
method_1067,DefinePolygonalExactClippingView,,Sub,
method_1068,DefineProjectionView,,Sub,
method_1069,DefineSectionView,,Sub,
method_1070,DefineStandAloneSection,,Sub,
method_1071,DefineTPSSectionView,,Sub,
method_1072,DefineUnfoldedView,,Sub,
method_1073,Delete,,Sub,
method_1074,Delete,,Sub,
method_1075,Delete,,Sub,
method_1076,Delete,,Sub,
method_1077,Delete,,Sub,
method_1078,Delete,,Sub,
method_1079,Delete,,Sub,
method_1080,DeleteCompartment,,Sub,
method_1081,DeleteFile,,Sub,
method_1082,DeleteFolder,,Sub,
method_1083,DeleteGroup,,Sub,
method_1084,DeleteLogicalLine,,Sub,
method_1085,DeleteObject,,Sub,
method_1086,DeleteObjectForDatum,,Sub,
method_1087,DeleteOperations,,Sub,
method_1088,DeletePart,,Sub,
method_1089,DeleteProfileInstance,,Sub,
method_1090,DeleteRemoveFace,,Sub,
method_1091,DeleteRobotTask,,Sub,
method_1092,DeleteSelectionSet,,Sub,
method_1093,DeleteState,,Sub,
method_1094,DeleteTag,,Sub,
method_1095,DeleteTagGroup,,Sub,
method_1096,DesactivateDefaultShape,,Sub,
method_1097,DesactivatePosition,,Sub,
method_1098,DesactivateShape,,Sub,
method_1099,DesignGeometriesCount,,Func,
method_1100,Detach,,Sub,
method_1101,DetachFrom,,Sub,
method_1102,Dimension3D,,Func,
method_1103,DimensionLimit,,Func,
method_1104,DimensionPattern,,Func,
method_1105,DirectionSpecification,,Func,
method_1106,Disconnect,,Sub,
method_1107,Disconnect,,Sub,
method_1108,DisplayCapture,,Sub,
method_1109,DisplayCapture2,,Sub,
method_1110,Done,,Sub,
method_1111,DownloadAsXML,,Sub,
method_1112,DownloadTasks,,Sub,
method_1113,Elem,,Func,
method_1114,Elem,,Func,
method_1115,Elem,,Func,
method_1116,Elem,,Func,
method_1117,Elem,,Func,
method_1118,Elem,,Func,
method_1119,Elem,,Func,
method_1120,EndBlock,,Sub,
method_1121,EndInstanceFactory,,Sub,
method_1122,EndInstantiate,,Sub,
method_1123,EndLine,,Sub,
method_1124,EnvelopCondition,,Func,
method_1125,Environ,,Func,
method_1126,Evaluate,,Sub,
method_1127,Evaluate,,Func,
method_1128,ExecuteBackgroundProcessus,,Func,
method_1129,ExecuteProcessus,,Func,
method_1130,ExecuteScript,,Func,
method_1131,ExistAnalysisData,,Func,
method_1132,ExistCompositesData,,Func,
method_1133,ExistRenderingData,,Func,
method_1134,ExistsInScene,,Func,
method_1135,Explode,,Sub,
method_1136,ExplodeAndSelect,,Sub,
method_1137,Export,,Sub,
method_1138,Export,,Func,
method_1139,Export,,Func,
method_1140,Export,,Sub,
method_1141,Export,,Sub,
method_1142,ExportData,,Sub,
method_1143,ExportData,,Sub,
method_1144,ExportDataInGlobalAxis,,Sub,
method_1145,ExportDataInManualAxis,,Sub,
method_1146,ExportDataInUserAxis,,Sub,
method_1147,ExportDataWithMeshPartId,,Sub,
method_1148,ExportProperties,,Sub,
method_1149,ExposeCompRef,,Sub,
method_1150,ExposeCompRefInSheet,,Sub,
method_1151,ExtendProductAsFoundation,,Func,
method_1152,ExtractBOM,,Sub,
method_1153,ExtractHTMLReport,,Sub,
method_1154,FailItem,,Func,
method_1155,FastenerGroups,,Sub,
method_1156,Field,,Func,
method_1157,FileExists,,Func,
method_1158,FileSelectionBox,,Func,
method_1159,FillSelWithExtract,,Sub,
method_1160,FillSelWithInvert,,Sub,
method_1161,FilterCorrespondence,,Func,
method_1162,FindInterface,,Func,
method_1163,FindInterface,,Func,
method_1164,FindObject,,Func,
method_1165,FindObjectByName,,Func,
method_1166,FindObsoleteClasses,,Func,
method_1167,FindPaths,,Func,
method_1168,Fingerprint,,Func,
method_1169,FirstLink,,Func,
method_1170,FitAllInWall,,Sub,
method_1171,FixtureGeometriesCount,,Func,
method_1172,FlagNote,,Func,
method_1173,Flip,,Sub,
method_1174,Flip,,Sub,
method_1175,FlipConnected,,Sub,
method_1176,FlipHorizontal,,Sub,
method_1177,FlipOnLine,,Sub,
method_1178,FlipOverLine,,Sub,
method_1179,FlipOverLine,,Sub,
method_1180,FlipOverOrthogonalLine,,Sub,
method_1181,FlipOverOrthogonalLine,,Sub,
method_1182,FlipVertical,,Sub,
method_1183,Flush,,Sub,
method_1184,FolderExists,,Func,
method_1185,ForceUpdate,,Sub,
method_1186,ForceUpdate,,Sub,
method_1187,Frame,,Sub,
method_1188,Free,,Sub,
method_1189,FreeState,,Func,
method_1190,GSMVisibility,,Sub,
method_1191,GenAndPutID,,Func,
method_1192,GenAndPutIDNoGenSeqNum,,Func,
method_1193,GenIDNoGenSeqNum,,Func,
method_1194,Generate,,Func,
method_1195,Generate,,Sub,
method_1196,GenerateBOMReport,,Sub,
method_1197,GenerateDimensions,,Sub,
method_1198,GenerateInAProductCtx,,Func,
method_1199,GenerateInContext,,Sub,
method_1200,GenerateOutputCode,,Sub,
method_1201,GenerateReport,,Sub,
method_1202,GenerateReport,,Func,
method_1203,GenerateXMLReportForChecks,,Sub,
method_1204,Get2dAnnot,,Func,
method_1205,Get2dAnnot,,Func,
method_1206,Get3DTextureColor,,Sub,
method_1207,Get3DTextureColorCoefficient,,Sub,
method_1208,Get3DTextureOrientation,,Sub,
method_1209,Get3DTexturePosition,,Sub,
method_1210,Get3DTextureScale,,Sub,
method_1211,GetAGeometricAttribute,,Func,
method_1212,GetAGeometricAttribute,,Func,
method_1213,GetAPTCode,,Sub,
method_1214,GetASNavigationModeInfo,,Func,
method_1215,GetASStepSizeInfo,,Func,
method_1216,GetAbsDatas,,Sub,
method_1217,GetAbsoluteAxisData,,Sub,
method_1218,GetAccelColorInfo,,Func,
method_1219,GetAccelLimitInfo,,Func,
method_1220,GetAccelerationValue,,Sub,
method_1221,GetAccuracyProfile,,Sub,
method_1222,GetAccuracyProfile,,Sub,
method_1223,GetAccuracyProfileCount,,Sub,
method_1224,GetAccuracyProfiles,,Sub,
method_1225,GetAccuracyType,,Sub,
method_1226,GetAccuracyValue,,Sub,
method_1227,GetAccuratePickingModeInfo,,Func,
method_1228,GetAccuratePickingWindowSizeInfo,,Func,
method_1229,GetActions,,Sub,
method_1230,GetActivate2DModeInfo,,Sub,
method_1231,GetActivationModeInfo,,Func,
method_1232,GetActivationStateInfo,,Func,
method_1233,GetActivationStateInfo,,Func,
method_1234,GetActiveLight,,Func,
method_1235,GetActiveShapeName,,Func,
method_1236,GetActiveTask,,Sub,
method_1237,GetActivities,,Func,
method_1238,GetAdditionalSymbol,,Func,
method_1239,GetAffiche_AttributInfo,,Func,
method_1240,GetAlignVector,,Sub,
method_1241,GetAlignmentConnector,,Func,
method_1242,GetAlignmentDirection,,Func,
method_1243,GetAlignmentVector,,Func,
method_1244,GetAllChecksReportInfo,,Func,
method_1245,GetAllJointsSpeedInfo,,Func,
method_1246,GetAllOperations,,Sub,
method_1247,GetAllProfileInstances,,Sub,
method_1248,GetAllResourceFilterInfo,,Func,
method_1249,GetAllRobotTasks,,Sub,
method_1250,GetAllShapesNames,,Sub,
method_1251,GetAllTags,,Sub,
method_1252,GetAllTasks,,Sub,
method_1253,GetAllZBufferElementModeInfo,,Func,
method_1254,GetAllowDistortionsInfo,,Func,
method_1255,GetAlphabeticOrderInfo,,Func,
method_1256,GetAlsoDeleteExclusiveParentsInfo,,Func,
method_1257,GetAlternateStyle,,Sub,
method_1258,GetAlternateViewInfo,,Func,
method_1259,GetAmbientActivationInfo,,Func,
method_1260,GetAmbientColor,,Sub,
method_1261,GetAnAttribute,,Func,
method_1262,GetAnAttribute,,Func,
method_1263,GetAnalysisCacheModeInfo,,Func,
method_1264,GetAnalysisDisplayModeInfo,,Func,
method_1265,GetAnalysisLevelInfo,,Func,
method_1266,GetAnalysisLoadModeInfo,,Func,
method_1267,GetAnalysisNamingAutoInfo,,Func,
method_1268,GetAngle,,Func,
method_1269,GetAngle,,Sub,
method_1270,GetAngleBetween,,Func,
method_1271,GetAngleInfo,,Func,
method_1272,GetAngleLawTypes,,Sub,
method_1273,GetAngleLimitInfo,,Func,
method_1274,GetAngleMaxToleranceInfo,,Func,
method_1275,GetAngleMinToleranceInfo,,Func,
method_1276,GetAngleRef,,Func,
method_1277,GetAngleStepInfo,,Func,
method_1278,GetAngulaireGeneralTolClassInfo,,Func,
method_1279,GetAngularAccelerationValue,,Sub,
method_1280,GetAngularLaw,,Sub,
method_1281,GetAngularSpeedValue,,Sub,
method_1282,GetAngularThreshold,,Func,
method_1283,GetAngularThresholdActivity,,Func,
method_1284,GetAngularTolerance,,Func,
method_1285,GetAngularToleranceMode,,Func,
method_1286,GetAnimationInfo,,Func,
method_1287,GetAnlAccelLimitInfo,,Func,
method_1288,GetAnlCautionZoneInfo,,Func,
method_1289,GetAnlIOAnalysisInfo,,Func,
method_1290,GetAnlIntDistInfo,,Func,
method_1291,GetAnlIntfInfo,,Func,
method_1292,GetAnlLinAccelLimitInfo,,Func,
method_1293,GetAnlLinSpeedLimitInfo,,Func,
method_1294,GetAnlMeasureInfo,,Func,
method_1295,GetAnlRotAccelLimitInfo,,Func,
method_1296,GetAnlRotSpeedLimitInfo,,Func,
method_1297,GetAnlTravelLimitInfo,,Func,
method_1298,GetAnlVelocityLimitInfo,,Func,
method_1299,GetAnnotDimInvalidColor,,Sub,
method_1300,GetAnnotDimInvalidColorInfo,,Sub,
method_1301,GetAnnotDimInvalidInfo,,Func,
method_1302,GetAnnotDimOnDeletedGeomColor,,Sub,
method_1303,GetAnnotDimOnDeletedGeomColorInfo,,Sub,
method_1304,GetAnnotDimOnDeletedGeomInfo,,Func,
method_1305,GetAnnotDimOnUnloadedGeomColor,,Sub,
method_1306,GetAnnotDimOnUnloadedGeomColorInfo,,Sub,
method_1307,GetAnnotDimOnUnloadedGeomInfo,,Func,
method_1308,GetAnnotOnZeroZSettingInfo,,Func,
method_1309,GetAnnotatedViewInfo,,Func,
method_1310,GetAnnotation3DInfo,,Func,
method_1311,GetAnnotation3DModeInfo,,Func,
method_1312,GetAntiAliasingModeInfo,,Func,
method_1313,GetAntiAliasingOffsetInfo,,Func,
method_1314,GetApplObjFactFromVirtualType,,Func,
method_1315,GetApplication,,Func,
method_1316,GetApplicationObjectFactory,,Func,
method_1317,GetApplicativeDataFilterInfo,,Func,
method_1318,GetAppliedUnitSymbol,,Sub,
method_1319,GetApplyJoinInfo,,Func,
method_1320,GetApplyLabelEffToAltChildInfo,,Func,
method_1321,GetArcSelectionActivationInfo,,Func,
method_1322,GetArea,,Sub,
method_1323,GetAskAnlModeInfo,,Func,
method_1324,GetAssignedER,,Sub,
method_1325,GetAssignedViewerInfo,,Func,
method_1326,GetAsso_modeInfo,,Func,
method_1327,GetAssociatedConnectable,,Func,
method_1328,GetAssociatedTPS,,Func,
method_1329,GetAssociatedTPSCount,,Func,
method_1330,GetAssociatedToolTip,,Sub,
method_1331,GetAthAnnotationInfo,,Func,
method_1332,GetAthDisableSimInfo,,Func,
method_1333,GetAthEndConditionInfo,,Func,
method_1334,GetAthHyperlinkInfo,,Func,
method_1335,GetAthSelAgentDlgInfo,,Func,
method_1336,GetAthStateMgtInfo,,Func,
method_1337,GetAthTextMsgInfo,,Func,
method_1338,GetAthViewpointInfo,,Func,
method_1339,GetAtomicActivities,,Sub,
method_1340,GetAttAPInfo,,Func,
method_1341,GetAttASMGVPInfo,,Func,
method_1342,GetAttASMInfo,,Func,
method_1343,GetAttAngleDefFitingInfo,,Func,
method_1344,GetAttAnnotationInfo,,Func,
method_1345,GetAttFittingInfo,,Func,
method_1346,GetAttGVPCOPSInfo,,Func,
method_1347,GetAttGVPCOPSSAGInfo,,Func,
method_1348,GetAttGVPCOPSTolInfo,,Func,
method_1349,GetAttGVPCdGInfo,,Func,
method_1350,GetAttGVPInfo,,Func,
method_1351,GetAttGVPVAInfo,,Func,
method_1352,GetAttGroupModeInfo,,Func,
method_1353,GetAttHeaderAuthorInfo,,Func,
method_1354,GetAttHeaderAuthorisationInfo,,Func,
method_1355,GetAttHeaderDescriptionInfo,,Func,
method_1356,GetAttHeaderOrganisationInfo,,Func,
method_1357,GetAttIASMInfo,,Func,
method_1358,GetAttLayersFiltersInfo,,Func,
method_1359,GetAttMultiCADInfo,,Func,
method_1360,GetAttOptimizeC2Info,,Func,
method_1361,GetAttReportInfo,,Func,
method_1362,GetAttShowInfo,,Func,
method_1363,GetAttTolDefOptFitInfo,,Func,
method_1364,GetAttUnitsInfo,,Func,
method_1365,GetAttachedOwner,,Func,
method_1366,GetAttachedOwner,,Func,
method_1367,GetAttachmentFactory,,Sub,
method_1368,GetAttribute,,Func,
method_1369,GetAttribute,,Func,
method_1370,GetAttribute,,Func,
method_1371,GetAttribute,,Func,
method_1372,GetAttribute,,Func,
method_1373,GetAttribute,,Func,
method_1374,GetAttribute,,Func,
method_1375,GetAttributeNLSName,,Func,
method_1376,GetAttributeNLSName,,Func,
method_1377,GetAttributeNLSName,,Func,
method_1378,GetAttributeNLSName,,Func,
method_1379,GetAttributeNLSName,,Func,
method_1380,GetAttributeValue,,Sub,
method_1381,GetAttributeValueReal,,Sub,
method_1382,GetAttributeValueString,,Sub,
method_1383,GetAttributesFilterInfo,,Func,
method_1384,GetAuthorNameInfo,,Func,
method_1385,GetAuthorOrganizationInfo,,Func,
method_1386,GetAutoCCPInfo,,Func,
method_1387,GetAutoExpandActivationInfo,,Func,
method_1388,GetAutoLoadMfgCtxInfo,,Func,
method_1389,GetAutoLoadSrvMfgCtxInfo,,Func,
method_1390,GetAutoLoadVolCtxInfo,,Func,
method_1391,GetAutoPreviewModeInfo,,Func,
method_1392,GetAutoReframeFilterInfo,,Func,
method_1393,GetAutoSaveInfo,,Func,
method_1394,GetAutoScrollActivationInfo,,Func,
method_1395,GetAutoSwitchToDesignModeInfo,,Func,
method_1396,GetAutoUpdateModeInfo,,Func,
method_1397,GetAutoWalkActColorInfo,,Func,
method_1398,GetAutoWalkActLineTypeInfo,,Func,
method_1399,GetAutoWalkActLineWeightInfo,,Func,
method_1400,GetAuxAttribute,,Sub,
method_1401,GetAuxAttributeNum,,Sub,
method_1402,GetAuxAxesValues,,Sub,
method_1403,GetAuxiliaryDrillViewerInfo,,Func,
method_1404,GetAuxillaryAxisHome,,Sub,
method_1405,GetAuxillaryAxisValues,,Sub,
method_1406,GetAxis,,Sub,
method_1407,GetAxis,,Sub,
method_1408,GetAxis,,Sub,
method_1409,GetAxis,,Sub,
method_1410,GetAxisSystem,,Sub,
method_1411,GetAxisSystemSizeInfo,,Func,
method_1412,GetAxisSysteme,,Sub,
method_1413,GetBKTAccessRightsInfo,,Func,
method_1414,GetBKTBehaviorOperationMessageInfo,,Func,
method_1415,GetBKTSpecificationTreeInfo,,Func,
method_1416,GetBackClippingPlaneInfo,,Sub,
method_1417,GetBackFaceCullingMode,,Func,
method_1418,GetBackFaceCullingModeInfo,,Func,
method_1419,GetBackgroundColor,,Sub,
method_1420,GetBackgroundImageModeInfo,,Func,
method_1421,GetBackgroundRGB,,Func,
method_1422,GetBackgroundRGBInfo,,Func,
method_1423,GetBaultText,,Sub,
method_1424,GetBeepModeInfo,,Func,
method_1425,GetBendData,,Func,
method_1426,GetBestCntrForRoute,,Sub,
method_1427,GetBestFitInsertInfo,,Sub,
method_1428,GetBestFitPlaceInfo,,Sub,
method_1429,GetBodiesUnderOperationsInTreeInfo,,Func,
method_1430,GetBodyHideInCaptureInfo,,Func,
method_1431,GetBodyToHeal,,Func,
method_1432,GetBooleanAttribute,,Func,
method_1433,GetBorderEdgesModeInfo,,Func,
method_1434,GetBorderEdgesRGB,,Func,
method_1435,GetBorderEdgesRGBInfo,,Func,
method_1436,GetBorderEdgesThicknessInfo,,Func,
method_1437,GetBorderMode,,Func,
method_1438,GetBoundAtPosition,,Func,
method_1439,GetBoundPosition,,Func,
method_1440,GetBoundSize,,Func,
method_1441,GetBoundaries2DLColor,,Sub,
method_1442,GetBoundaries2DLColorInfo,,Sub,
method_1443,GetBoundaries2DLDisplayInfo,,Sub,
method_1444,GetBoundaries2DLLineTypeInfo,,Sub,
method_1445,GetBoundaries2DLThicknessInfo,,Sub,
method_1446,GetBoundary,,Func,
method_1447,GetBoundary,,Func,
method_1448,GetBoundary,,Func,
method_1449,GetBoundaryBox,,Sub,
method_1450,GetBoundaryContinuity,,Func,
method_1451,GetBoundaryPoints,,Sub,
method_1452,GetBoundingBoxSelectionModeInfo,,Func,
method_1453,GetBoxDisplayInfo,,Func,
method_1454,GetBranchIDs,,Func,
method_1455,GetCATFTAChamferGeneralTolClassInfo,,Func,
method_1456,GetCATFTAEdgesColor,,Sub,
method_1457,GetCATFTAEdgesColorInfo,,Sub,
method_1458,GetCATFTAEdgesLineTypeInfo,,Sub,
method_1459,GetCATFTAEdgesThicknessInfo,,Sub,
method_1460,GetCATFTAUFAutoTolerancingInfo,,Sub,
method_1461,GetCATFTAUseLastTolerancesInfo,,Func,
method_1462,GetCOG,,Sub,
method_1463,GetCOGPosition,,Sub,
method_1464,GetCacheMaxSizeMoInfo,,Func,
method_1465,GetCalibReferenceFile,,Sub,
method_1466,GetCalloutCreationDialogBoxInfo,,Sub,
method_1467,GetCartesianTarget,,Sub,
method_1468,GetCautionColorInfo,,Func,
method_1469,GetCautionZoneInfo,,Func,
method_1470,GetCellAlignment,,Func,
method_1471,GetCellBorderType,,Func,
method_1472,GetCellName,,Func,
method_1473,GetCellObject,,Func,
method_1474,GetCellString,,Func,
method_1475,GetCellsMerge,,Sub,
method_1476,GetCenter,,Sub,
method_1477,GetCenter,,Sub,
method_1478,GetCenter,,Sub,
method_1479,GetCenter,,Sub,
method_1480,GetCenter,,Sub,
method_1481,GetCenter,,Sub,
method_1482,GetCenterOfGravity,,Sub,
method_1483,GetCentroid,,Sub,
method_1484,GetCheckReportHtmlInfo,,Func,
method_1485,GetChild,,Sub,
method_1486,GetChildMA,,Sub,
method_1487,GetChildren,,Func,
method_1488,GetChoiceNbSurfaces,,Sub,
method_1489,GetChoiceNo,,Sub,
method_1490,GetChoiceNo,,Sub,
method_1491,GetClashModeInfo,,Func,
method_1492,GetClashSoundInfo,,Func,
method_1493,GetClashWhileMovingInfo,,Func,
method_1494,GetCleanTolCheckInfo,,Func,
method_1495,GetCleanTolValueInfo,,Func,
method_1496,GetClearanceVoxelInfo,,Func,
method_1497,GetClip,,Sub,
method_1498,GetClippingFrameInfo,,Sub,
method_1499,GetClippingFrameReframeOnModeInfo,,Func,
method_1500,GetClippingModeInfo,,Func,
method_1501,GetClippingViewOutlineColor,,Sub,
method_1502,GetClippingViewOutlineColorInfo,,Sub,
method_1503,GetClippingViewOutlineLinetypeInfo,,Sub,
method_1504,GetClippingViewOutlineThicknessInfo,,Sub,
method_1505,GetClosingPoint,,Func,
method_1506,GetClosure,,Func,
method_1507,GetCode_pageInfo,,Func,
method_1508,GetCode_page_DestInfo,,Func,
method_1509,GetCollWalkClearanceInfo,,Func,
method_1510,GetCollapseExpandFilterInfo,,Func,
method_1511,GetCollisionSearchIntensityInfo,,Func,
method_1512,GetColor,,Sub,
method_1513,GetColor,,Sub,
method_1514,GetColorBackgroundModeInfo,,Func,
method_1515,GetColorSynchronizationEditabilityInfo,,Func,
method_1516,GetColorSynchronizationModeInfo,,Func,
method_1517,GetColumnSize,,Func,
method_1518,GetColumnsNumber,,Func,
method_1519,GetCommandValues,,Sub,
method_1520,GetCompGroupFromCatalog,,Func,
method_1521,GetCompSymbolFromCatalog,,Func,
method_1522,GetCompanionPathInfo,,Func,
method_1523,GetCompartment,,Func,
method_1524,GetCompassPosInfo,,Func,
method_1525,GetCompatiblePartTypes,,Func,
method_1526,GetComplementaryExtractMulti,,Func,
method_1527,GetComponents,,Sub,
method_1528,GetComponents,,Func,
method_1529,GetCompute3DCut,,Func,
method_1530,GetCompute3DCutWithAReference,,Func,
method_1531,GetConferencingInfo,,Func,
method_1532,GetConfig,,Sub,
method_1533,GetConfig,,Sub,
method_1534,GetConnectorByName,,Func,
method_1535,GetConnectorMathPlane,,Func,
method_1536,GetConnex,,Func,
method_1537,GetConstraint,,Func,
method_1538,GetConstraintAtPosition,,Func,
method_1539,GetConstraintCreationModeInfo,,Func,
method_1540,GetConstraintElement,,Func,
method_1541,GetConstraintElement,,Func,
method_1542,GetConstraintType,,Func,
method_1543,GetConstraintVisuLocation,,Sub,
method_1544,GetConstraintsInGeometryInfo,,Func,
method_1545,GetConstraintsNodeInTreeInfo,,Func,
method_1546,GetConstraintsSimulInfo,,Func,
method_1547,GetConstraintsSize,,Func,
method_1548,GetContextualFeaturesSelectableAtCreationInfo,,Func,
method_1549,GetContinuity,,Func,
method_1550,GetContourSide,,Func,
method_1551,GetControlPoints,,Sub,
method_1552,GetController,,Sub,
method_1553,GetController,,Sub,
method_1554,GetController,,Sub,
method_1555,GetController,,Sub,
method_1556,GetConversionTechnologyInfo,,Func,
method_1557,GetConversion_TableInfo,,Func,
method_1558,GetCoordinates,,Sub,
method_1559,GetCoordinates,,Sub,
method_1560,GetCoordinates,,Sub,
method_1561,GetCoordinates,,Sub,
method_1562,GetCoordinates,,Sub,
method_1563,GetCorrectedBaseOffset,,Sub,
method_1564,GetCorrectedToolOffset,,Sub,
method_1565,GetCorrector,,Func,
method_1566,GetCount,,Func,
method_1567,GetCreateAssociativeUseEdgesInfo,,Sub,
method_1568,GetCreateNewSheetFromInfo,,Func,
method_1569,GetCreationMode,,Func,
method_1570,GetCreationMode,,Func,
method_1571,GetCrvModInfo,,Func,
method_1572,GetCurrentAccuracyProfile,,Sub,
method_1573,GetCurrentApplicationID,,Sub,
method_1574,GetCurrentDocument,,Func,
method_1575,GetCurrentMotionProfile,,Sub,
method_1576,GetCurrentObjFrameProfile,,Sub,
method_1577,GetCurrentObject,,Sub,
method_1578,GetCurrentPosInfo,,Func,
method_1579,GetCurrentToolProfile,,Sub,
method_1580,GetCurvature,,Sub,
method_1581,GetCurvatureRadius,,Func,
method_1582,GetCurvatureThreshold,,Func,
method_1583,GetCurvatureThresholdActivity,,Func,
method_1584,GetCurve,,Func,
method_1585,GetCurves,,Sub,
method_1586,GetCustomBackgroundImageInfo,,Func,
method_1587,GetCustomImageFormatInfo,,Func,
method_1588,GetCustomImageHeightInfo,,Func,
method_1589,GetCustomImageWidthInfo,,Func,
method_1590,GetCustomerFactory,,Func,
method_1591,GetCutPoint,,Func,
method_1592,GetCuttingElem,,Func,
method_1593,GetDLName,,Func,
method_1594,GetDLNameCreationRightInfo,,Func,
method_1595,GetDLNameExp,,Sub,
method_1596,GetDLNameInfo,,Func,
method_1597,GetDLNameList,,Func,
method_1598,GetDLNameSubList,,Func,
method_1599,GetDMUClashPreviewInfo,,Func,
method_1600,GetDMUCut3DPreviewInfo,,Func,
method_1601,GetDMUDistancePreviewInfo,,Func,
method_1602,GetDMUFreeSpacePreviewInfo,,Func,
method_1603,GetDMUGroupPreviewHiddenObjectsColor,,Func,
method_1604,GetDMUGroupPreviewHiddenObjectsColorInfo,,Func,
method_1605,GetDMUGroupPreviewHiddenObjectsDisplayModeInfo,,Func,
method_1606,GetDMUGroupPreviewHiddenObjectsLowIntInfo,,Func,
method_1607,GetDMUGroupPreviewHiddenObjectsOpacityInfo,,Func,
method_1608,GetDMUGroupPreviewHiddenObjectsPickInfo,,Func,
method_1609,GetDMUGroupPreviewInfo,,Func,
method_1610,GetDMUMergerPreviewInfo,,Func,
method_1611,GetDMUOffsetPreviewInfo,,Func,
method_1612,GetDMUReviewNameInfo,,Func,
method_1613,GetDMUSectionPreviewInfo,,Func,
method_1614,GetDMUShuttlePreviewInfo,,Func,
method_1615,GetDMUSilhouettePreviewInfo,,Func,
method_1616,GetDMUSimplifPreviewInfo,,Func,
method_1617,GetDMUSweptVolPreviewInfo,,Func,
method_1618,GetDMUThicknessPreviewInfo,,Func,
method_1619,GetDMUVibrationVolPreviewInfo,,Func,
method_1620,GetDMUWrappingPreviewInfo,,Func,
method_1621,GetDOFActivation,,Sub,
method_1622,GetDOFValues,,Sub,
method_1623,GetDOFValues,,Sub,
method_1624,GetDatas,,Sub,
method_1625,GetDatumConnector,,Func,
method_1626,GetDecimalReadOnly,,Sub,
method_1627,GetDecimalReadWrite,,Sub,
method_1628,GetDedicatedFilterTypeInfo,,Func,
method_1629,GetDeepSearchActivationInfo,,Func,
method_1630,GetDefaultAnalysisFlagInfo,,Func,
method_1631,GetDefaultAnalysisTemplateInfo,,Func,
method_1632,GetDefaultDiffuseAmbientCoefficientInfo,,Func,
method_1633,GetDefaultMacroLibraries,,Func,
method_1634,GetDefaultMacroLibrariesInfo,,Func,
method_1635,GetDefaultPowerInputContextPriorityInfo,,Func,
method_1636,GetDefaultPowerInputContextScopeInfo,,Func,
method_1637,GetDefaultPowerInputPrefixInfo,,Func,
method_1638,GetDefaultShapeName,,Func,
method_1639,GetDefaultShininessInfo,,Func,
method_1640,GetDefaultSpecularCoefficientInfo,,Func,
method_1641,GetDefaultSpeedInfo,,Func,
method_1642,GetDefaultStyleSheetInfo,,Func,
method_1643,GetDefaultTimeInfo,,Func,
method_1644,GetDefaultToleranceInfo,,Func,
method_1645,GetDefaultWalkSpeedInfo,,Func,
method_1646,GetDefinition,,Func,
method_1647,GetDefinition,,Func,
method_1648,GetDeleteWarningBoxInfo,,Func,
method_1649,GetDemoModeInfo,,Func,
method_1650,GetDerivatives,,Sub,
method_1651,GetDescription,,Func,
method_1652,GetDesignModeInfo,,Func,
method_1653,GetDesignReviewInfo,,Func,
method_1654,GetDesignTablesCopyDataInfo,,Func,
method_1655,GetDesignTablesSynchronizationInfo,,Func,
method_1656,GetDesignXYZYPR,,Sub,
method_1657,GetDetailingID,,Func,
method_1658,GetDetailingNames,,Func,
method_1659,GetDetailsModeExplodeInfo,,Func,
method_1660,GetDetailsModeUsualInfo,,Func,
method_1661,GetDetailsModeWireframeInfo,,Func,
method_1662,GetDeviation,,Func,
method_1663,GetDeviceDOFValues,,Sub,
method_1664,GetDiffuseColor,,Sub,
method_1665,GetDimAfterCreInfo,,Func,
method_1666,GetDimAfterModInfo,,Func,
method_1667,GetDimBeforeCreInfo,,Func,
method_1668,GetDimBeforeModInfo,,Func,
method_1669,GetDimBlankingCreInfo,,Func,
method_1670,GetDimBlankingModInfo,,Func,
method_1671,GetDimConfigureSnappingInfo,,Func,
method_1672,GetDimConstantOffsetInfo,,Func,
method_1673,GetDimCreateOnInfo,,Func,
method_1674,GetDimExtLine,,Func,
method_1675,GetDimLine,,Func,
method_1676,GetDimLineDir,,Sub,
method_1677,GetDimLinePosValueInfo,,Func,
method_1678,GetDimLineUpBaseAngleInfo,,Func,
method_1679,GetDimLineUpBaseLengthInfo,,Func,
method_1680,GetDimLineUpCumulInfo,,Func,
method_1681,GetDimLineUpFunnelInfo,,Func,
method_1682,GetDimLineUpOffsetBetDimAngleInfo,,Func,
method_1683,GetDimLineUpOffsetBetDimLengthInfo,,Func,
method_1684,GetDimLineUpOffsetToRefAngleInfo,,Func,
method_1685,GetDimLineUpOffsetToRefLengthInfo,,Func,
method_1686,GetDimLineUpStackInfo,,Func,
method_1687,GetDimManualPositionningInfo,,Func,
method_1688,GetDimMove2dPartCreInfo,,Func,
method_1689,GetDimMove2dPartModInfo,,Func,
method_1690,GetDimMoveDimLineCreInfo,,Func,
method_1691,GetDimMoveDimLineModInfo,,Func,
method_1692,GetDimMoveLeaderCreInfo,,Func,
method_1693,GetDimMoveLeaderModInfo,,Func,
method_1694,GetDimMoveSubPartInfo,,Func,
method_1695,GetDimMoveValueCreInfo,,Func,
method_1696,GetDimMoveValueModInfo,,Func,
method_1697,GetDimORunCreInfo,,Func,
method_1698,GetDimORunModInfo,,Func,
method_1699,GetDimOriDefaultSymbInfo,,Func,
method_1700,GetDimSnappingInfo,,Func,
method_1701,GetDimension,,Sub,
method_1702,GetDimensionsDisplayInfo,,Func,
method_1703,GetDirection,,Sub,
method_1704,GetDirection,,Sub,
method_1705,GetDirection,,Sub,
method_1706,GetDirection,,Sub,
method_1707,GetDirection,,Sub,
method_1708,GetDirection,,Sub,
method_1709,GetDirection,,Sub,
method_1710,GetDirection,,Sub,
method_1711,GetDirection,,Sub,
method_1712,GetDirection,,Sub,
method_1713,GetDirection,,Sub,
method_1714,GetDirection,,Sub,
method_1715,GetDirection,,Sub,
method_1716,GetDirection,,Sub,
method_1717,GetDirectionInversion,,Func,
method_1718,GetDirectoryForInputXslInfo,,Func,
method_1719,GetDisplayAnlStatusInfo,,Func,
method_1720,GetDisplayBackAndCuttingPlaneInfo,,Sub,
method_1721,GetDisplayClippingOutlineInfo,,Sub,
method_1722,GetDisplayCurrentScaleInfo,,Func,
method_1723,GetDisplayCutInWireframeInfo,,Func,
method_1724,GetDisplayDrillListInfo,,Func,
method_1725,GetDisplayGeomOnScrollingInfo,,Func,
method_1726,GetDisplayGeometryAfterCurrentInfo,,Func,
method_1727,GetDisplayImmersiveDrillViewerInfo,,Func,
method_1728,GetDisplayModeInfo,,Func,
method_1729,GetDisplayNameModeInfo,,Func,
method_1730,GetDisplayOrderInfo,,Func,
method_1731,GetDisplayProcessOrderInfo,,Func,
method_1732,GetDisplayResetButtonInfo,,Func,
method_1733,GetDisplayTrailingZerosInfo,,Func,
method_1734,GetDisplayUnit,,Func,
method_1735,GetDisplayV4Text3DInfo,,Func,
method_1736,GetDistanceStepInfo,,Func,
method_1737,GetDistanceThreshold,,Func,
method_1738,GetDistanceThresholdActivity,,Func,
method_1739,GetDlnameInfo,,Func,
method_1740,GetDocLanguageInfo,,Func,
method_1741,GetDocument,,Func,
method_1742,GetDocumentContentAtCreationInfo,,Func,
method_1743,GetDocumentFullPath,,Func,
method_1744,GetDoubleAttribute,,Func,
method_1745,GetDoubleUserAttribute,,Func,
method_1746,GetDownloaderDirInfo,,Func,
method_1747,GetDownloaderInfo,,Func,
method_1748,GetDraftAngleDefinitionLocation,,Sub,
method_1749,GetDraftAngleDefinitionLocationsNb,,Sub,
method_1750,GetDraftFeatureMigrationModeInfo,,Func,
method_1751,GetDragDropInfo,,Func,
method_1752,GetDrawInfo,,Func,
method_1753,GetDrawing,,Func,
method_1754,GetDrawingStandard,,Func,
method_1755,GetDriverConfigurationPath,,Func,
method_1756,GetDriverConfigurationPathInfo,,Func,
method_1757,GetDuration,,Func,
method_1758,GetDynamicCullInfo,,Func,
method_1759,GetDynamicLODInfo,,Func,
method_1760,GetEdgeToKeepSharp,,Func,
method_1761,GetEdgeToTear,,Func,
method_1762,GetEditDedicatedFilterDialogBoxInfo,,Sub,
method_1763,GetElem,,Func,
method_1764,GetElement,,Func,
method_1765,GetElement,,Func,
method_1766,GetElement,,Func,
method_1767,GetElement,,Sub,
method_1768,GetElement,,Func,
method_1769,GetElementProperties,,Sub,
method_1770,GetElementToFreeze,,Func,
method_1771,GetElementsSize,,Func,
method_1772,GetEnableAnlModeInfo,,Func,
method_1773,GetEnableHeartBeatInfo,,Func,
method_1774,GetEndEffector,,Func,
method_1775,GetEndPoint,,Sub,
method_1776,GetEndPoints,,Sub,
method_1777,GetEndPoints,,Sub,
method_1778,GetEndTangentDirectionFlag,,Sub,
method_1779,GetEngineInterfaceInfo,,Func,
method_1780,GetEnumerateValues,,Func,
method_1781,GetEnumerateValues,,Func,
method_1782,GetEnumerateValues,,Func,
method_1783,GetEnumerateValuesSize,,Func,
method_1784,GetEnumerateValuesSize,,Func,
method_1785,GetEnumerateValuesSize,,Func,
method_1786,GetErrorDescription,,Func,
method_1787,GetEulerAngles,,Sub,
method_1788,GetExclusionRegions,,Sub,
method_1789,GetExclusionRegions,,Sub,
method_1790,GetExistingTaskTreatmentInfo,,Func,
method_1791,GetExpNotationValuesGreaterInfo,,Func,
method_1792,GetExpNotationValuesLowerInfo,,Func,
method_1793,GetExpandSketchBasedFeaturesNodeAtCreationInfo,,Func,
method_1794,GetExportBackgroundColor,,Func,
method_1795,GetExportBackgroundColorInfo,,Func,
method_1796,GetExportEdgesInfo,,Func,
method_1797,GetExportMSBOInfo,,Func,
method_1798,GetExportNormalsInfo,,Func,
method_1799,GetExportTextureFileInfo,,Func,
method_1800,GetExportTextureFormatInfo,,Func,
method_1801,GetExportTextureInfo,,Func,
method_1802,GetExportUnitInfo,,Func,
method_1803,GetExportVersionInfo,,Func,
method_1804,GetExternalMaxDeformationInfo,,Func,
method_1805,GetExternalReferences,,Func,
method_1806,GetExternalReferencesAsVisibleInfo,,Func,
method_1807,GetExternalReferencesAssemblyRootContextInfo,,Func,
method_1808,GetExternalReferencesInfo,,Func,
method_1809,GetExternalReferencesNodeInTreeInfo,,Func,
method_1810,GetExternalTypeDeformationInfo,,Func,
method_1811,GetExtremities,,Sub,
method_1812,GetExtremityCntrs,,Sub,
method_1813,GetFT06Stream,,Sub,
method_1814,GetFaceConnector,,Func,
method_1815,GetFaceHLDrillInfo,,Func,
method_1816,GetFaceToKeep,,Func,
method_1817,GetFacesForClosing,,Sub,
method_1818,GetFacet,,Func,
method_1819,GetFacet,,Func,
method_1820,GetFacet,,Func,
method_1821,GetFacetByName,,Func,
method_1822,GetFacetByName,,Func,
method_1823,GetFacetByName,,Func,
method_1824,GetFakeDimValue,,Func,
method_1825,GetFastener,,Func,
method_1826,GetFasteners,,Sub,
method_1827,GetFastenersFromProcess,,Sub,
method_1828,GetFastenersFromResource,,Sub,
method_1829,GetFeature,,Func,
method_1830,GetFederatedElement,,Func,
method_1831,GetFederatedElementsSize,,Func,
method_1832,GetFederationPropagation,,Func,
method_1833,GetFeedSpeedAutoUpdate,,Func,
method_1834,GetFeedrate,,Func,
method_1835,GetFile,,Func,
method_1836,GetFillPoint,,Func,
method_1837,GetFinishSymbol,,Func,
method_1838,GetFirstActInfo,,Func,
method_1839,GetFirstAngleLaw,,Sub,
method_1840,GetFirstAxis,,Sub,
method_1841,GetFirstAxis,,Sub,
method_1842,GetFirstDirection,,Sub,
method_1843,GetFirstLengthDefinitionType,,Sub,
method_1844,GetFirstLengthLaw,,Sub,
method_1845,GetFirstPointCoordinates,,Sub,
method_1846,GetFirstPointCoordinates,,Sub,
method_1847,GetFittingPoints,,Sub,
method_1848,GetFixTogether,,Func,
method_1849,GetFlip,,Func,
method_1850,GetFlyByMode,,Sub,
method_1851,GetFlyCollisionModeInfo,,Func,
method_1852,GetFlyCollisionSphereRadiusInfo,,Func,
method_1853,GetFlyCollisionTypeInfo,,Func,
method_1854,GetFlySensitivityInfo,,Func,
method_1855,GetFlySpeedInfo,,Func,
method_1856,GetFlySpeedModeInfo,,Func,
method_1857,GetFolder,,Func,
method_1858,GetFollowGroundAltitudeInfo,,Func,
method_1859,GetFollowGroundModeInfo,,Func,
method_1860,GetFontName,,Func,
method_1861,GetFontSize,,Func,
method_1862,GetForceClearanceVoxelInfo,,Func,
method_1863,GetForceVoxelInfo,,Func,
method_1864,GetFormatDisplayFactor,,Func,
method_1865,GetFormatMode,,Func,
method_1866,GetFormatName,,Func,
method_1867,GetFormatPrecision,,Func,
method_1868,GetFormatType,,Func,
method_1869,GetFormatUnit,,Func,
method_1870,GetFreeCenter,,Sub,
method_1871,GetFreeRadius,,Sub,
method_1872,GetFrequencyInfo,,Func,
method_1873,GetFromTo,,Func,
method_1874,GetFromToInfoArrayMaxSize,,Func,
method_1875,GetFromToInformation,,Sub,
method_1876,GetFrozenCurveSegment,,Func,
method_1877,GetFrozenCurveSegmentsSize,,Func,
method_1878,GetFrozenPoint,,Func,
method_1879,GetFrozenPointsSize,,Func,
method_1880,GetFullSceneAntiAliasingModeInfo,,Func,
method_1881,GetFunctional,,Func,
method_1882,GetFunctionalActionPresentationInfo,,Func,
method_1883,GetFunnel,,Sub,
method_1884,GetGPSName,,Func,
method_1885,GetGRRName,,Sub,
method_1886,GetGRRRoute,,Func,
method_1887,GetGap,,Func,
method_1888,GetGapConductionTable,,Sub,
method_1889,GetGeneralTolClassInfo,,Func,
method_1890,GetGeomAssociatedToAnnotation,,Sub,
method_1891,GetGeomInfo,,Sub,
method_1892,GetGeomInfo,,Sub,
method_1893,GetGeomReferedByAnnotation,,Sub,
method_1894,GetGeometricalFeatureType,,Func,
method_1895,GetGeometriesAquisitionMode,,Func,
method_1896,GetGeometryRepresentationFormatInfo,,Func,
method_1897,GetGotoPtPointCoordinates,,Sub,
method_1898,GetGrabbedObjects,,Sub,
method_1899,GetGrabbedObjects,,Sub,
method_1900,GetGrantedLicensesList,,Func,
method_1901,GetGravityAxisInfo,,Func,
method_1902,GetGravityCenter,,Sub,
method_1903,GetGravityCenter,,Sub,
method_1904,GetGravityInfo,,Func,
method_1905,GetGridAutoFilteringInfo,,Func,
method_1906,GetGridAutoResizeInfo,,Func,
method_1907,GetGridDisplayInfo,,Func,
method_1908,GetGridHeightStepInfo,,Func,
method_1909,GetGridPositionModeInfo,,Func,
method_1910,GetGridPrimarySpacingInfo,,Func,
method_1911,GetGridSecondaryStepInfo,,Func,
method_1912,GetGridSnapPointInfo,,Func,
method_1913,GetGridStyleInfo,,Func,
method_1914,GetGridVPrimarySpacingInfo,,Func,
method_1915,GetGridVSecondaryStepInfo,,Func,
method_1916,GetGridWidthStepInfo,,Func,
method_1917,GetGuide,,Sub,
method_1918,GetGuide,,Sub,
method_1919,GetHaloModeInfo,,Func,
method_1920,GetHandler,,Sub,
method_1921,GetHandler,,Sub,
method_1922,GetHandler,,Sub,
method_1923,GetHandlesRGB,,Func,
method_1924,GetHandlesRGBInfo,,Func,
method_1925,GetHideIn3DInfo,,Sub,
method_1926,GetHidePlaneInfo,,Func,
method_1927,GetHideResultInfo,,Func,
method_1928,GetHighlightDefAnnotInfo,,Func,
method_1929,GetHomePositions,,Sub,
method_1930,GetHybridDesignModeInfo,,Func,
method_1931,GetHyperLinks,,Func,
method_1932,GetHyperlink,,Func,
method_1933,GetID,,Func,
method_1934,GetIDUniqueSetting,,Func,
method_1935,GetIDUniqueSettingInfo,,Func,
method_1936,GetIcon,,Sub,
method_1937,GetIdeasComponentNameInfo,,Func,
method_1938,GetIdeasComponentTypeInfo,,Func,
method_1939,GetIdeasLibraryNameInfo,,Func,
method_1940,GetIdeasPartNumberInfo,,Func,
method_1941,GetIdeasProjectNameInfo,,Func,
method_1942,GetIdeasRevNumberInfo,,Func,
method_1943,GetIdeasTessParamInfo,,Func,
method_1944,GetIdentifier,,Sub,
method_1945,GetIdi3dAnnotationModeInfo,,Func,
method_1946,GetImageQualityModeInfo,,Func,
method_1947,GetImageTextSizeInfo,,Func,
method_1948,GetImageTextStackingInfo,,Func,
method_1949,GetImpliedResourceFilterInfo,,Func,
method_1950,GetImportAnnotationInfo,,Func,
method_1951,GetImportBaseFrmInfo,,Func,
method_1952,GetImportCollisionInfo,,Func,
method_1953,GetImportConfigFileExpanded,,Func,
method_1954,GetImportConfigFileInfo,,Func,
method_1955,GetImportCoorsysInfo,,Func,
method_1956,GetImportCreaseAngleInfo,,Func,
method_1957,GetImportEdgeInfo,,Func,
method_1958,GetImportFloorInfo,,Func,
method_1959,GetImportGroupAsSelSetInfo,,Func,
method_1960,GetImportLibraryExpanded,,Func,
method_1961,GetImportLibraryInfo,,Func,
method_1962,GetImportPDBCacheExpanded,,Func,
method_1963,GetImportPDBCacheInfo,,Func,
method_1964,GetImportRecordingInfo,,Func,
method_1965,GetImportToolFrmInfo,,Func,
method_1966,GetImportUnitInfo,,Func,
method_1967,GetImportUserAttrInfo,,Func,
method_1968,GetImportUserViewsInfo,,Func,
method_1969,GetImportWclMessageInfo,,Func,
method_1970,GetImportWclPathInfo,,Func,
method_1971,GetInParameter,,Func,
method_1972,GetInactivityDurationInfo,,Func,
method_1973,GetInertia,,Sub,
method_1974,GetInertia,,Sub,
method_1975,GetInertiaMatrix,,Sub,
method_1976,GetInitial_Model_File_PathInfo,,Func,
method_1977,GetInput,,Func,
method_1978,GetInput,,Func,
method_1979,GetInput,,Func,
method_1980,GetInputData,,Func,
method_1981,GetInputData,,Func,
method_1982,GetInputDataFromPosition,,Func,
method_1983,GetInputDataFromPosition,,Func,
method_1984,GetInputFromPosition,,Func,
method_1985,GetInputFromPosition,,Func,
method_1986,GetInsertLevelInfo,,Func,
method_1987,GetInsertModeInfo,,Func,
method_1988,GetInsertionType,,Sub,
method_1989,GetIntUserAttribute,,Func,
method_1990,GetInterface,,Func,
method_1991,GetInterface,,Func,
method_1992,GetIntermedTangent,,Func,
method_1993,GetIntermediatePoint,,Sub,
method_1994,GetIntermediateTangentDirectionFlag,,Sub,
method_1995,GetInternal,,Func,
method_1996,GetInternalEdgesElement,,Func,
method_1997,GetInternalMaxDeformationInfo,,Func,
method_1998,GetInternalTypeDeformationInfo,,Func,
method_1999,GetInterrupt,,Func,
method_2000,GetInterruptions,,Func,
method_2001,GetInterruptions,,Func,
method_2002,GetIntersection,,Func,
method_2003,GetIsFederated,,Func,
method_2004,GetIsoparGenerationModeInfo,,Func,
method_2005,GetIssueRepositoryPathInfo,,Func,
method_2006,GetItem,,Func,
method_2007,GetItem,,Func,
method_2008,GetItems,,Sub,
method_2009,GetItemsFilterInfo,,Func,
method_2010,GetItemsPerRelationFilterInfo,,Func,
method_2011,GetJavaClassPathInfo,,Func,
method_2012,GetJavaClassPathInfo,,Func,
method_2013,GetJavaExeInfo,,Func,
method_2014,GetJavaExeInfo,,Func,
method_2015,GetJoinedPartNames,,Sub,
method_2016,GetJointRelationExpression,,Sub,
method_2017,GetJointTarget,,Sub,
method_2018,GetJointValues,,Sub,
method_2019,GetKeepSegmentationInfo,,Func,
method_2020,GetKeptElem,,Func,
method_2021,GetKeptElem,,Func,
method_2022,GetKeyboardRotationAngleValueInfo,,Func,
method_2023,GetKnowledgeBuildPathDirectoryInfo,,Func,
method_2024,GetKnowledgeInHybridDesignModeInfo,,Func,
method_2025,GetKnownInterpolaters,,Sub,
method_2026,GetLODModeInfo,,Func,
method_2027,GetLabelCode,,Sub,
method_2028,GetLabelColor,,Func,
method_2029,GetLabelColorInfo,,Func,
method_2030,GetLanguageEditor,,Func,
method_2031,GetLanguageEditorInfo,,Func,
method_2032,GetLastActInfo,,Func,
method_2033,GetLastObjectToGenerate,,Sub,
method_2034,GetLastSendToMethodError,,Sub,
method_2035,GetLayer,,Func,
method_2036,GetLayer_for_No_AssoInfo,,Func,
method_2037,GetLayersNumber,,Func,
method_2038,GetLayoutDefaultRenderStyleInfo,,Sub,
method_2039,GetLeaderAssociativityInfo,,Func,
method_2040,GetLegendsVisibility,,Func,
method_2041,GetLength,,Func,
method_2042,GetLength,,Sub,
method_2043,GetLengthAtParam,,Func,
method_2044,GetLengthInMetre,,Sub,
method_2045,GetLengthLawTypes,,Sub,
method_2046,GetLengthMaxToleranceInfo,,Func,
method_2047,GetLengthMinToleranceInfo,,Func,
method_2048,GetLengthType,,Func,
method_2049,GetLengthType,,Func,
method_2050,GetLengthType,,Func,
method_2051,GetLengthType,,Func,
method_2052,GetLengthType,,Func,
method_2053,GetLengthType,,Func,
method_2054,GetLengthType,,Func,
method_2055,GetLicense,,Func,
method_2056,GetLicense,,Func,
method_2057,GetLicenseInfo,,Func,
method_2058,GetLicenseInfo,,Func,
method_2059,GetLicensesList,,Func,
method_2060,GetLicensesList,,Func,
method_2061,GetLicensesListInfo,,Func,
method_2062,GetLicensesListInfo,,Func,
method_2063,GetLightViewerModeInfo,,Func,
method_2064,GetLimitation,,Func,
method_2065,GetLinAccelColorInfo,,Func,
method_2066,GetLinAccelLimitInfo,,Func,
method_2067,GetLinSpeedColorInfo,,Func,
method_2068,GetLinSpeedLimitInfo,,Func,
method_2069,GetLineColor,,Sub,
method_2070,GetLineThickness,,Func,
method_2071,GetLineType,,Func,
method_2072,GetLineWidthInfo,,Func,
method_2073,GetLinearStiffness,,Func,
method_2074,GetLineicCgrModeInfo,,Func,
method_2075,GetLinesNumber,,Func,
method_2076,GetLink,,Sub,
method_2077,GetLinkModeInfo,,Func,
method_2078,GetLinkSendModeInfo,,Func,
method_2079,GetLinkedDeviceFile,,Func,
method_2080,GetLinkedExternalReferencesInfo,,Func,
method_2081,GetLinkedExternalReferencesOnlyOnPublicationInfo,,Func,
method_2082,GetLinkedExternalReferencesWarningAtCreationInfo,,Func,
method_2083,GetListOfAptParameters,,Sub,
method_2084,GetListOfAttributeUnits,,Sub,
method_2085,GetListOfAttributeUnits,,Sub,
method_2086,GetListOfAttributeUnits,,Sub,
method_2087,GetListOfAttributeUnits,,Sub,
method_2088,GetListOfAttributes,,Sub,
method_2089,GetListOfAttributes,,Sub,
method_2090,GetListOfAttributes,,Sub,
method_2091,GetListOfAttributes,,Sub,
method_2092,GetListOfConstraints,,Sub,
method_2093,GetListOfDependantFile,,Sub,
method_2094,GetListOfFeedrateAttributes,,Sub,
method_2095,GetListOfGeomAttributes,,Sub,
method_2096,GetListOfGeomAttributes,,Sub,
method_2097,GetListOfLibraryFilePath,,Func,
method_2098,GetListOfLibraryFilePathInfo,,Func,
method_2099,GetListOfMagnitudesInfo,,Func,
method_2100,GetListOfNumericalControlAttributes,,Sub,
method_2101,GetListOfPackagesToLoadInfo,,Func,
method_2102,GetListOfRotaryTableAttributes,,Sub,
method_2103,GetListOfSelectionSet,,Sub,
method_2104,GetListOfSpindleAttributes,,Sub,
method_2105,GetListOfStrategyAttributes,,Sub,
method_2106,GetListOfToBeCopiedFiles,,Sub,
method_2107,GetListOfToolChangeAttributes,,Sub,
method_2108,GetListOfToolMotions,,Func,
method_2109,GetListofAttachments,,Sub,
method_2110,GetLoad3dStateAndPosInfo,,Func,
method_2111,GetLoadAllChildProcMfgCtxInfo,,Func,
method_2112,GetLoadAllPackagesInfo,,Func,
method_2113,GetLoadAssocPrdResChildInfo,,Func,
method_2114,GetLoadChildProcMfgCtxInfo,,Func,
method_2115,GetLoadCtxWithFileGeometryInfo,,Func,
method_2116,GetLoadDispMfgCtxInfo,,Func,
method_2117,GetLoadENVGeomFromENVdbInfo,,Func,
method_2118,GetLoadExtendedLanguageLibInfo,,Func,
method_2119,GetLoadFeedProcMfgCtxInfo,,Func,
method_2120,GetLoadMfgAssmblyInfo,,Func,
method_2121,GetLoadMfgKitsInfo,,Func,
method_2122,GetLoadPSSDataInfo,,Func,
method_2123,GetLoadParameters,,Func,
method_2124,GetLoadPrdResUserAttribsInfo,,Func,
method_2125,GetLoadResGeoInfo,,Func,
method_2126,GetLoadUnconstrainedMfgCtxInfo,,Func,
method_2127,GetLocalCsysFromPublication,,Sub,
method_2128,GetLocalCsysFromPublication,,Sub,
method_2129,GetLocalCsysFromPublication,,Sub,
method_2130,GetLocalCsysFromPublication,,Sub,
method_2131,GetLocalCsysFromPublication,,Sub,
method_2132,GetLocalID,,Func,
method_2133,GetLocalPathInfo,,Func,
method_2134,GetLocalToolAxis,,Sub,
method_2135,GetLocation,,Sub,
method_2136,GetLockAssignedPrdOnLoadInfo,,Func,
method_2137,GetLockUserDefaultInfo,,Func,
method_2138,GetLogicalActFilterInfo,,Func,
method_2139,GetLogicalDataAttrListInfo,,Func,
method_2140,GetLogicalLine,,Func,
method_2141,GetLongAttribute,,Func,
method_2142,GetLongitudinalRelimiters,,Sub,
method_2143,GetLongitudinalRelimiters,,Sub,
method_2144,GetLongitudinalRelimiters,,Sub,
method_2145,GetLongitudinalRelimiters,,Sub,
method_2146,GetMTPActColorInfo,,Func,
method_2147,GetMTPActSymbolInfo,,Func,
method_2148,GetMachiningAxisSystemName,,Func,
method_2149,GetMachiningDirection,,Sub,
method_2150,GetMagnitudeValues,,Sub,
method_2151,GetMailClientLaunchModeInfo,,Func,
method_2152,GetMajorAxis,,Sub,
method_2153,GetManRefSizInfo,,Func,
method_2154,GetManZooCapInfo,,Func,
method_2155,GetManifold,,Func,
method_2156,GetManipAutoInsertInfo,,Func,
method_2157,GetManufacturingFeature,,Func,
method_2158,GetManufacturingView,,Func,
method_2159,GetMapping_File_Save_ModeInfo,,Func,
method_2160,GetMapping_Saving_FileInfo,,Func,
method_2161,GetMarker2DAutoNamingInfo,,Func,
method_2162,GetMarker2DAutoNamingInfo,,Func,
method_2163,GetMarker3DAutoNamingInfo,,Func,
method_2164,GetMarker3DAutoNamingInfo,,Func,
method_2165,GetMarkerAutoUpdateInfo,,Func,
method_2166,GetMarkerDefaultsColor,,Func,
method_2167,GetMarkerDefaultsColor,,Func,
method_2168,GetMarkerDefaultsColorInfo,,Func,
method_2169,GetMarkerDefaultsColorInfo,,Func,
method_2170,GetMarkerDefaultsDashedInfo,,Func,
method_2171,GetMarkerDefaultsDashedInfo,,Func,
method_2172,GetMarkerDefaultsFontInfo,,Func,
method_2173,GetMarkerDefaultsSizeInfo,,Func,
method_2174,GetMarkerDefaultsWeightInfo,,Func,
method_2175,GetMarkerDefaultsWeightInfo,,Func,
method_2176,GetMarkerTextColor,,Func,
method_2177,GetMarkerTextColor2D,,Func,
method_2178,GetMarkerTextColor2DInfo,,Func,
method_2179,GetMarkerTextColor3D,,Func,
method_2180,GetMarkerTextColor3DInfo,,Func,
method_2181,GetMarkerTextColorInfo,,Func,
method_2182,GetMarkerTextDashed2DInfo,,Func,
method_2183,GetMarkerTextDashed3DInfo,,Func,
method_2184,GetMarkerTextDashedInfo,,Func,
method_2185,GetMarkerTextDefaultsFont2DInfo,,Func,
method_2186,GetMarkerTextDefaultsFont3DInfo,,Func,
method_2187,GetMarkerTextDefaultsSize2DInfo,,Func,
method_2188,GetMarkerTextDefaultsSize3DInfo,,Func,
method_2189,GetMarkerTextWeight2DInfo,,Func,
method_2190,GetMarkerTextWeight3DInfo,,Func,
method_2191,GetMarkerTextWeightInfo,,Func,
method_2192,GetMass,,Sub,
method_2193,GetMass,,Func,
method_2194,GetMasterShapeRepresentation,,Func,
method_2195,GetMasterShapeRepresentation,,Func,
method_2196,GetMasterShapeRepresentationPathName,,Func,
method_2197,GetMaterialName,,Func,
method_2198,GetMaterialOnBody,,Sub,
method_2199,GetMaterialOnHybridBody,,Sub,
method_2200,GetMaterialOnPart,,Sub,
method_2201,GetMaterialOnProduct,,Sub,
method_2202,GetMaterialOnUserMaterial,,Sub,
method_2203,GetMatrix,,Sub,
method_2204,GetMatrixAll,,Sub,
method_2205,GetMaxAngleInfo,,Func,
method_2206,GetMaxCalculationTime,,Func,
method_2207,GetMaxDisplayedResultsInfo,,Func,
method_2208,GetMaxPreHighlightedElementsInfo,,Func,
method_2209,GetMaxSelectionMoveInfo,,Func,
method_2210,GetMeasurable,,Func,
method_2211,GetMeasureInfo,,Func,
method_2212,GetMeasureUnitSymbol,,Sub,
method_2213,GetMemberColor,,Func,
method_2214,GetMemberColorInfo,,Func,
method_2215,GetMemberMaterialInfo,,Func,
method_2216,GetMemberTypesInfo,,Func,
method_2217,GetMemoryStopperStateInfo,,Func,
method_2218,GetMergeInfos,,Sub,
method_2219,GetMfgAparamTopPln,,Func,
method_2220,GetMfgAxialFeatureDiameter,,Func,
method_2221,GetMfgBparamTopPln,,Func,
method_2222,GetMfgCparamTopPln,,Func,
method_2223,GetMfgCtxPrevProcRelationTypeInfo,,Func,
method_2224,GetMfgDparamTopPln,,Func,
method_2225,GetMfgFeaturePosition,,Sub,
method_2226,GetMfgFeatureXPosition,,Func,
method_2227,GetMfgFeatureYPosition,,Func,
method_2228,GetMfgFeatureZPosition,,Func,
method_2229,GetMfgTopPlane,,Sub,
method_2230,GetMigration_FormatInfo,,Func,
method_2231,GetMigration_InterfaceInfo,,Func,
method_2232,GetMigration_TypeInfo,,Func,
method_2233,GetMinimumDistance,,Sub,
method_2234,GetMinimumDistancePoints,,Sub,
method_2235,GetMinimumFPSModeInfo,,Func,
method_2236,GetMinimumSpaceFPSModeInfo,,Func,
method_2237,GetMinorAxis,,Sub,
method_2238,GetModeCreateDisplayInfo,,Func,
method_2239,GetModeErrorDisplayInfo,,Func,
method_2240,GetModeImageTextSizeInfo,,Func,
method_2241,GetModel_DimensionInfo,,Func,
method_2242,GetModel_FactorInfo,,Func,
method_2243,GetModel_File_NameInfo,,Func,
method_2244,GetModel_UnitInfo,,Func,
method_2245,GetModifiableIn2DComponentInstances,,Func,
method_2246,GetModifiableObject,,Func,
method_2247,GetModifiableObjectsCount,,Func,
method_2248,GetMotionBasis,,Sub,
method_2249,GetMotionProfile,,Sub,
method_2250,GetMotionProfile,,Sub,
method_2251,GetMotionProfileCount,,Sub,
method_2252,GetMotionProfiles,,Sub,
method_2253,GetMotionType,,Sub,
method_2254,GetMountedDevices,,Sub,
method_2255,GetMouseDoubleClicDelayInfo,,Func,
method_2256,GetMouseSpeedValueInfo,,Func,
method_2257,GetMove,,Func,
method_2258,GetMoveAfterCreationInfo,,Func,
method_2259,GetMoveWithFixTExtendModeInfo,,Func,
method_2260,GetMultiStringAttributeValues,,Func,
method_2261,GetNCOutputFile,,Func,
method_2262,GetNRLDirInfo,,Func,
method_2263,GetNRLTeachDialogDisplayModeInfo,,Func,
method_2264,GetName,,Sub,
method_2265,GetName,,Sub,
method_2266,GetName,,Sub,
method_2267,GetName,,Sub,
method_2268,GetName,,Sub,
method_2269,GetName,,Sub,
method_2270,GetName,,Sub,
method_2271,GetName,,Sub,
method_2272,GetName,,Sub,
method_2273,GetNameOfFilmCoeffAmplitude,,Sub,
method_2274,GetNameOfSinkAmplitude,,Sub,
method_2275,GetNameToUseInRelation,,Func,
method_2276,GetNamingModeInfo,,Func,
method_2277,GetNbAngle,,Sub,
method_2278,GetNbAngle,,Sub,
method_2279,GetNbAngle,,Sub,
method_2280,GetNbConstraints,,Sub,
method_2281,GetNbControlPoint,,Func,
method_2282,GetNbCuttingElem,,Func,
method_2283,GetNbElem,,Func,
method_2284,GetNbElementsToKeep,,Func,
method_2285,GetNbElementsToKeep,,Func,
method_2286,GetNbElementsToRemove,,Func,
method_2287,GetNbElementsToRemove,,Func,
method_2288,GetNbGuide,,Sub,
method_2289,GetNbGuide,,Sub,
method_2290,GetNbGuideCrv,,Sub,
method_2291,GetNbGuideSur,,Sub,
method_2292,GetNbGuides,,Sub,
method_2293,GetNbIsoparsInfo,,Func,
method_2294,GetNbLength,,Sub,
method_2295,GetNbOfGuides,,Func,
method_2296,GetNbPath,,Func,
method_2297,GetNbPosAngle,,Sub,
method_2298,GetNbPosAngle,,Func,
method_2299,GetNbPosCoord,,Sub,
method_2300,GetNbPosCoord,,Func,
method_2301,GetNbProductMotion,,Func,
method_2302,GetNbRadius,,Sub,
method_2303,GetNbSample,,Func,
method_2304,GetNbrURL,,Sub,
method_2305,GetNbrURL,,Sub,
method_2306,GetNewPrinterDirectory,,Func,
method_2307,GetNewPrinterDirectoryInfo,,Func,
method_2308,GetNewWith3DSupportInfo,,Func,
method_2309,GetNewWithAxisSystemInfo,,Func,
method_2310,GetNewWithGSInfo,,Func,
method_2311,GetNewWithOGSInfo,,Func,
method_2312,GetNewWithPanelInfo,,Func,
method_2313,GetNextOrientation,,Func,
method_2314,GetNoShowBackgroundRGB,,Func,
method_2315,GetNoShowBackgroundRGBInfo,,Func,
method_2316,GetNoZBufferSelectionModeInfo,,Func,
method_2317,GetNoaCreationInfo,,Func,
method_2318,GetNodelockAlertInfo,,Func,
method_2319,GetNomenclature,,Func,
method_2320,GetNomenclature,,Func,
method_2321,GetNominalBaseOffset,,Sub,
method_2322,GetNominalToolOffset,,Sub,
method_2323,GetNonLinearStiffness,,Sub,
method_2324,GetNonSemanticAllwaysUpgradeGeneralTolInfo,,Func,
method_2325,GetNonSemanticAllwaysUpgradeInfo,,Func,
method_2326,GetNonSemanticDimAllowedInfo,,Func,
method_2327,GetNonSemanticMarkedInfo,,Func,
method_2328,GetNonSemanticTolAllowedInfo,,Func,
method_2329,GetNumOfSegments,,Func,
method_2330,GetNumOfSegmentsLocalAxis,,Func,
method_2331,GetNumTags,,Sub,
method_2332,GetNumUrlNameInfo,,Func,
method_2333,GetNumberOfConstraints,,Func,
method_2334,GetNumberOfControlPoints,,Func,
method_2335,GetNumberOfCurveFasteners,,Func,
method_2336,GetNumberOfCurves,,Func,
method_2337,GetNumberOfFastenerGroups,,Func,
method_2338,GetNumberOfFasteners,,Func,
method_2339,GetNumberOfGuides,,Func,
method_2340,GetNumberOfMfgAssemblies,,Func,
method_2341,GetNumberOfMinimumFPSInfo,,Func,
method_2342,GetNumberOfMinimumSpaceFPSInfo,,Func,
method_2343,GetNumberOfPointFasteners,,Func,
method_2344,GetNumberOfRootsOfFacts,,Func,
method_2345,GetNumberOfSections,,Func,
method_2346,GetNumberOfShapes,,Func,
method_2347,GetNumberOfStates,,Func,
method_2348,GetNumberOfStates,,Func,
method_2349,GetNumbers,,Sub,
method_2350,GetObjFrameProfile,,Sub,
method_2351,GetObjFrameProfileCount,,Sub,
method_2352,GetObjFrameProfiles,,Sub,
method_2353,GetObject,,Func,
method_2354,GetObjectFrame,,Sub,
method_2355,GetObjectPositions,,Sub,
method_2356,GetObjectProfile,,Sub,
method_2357,GetOcclusionCullingModeInfo,,Func,
method_2358,GetOffset,,Sub,
method_2359,GetOnlyCurrentOperatedSolidSetInGeometryInfo,,Func,
method_2360,GetOnlyCurrentSolidSetInGeometryInfo,,Func,
method_2361,GetOnlyLoadCtxWithGeometryInfo,,Func,
method_2362,GetOnlyShowInfo,,Func,
method_2363,GetOpType,,Sub,
method_2364,GetOpaqueFacesInfo,,Func,
method_2365,GetOpenModeForLoadInfo,,Func,
method_2366,GetOptC2ModeInfo,,Func,
method_2367,GetOptCleanTopoModeInfo,,Func,
method_2368,GetOptFittingModeInfo,,Func,
method_2369,GetOptInvalidGeomModeInfo,,Func,
method_2370,GetOptLoop3DModeInfo,,Func,
method_2371,GetOrder,,Func,
method_2372,GetOrientation,,Func,
method_2373,GetOrientation,,Func,
method_2374,GetOrientationConnector,,Func,
method_2375,GetOrientationInfo,,Func,
method_2376,GetOrientationMode,,Sub,
method_2377,GetOrientationVector,,Func,
method_2378,GetOrigin,,Sub,
method_2379,GetOrigin,,Sub,
method_2380,GetOrigin,,Sub,
method_2381,GetOrigin,,Sub,
method_2382,GetOrigin,,Sub,
method_2383,GetOrigin,,Sub,
method_2384,GetOrigin,,Sub,
method_2385,GetOrigin,,Sub,
method_2386,GetOrigin,,Sub,
method_2387,GetOrigin,,Sub,
method_2388,GetOrigin,,Sub,
method_2389,GetOrigin,,Sub,
method_2390,GetOrigin,,Sub,
method_2391,GetOrigin,,Func,
method_2392,GetOrigin,,Sub,
method_2393,GetOrigin,,Sub,
method_2394,GetOrigin,,Sub,
method_2395,GetOrigin,,Sub,
method_2396,GetOrigin,,Sub,
method_2397,GetOriginCornerCode,,Sub,
method_2398,GetOriginPoint,,Sub,
method_2399,GetOriginXDirection,,Sub,
method_2400,GetOriginYDirection,,Sub,
method_2401,GetOriginZDirection,,Sub,
method_2402,GetOriginalHeight,,Func,
method_2403,GetOriginalWidth,,Func,
method_2404,GetOtherSelectionTimeoutActivityInfo,,Func,
method_2405,GetOtherSelectionTimeoutInfo,,Func,
method_2406,GetOtherSide,,Func,
method_2407,GetOutParameter,,Func,
method_2408,GetOutput,,Func,
method_2409,GetOutput,,Func,
method_2410,GetOutput,,Func,
method_2411,GetOutputFromPosition,,Func,
method_2412,GetOutputFromPosition,,Func,
method_2413,GetOutputHeightInfo,,Func,
method_2414,GetOutputPathInfo,,Func,
method_2415,GetOutputPathInfo,,Func,
method_2416,GetOutputProductFilterInfo,,Func,
method_2417,GetOutputSizeFromInfo,,Func,
method_2418,GetOutputStream,,Sub,
method_2419,GetOutputTypeInfo,,Func,
method_2420,GetOutputWidthInfo,,Func,
method_2421,GetOverrun,,Func,
method_2422,GetOwner,,Sub,
method_2423,GetPPRSaveConfigInfo,,Func,
method_2424,GetPPWord,,Func,
method_2425,GetPROJECT_File_PathInfo,,Func,
method_2426,GetPSCycleTimeInfo,,Func,
method_2427,GetPSDynClashModeInfo,,Func,
method_2428,GetPSGraphicSimStepInfo,,Func,
method_2429,GetPSGraphicUpdateInfo,,Func,
method_2430,GetPSText,,Sub,
method_2431,GetPVEndConditionInfo,,Func,
method_2432,GetPVStateMgtInfo,,Func,
method_2433,GetPackAndGoRepositoryPathInfo,,Func,
method_2434,GetPaperHeight,,Func,
method_2435,GetPaperWidth,,Func,
method_2436,GetParamAtLength,,Func,
method_2437,GetParamExtents,,Sub,
method_2438,GetParameter,,Func,
method_2439,GetParameter,,Func,
method_2440,GetParameter,,Func,
method_2441,GetParameter,,Func,
method_2442,GetParameterFromPosition,,Func,
method_2443,GetParameterFromPosition,,Func,
method_2444,GetParameterLaw,,Sub,
method_2445,GetParameterNameSurroundedByTheSymbolInfo,,Func,
method_2446,GetParameterOnSubString,,Func,
method_2447,GetParameterTreeViewWithFormulaInfo,,Func,
method_2448,GetParameterTreeViewWithValueInfo,,Func,
method_2449,GetParametersInTreeInfo,,Func,
method_2450,GetParametersList,,Func,
method_2451,GetParametersList,,Func,
method_2452,GetParametersList,,Func,
method_2453,GetParametersNodeInTreeInfo,,Func,
method_2454,GetParent,,Sub,
method_2455,GetParentMA,,Sub,
method_2456,GetPart,,Func,
method_2457,GetPart,,Func,
method_2458,GetPartName,,Func,
method_2459,GetPartNumber,,Func,
method_2460,GetPartProdModeInfo,,Func,
method_2461,GetPartRelation,,Func,
method_2462,GetPartUpdateStatusInfo,,Func,
method_2463,GetParts,,Sub,
method_2464,GetPartsParameterModeInfo,,Func,
method_2465,GetPasteComponentModeInfo,,Func,
method_2466,GetPasteSameInstanceInfo,,Func,
method_2467,GetPath,,Sub,
method_2468,GetPath,,Sub,
method_2469,GetPath,,Func,
method_2470,GetPathFinderSmoothInfo,,Func,
method_2471,GetPattern,,Func,
method_2472,GetPick,,Func,
method_2473,GetPickedProducts,,Sub,
method_2474,GetPickingWindowSizeInfo,,Func,
method_2475,GetPinAttribute,,Func,
method_2476,GetPinSupports,,Sub,
method_2477,GetPlacedProducts,,Sub,
method_2478,GetPlacementAxis,,Sub,
method_2479,GetPlane,,Sub,
method_2480,GetPlaneAxisAngle,,Func,
method_2481,GetPlaneAxisCoord,,Func,
method_2482,GetPlaneAxisSwapAxes,,Func,
method_2483,GetPlaneColor,,Func,
method_2484,GetPlaneColorInfo,,Func,
method_2485,GetPlaneNormal,,Sub,
method_2486,GetPlaneNormal,,Sub,
method_2487,GetPlaneNormalInfo,,Func,
method_2488,GetPlaneOriginInfo,,Func,
method_2489,GetPlateColor,,Func,
method_2490,GetPlateColor,,Func,
method_2491,GetPlateColorInfo,,Func,
method_2492,GetPlateColorInfo,,Func,
method_2493,GetPlateMaterialInfo,,Func,
method_2494,GetPlateTypesInfo,,Func,
method_2495,GetPoint,,Sub,
method_2496,GetPoint,,Sub,
method_2497,GetPoint,,Sub,
method_2498,GetPoint,,Sub,
method_2499,GetPoint,,Sub,
method_2500,GetPoint,,Sub,
method_2501,GetPointAndParam,,Sub,
method_2502,GetPointAtParam,,Sub,
method_2503,GetPointConstraintExplicit,,Sub,
method_2504,GetPointConstraintFromCurve,,Sub,
method_2505,GetPointPosition,,Func,
method_2506,GetPoints,,Func,
method_2507,GetPoints,,Func,
method_2508,GetPointsOnAxis,,Sub,
method_2509,GetPointsOnCurve,,Sub,
method_2510,GetPortionToKeep,,Func,
method_2511,GetPos,,Func,
method_2512,GetPosAngle,,Func,
method_2513,GetPosAngle,,Func,
method_2514,GetPosCoord,,Func,
method_2515,GetPosCoord,,Func,
method_2516,GetPosDirection,,Func,
method_2517,GetPosPoint,,Func,
method_2518,GetPosPoint,,Func,
method_2519,GetPosSwapAxes,,Func,
method_2520,GetPosSwapAxes,,Func,
method_2521,GetPosition,,Func,
method_2522,GetPosition,,Sub,
method_2523,GetPosition,,Sub,
method_2524,GetPosition,,Sub,
method_2525,GetPosition,,Sub,
method_2526,GetPosition,,Sub,
method_2527,GetPosition,,Sub,
method_2528,GetPosition,,Func,
method_2529,GetPosition,,Sub,
method_2530,GetPositionDirection,,Func,
method_2531,GetPositions,,Sub,
method_2532,GetPostureValues,,Sub,
method_2533,GetPreSelectionModeInfo,,Func,
method_2534,GetPrecision,,Func,
method_2535,GetPreselectedElementLinetypeInfo,,Func,
method_2536,GetPreselectedElementRGB,,Func,
method_2537,GetPreselectedElementRGBInfo,,Func,
method_2538,GetPresentationInfo,,Func,
method_2539,GetPressureOverclosureTable,,Sub,
method_2540,GetPrevAreaInfo,,Func,
method_2541,GetPrevProcParseTypeForMfgCtxInfo,,Func,
method_2542,GetPreventBackgroundAccessInfo,,Func,
method_2543,GetPreventDimDriving3DCstrInfo,,Func,
method_2544,GetPreventFileNewInfo,,Sub,
method_2545,GetPreventGenViewStyleInfo,,Func,
method_2546,GetPreventSetAsDefaultInfo,,Func,
method_2547,GetPreventSwitchStandardInfo,,Func,
method_2548,GetPreventTrueDimensionCreationInfo,,Func,
method_2549,GetPreventUpdateStandardInfo,,Func,
method_2550,GetPreventViewGeomUpgradeInfo,,Func,
method_2551,GetPreviousOrientation,,Func,
method_2552,GetPrincipalAxes,,Sub,
method_2553,GetPrincipalMoments,,Sub,
method_2554,GetPrinterArrayForGroup,,Func,
method_2555,GetPrinterDirectories,,Func,
method_2556,GetPrinterDirectoriesInfo,,Func,
method_2557,GetPrinterDirectoryState,,Func,
method_2558,GetPrinterGroups,,Func,
method_2559,GetPrinterGroupsInfo,,Func,
method_2560,GetPriorityInfo,,Func,
method_2561,GetProEInstanceModeInfo,,Func,
method_2562,GetProEInstanceNameInfo,,Func,
method_2563,GetProEQuiltsReadInfo,,Func,
method_2564,GetProESimpRepModeInfo,,Func,
method_2565,GetProESimpRepNameInfo,,Func,
method_2566,GetProcProdRelationsInfo,,Func,
method_2567,GetProcResRelationsInfo,,Func,
method_2568,GetProcess,,Func,
method_2569,GetProcessIDScript,,Func,
method_2570,GetProcessIDScriptInfo,,Func,
method_2571,GetProcessTreeID,,Func,
method_2572,GetProduct,,Func,
method_2573,GetProduct,,Sub,
method_2574,GetProduct,,Func,
method_2575,GetProductBOMID,,Func,
method_2576,GetProductInstance,,Func,
method_2577,GetProductMotion,,Sub,
method_2578,GetProductNames,,Sub,
method_2579,GetProductUpdateStatusInfo,,Func,
method_2580,GetProfileInstance,,Sub,
method_2581,GetProfileInstances,,Sub,
method_2582,GetProjectionPlane,,Sub,
method_2583,GetProjectionPlaneNormal,,Sub,
method_2584,GetPropagateHighlightInfo,,Sub,
method_2585,GetPropagationType,,Func,
method_2586,GetProperty,,Sub,
method_2587,GetProtectedElementsColor,,Sub,
method_2588,GetProtectedElementsColorInfo,,Sub,
method_2589,GetPublishAutoLaunchBrowserInfo,,Func,
method_2590,GetPublishTopologicalElementsInfo,,Func,
method_2591,GetPullingDirection,,Sub,
method_2592,GetQuickConstraintModeInfo,,Func,
method_2593,GetQuickConstraintOrderedList,,Func,
method_2594,GetRCSDataLibDirInfo,,Func,
method_2595,GetRRS2ConnectDownloadersInfo,,Func,
method_2596,GetRRS2ConsistencyCmdDownloadersInfo,,Func,
method_2597,GetRRS2ControllerIdentifierAttributes,,Sub,
method_2598,GetRRS2ControllerIdentifiersInfo,,Func,
method_2599,GetRRS2DeleteAutoDownloadFilesAfterXferInfo,,Func,
method_2600,GetRRS2DfltControllerIdentifierInfo,,Func,
method_2601,GetRRS2DownloadDuringConnectInfo,,Func,
method_2602,GetRRS2DownloadDuringSimRunInfo,,Func,
method_2603,GetRRS2DownloadInPartCoordinatesInfo,,Func,
method_2604,GetRRS2DownloadLogFileNameInfo,,Func,
method_2605,GetRRS2FreePlaySimStepSizeInfo,,Func,
method_2606,GetRRS2MainTaskProcessingInfo,,Func,
method_2607,GetRRS2MotionPlannerActiveDuringTeachOLPInfo,,Func,
method_2608,GetRRS2SimRunDownloadersInfo,,Func,
method_2609,GetRRS2StopVRCWhenSimStopsInfo,,Func,
method_2610,GetRRS2UpdateProgramOnDownloadInfo,,Func,
method_2611,GetRRS2UseVRCInverseKinematicsInfo,,Func,
method_2612,GetRRS2UseVRCTurnLimitsInfo,,Func,
method_2613,GetRRSLibDirInfo,,Func,
method_2614,GetRRSServerFileInfo,,Func,
method_2615,GetRadius,,Func,
method_2616,GetRadiusOnMacro,,Func,
method_2617,GetRangeBox,,Sub,
method_2618,GetRatingInfo,,Func,
method_2619,GetReachColorInfo,,Func,
method_2620,GetRealColor,,Func,
method_2621,GetRealColor,,Sub,
method_2622,GetRealInheritance,,Func,
method_2623,GetRealLineType,,Func,
method_2624,GetRealOpacity,,Func,
method_2625,GetRealWidth,,Func,
method_2626,GetRecordModeInfo,,Func,
method_2627,GetRefComponents,,Func,
method_2628,GetRefDocInfo,,Func,
method_2629,GetReference,,Func,
method_2630,GetReference,,Func,
method_2631,GetReferenceBasePosition,,Sub,
method_2632,GetReferenceDirection,,Sub,
method_2633,GetReferenceDirectoryForTypesInfo,,Func,
method_2634,GetReferencePoint,,Func,
method_2635,GetReferenceSpine,,Sub,
method_2636,GetRelatedColors,,Func,
method_2637,GetRelatedColorsInfo,,Func,
method_2638,GetRelatedOperation,,Sub,
method_2639,GetRelatedResource,,Func,
method_2640,GetRelationObject,,Func,
method_2641,GetRelationsNodeInTreeInfo,,Func,
method_2642,GetRelationsUpdateInPartContextEvaluateDuringUpdateInfo,,Func,
method_2643,GetRelationsUpdateInPartContextSynchronousRelationsInfo,,Func,
method_2644,GetRelativePosition,,Sub,
method_2645,GetReleasePath,,Func,
method_2646,GetReleasePathInfo,,Func,
method_2647,GetReleasedVoxelInfo,,Func,
method_2648,GetRelimiters,,Sub,
method_2649,GetRelimiters,,Sub,
method_2650,GetRelimiters,,Sub,
method_2651,GetRelimiters,,Sub,
method_2652,GetRelimitingGeometry,,Sub,
method_2653,GetRemovedElem,,Func,
method_2654,GetRemovedElem,,Func,
method_2655,GetRenderStyleInfo,,Func,
method_2656,GetRepModInfo,,Func,
method_2657,GetReplaceOnlyAfterCurrentInfo,,Func,
method_2658,GetReportCheckAdvisorInfo,,Func,
method_2659,GetReportCheckExpertInfo,,Func,
method_2660,GetReportHtmlInCatiaSessionInfo,,Func,
method_2661,GetReportObjectsInformationInfo,,Func,
method_2662,GetReportOutputDirectoryInfo,,Func,
method_2663,GetReportParametersInformationInfo,,Func,
method_2664,GetReportPassedObjectsInfo,,Func,
method_2665,GetReshapeMode,,Sub,
method_2666,GetResolvedSectionsPathInfo,,Func,
method_2667,GetResource,,Sub,
method_2668,GetResourceFilterInfo,,Func,
method_2669,GetResourcePath,,Func,
method_2670,GetResourceTreeID,,Func,
method_2671,GetResourceValue,,Func,
method_2672,GetResultOutputDirInfo,,Func,
method_2673,GetRevision,,Func,
method_2674,GetRmvNotAssgnPrdResOnSyncInfo,,Func,
method_2675,GetRobotMotion,,Sub,
method_2676,GetRobotProgramDirInfo,,Func,
method_2677,GetRobotProgramDirectory,,Func,
method_2678,GetRootDLNameCreationRightInfo,,Func,
method_2679,GetRootProduct,,Func,
method_2680,GetRootsOfFacts,,Sub,
method_2681,GetRotAccelColorInfo,,Func,
method_2682,GetRotAccelLimitInfo,,Func,
method_2683,GetRotSpeedColorInfo,,Func,
method_2684,GetRotSpeedLimitInfo,,Func,
method_2685,GetRotationAngle,,Sub,
method_2686,GetRotationAxis,,Sub,
method_2687,GetRotationCenter,,Sub,
method_2688,GetRotationSnapAngleInfo,,Func,
method_2689,GetRotationSnapAutoInfo,,Func,
method_2690,GetRotationSphereModeInfo,,Func,
method_2691,GetRoutes,,Func,
method_2692,GetRowSize,,Func,
method_2693,GetRuledDevelopableSurfaceConnection,,Func,
method_2694,GetRunAnnotBehaviorInfo,,Func,
method_2695,GetRunAnnotationInfo,,Func,
method_2696,GetRunEndConditionInfo,,Func,
method_2697,GetRunHlnkBehaviorInfo,,Func,
method_2698,GetRunHyperlinkInfo,,Func,
method_2699,GetRunPauseInfo,,Func,
method_2700,GetRunStateMgtInfo,,Func,
method_2701,GetRunStepSizeInfo,,Func,
method_2702,GetRunTextBehaviorInfo,,Func,
method_2703,GetRunTextMsgInfo,,Func,
method_2704,GetRunViewpointInfo,,Func,
method_2705,GetRunVisBehaviorInfo,,Func,
method_2706,GetSHMStdProfPathInfo,,Func,
method_2707,GetSHMViewFDBeadBTLFeatInfo,,Func,
method_2708,GetSHMViewFDCircStampBTLFeatInfo,,Func,
method_2709,GetSHMViewFDCurveStampBTLFeatInfo,,Func,
method_2710,GetSHMViewFDFlgCutBTLFeatInfo,,Func,
method_2711,GetSHMViewFDFlgCutIMLInfo,,Func,
method_2712,GetSHMViewFDFlgCutOMLInfo,,Func,
method_2713,GetSHMViewFDFlgHoleBTLFeatInfo,,Func,
method_2714,GetSHMViewFDFlgHoleIMLInfo,,Func,
method_2715,GetSHMViewFDFlgHoleOMLInfo,,Func,
method_2716,GetSHMViewFDOtherStampBTLFeatInfo,,Func,
method_2717,GetSHMViewFDStiffStampBTLFeatInfo,,Func,
method_2718,GetSHMViewFDSurfFlgBTLFeatBFInfo,,Func,
method_2719,GetSHMViewFDSurfFlgBTLFeatHFInfo,,Func,
method_2720,GetSHMViewFDSurfFlgBTLSuppBFInfo,,Func,
method_2721,GetSHMViewFDSurfFlgBTLSuppHFInfo,,Func,
method_2722,GetSHMViewFDSurfFlgIMLBFInfo,,Func,
method_2723,GetSHMViewFDSurfFlgIMLHFInfo,,Func,
method_2724,GetSHMViewFDSurfFlgOMLBFInfo,,Func,
method_2725,GetSHMViewFDSurfFlgOMLHFInfo,,Func,
method_2726,GetSHMViewFDSurfStampBTLFeatInfo,,Func,
method_2727,GetSHMViewFDUserStampBTLFeatInfo,,Func,
method_2728,GetSHMViewFPBeadBTLFeatInfo,,Func,
method_2729,GetSHMViewFPCircStampBTLFeatInfo,,Func,
method_2730,GetSHMViewFPCurveStampBTLFeatInfo,,Func,
method_2731,GetSHMViewFPFlgCutBTLFeatInfo,,Func,
method_2732,GetSHMViewFPFlgCutIMLInfo,,Func,
method_2733,GetSHMViewFPFlgCutOMLInfo,,Func,
method_2734,GetSHMViewFPFlgHoleBTLFeatInfo,,Func,
method_2735,GetSHMViewFPFlgHoleIMLInfo,,Func,
method_2736,GetSHMViewFPFlgHoleOMLInfo,,Func,
method_2737,GetSHMViewFPOtherStampBTLFeatInfo,,Func,
method_2738,GetSHMViewFPStiffStampBTLFeatInfo,,Func,
method_2739,GetSHMViewFPSurfFlgBTLFeatBFInfo,,Func,
method_2740,GetSHMViewFPSurfFlgBTLFeatHFInfo,,Func,
method_2741,GetSHMViewFPSurfFlgBTLSuppBFInfo,,Func,
method_2742,GetSHMViewFPSurfFlgBTLSuppHFInfo,,Func,
method_2743,GetSHMViewFPSurfFlgCLBBFInfo,,Func,
method_2744,GetSHMViewFPSurfFlgCLBHFInfo,,Func,
method_2745,GetSHMViewFPSurfFlgIMLBFInfo,,Func,
method_2746,GetSHMViewFPSurfFlgIMLHFInfo,,Func,
method_2747,GetSHMViewFPSurfFlgOML2BFInfo,,Func,
method_2748,GetSHMViewFPSurfFlgOML2HFInfo,,Func,
method_2749,GetSHMViewFPSurfFlgOMLBFInfo,,Func,
method_2750,GetSHMViewFPSurfFlgOMLHFInfo,,Func,
method_2751,GetSHMViewFPSurfStampBTLFeatInfo,,Func,
method_2752,GetSHMViewFPUserStampBTLFeatInfo,,Func,
method_2753,GetSMARTEAMClassID,,Func,
method_2754,GetSMARTEAMObjectID,,Func,
method_2755,GetSVGViewerInfo,,Func,
method_2756,GetSafetyPlane,,Func,
method_2757,GetSameDisplayInfo,,Func,
method_2758,GetSamplePosition,,Sub,
method_2759,GetSampleTime,,Func,
method_2760,GetSampleds,,Func,
method_2761,GetSaveAsNewTemplateDirectoryInfo,,Func,
method_2762,GetSaveAutoIncrementInfo,,Func,
method_2763,GetSaveCGRInfo,,Func,
method_2764,GetSaveControlFlowInPROModeInfo,,Func,
method_2765,GetSaveCoorsysInCgrInfo,,Func,
method_2766,GetSaveInCGRInfo,,Func,
method_2767,GetSavePPRNoDetailingInfo,,Func,
method_2768,GetSaveRelationToUnExposedPartInfo,,Func,
method_2769,GetSaveShowEffctvtPanelInfo,,Func,
method_2770,GetSaveV5CalcTimeInfo,,Func,
method_2771,GetScale,,Sub,
method_2772,GetSceneDefaultsColor,,Func,
method_2773,GetSceneDefaultsColorInfo,,Func,
method_2774,GetSceneProductData,,Func,
method_2775,GetSchBaseFactory,,Func,
method_2776,GetSchCntrOwners,,Sub,
method_2777,GetSchExtContainer,,Func,
method_2778,GetSchObjOwner,,Func,
method_2779,GetSchematicSession,,Func,
method_2780,GetScoredElement,,Func,
method_2781,GetScriptVarValue,,Sub,
method_2782,GetSearch_Mapping_List,,Func,
method_2783,GetSecondAngleLaw,,Sub,
method_2784,GetSecondAxis,,Sub,
method_2785,GetSecondAxis,,Sub,
method_2786,GetSecondDirection,,Sub,
method_2787,GetSecondDirection,,Sub,
method_2788,GetSecondDirection,,Sub,
method_2789,GetSecondLengthDefinitionType,,Sub,
method_2790,GetSecondLengthLaw,,Sub,
method_2791,GetSecondPointCoordinates,,Sub,
method_2792,GetSecondPointCoordinates,,Sub,
method_2793,GetSectPatternInfo,,Func,
method_2794,GetSectPatternInfo,,Func,
method_2795,GetSection,,Sub,
method_2796,GetSectionFillInfo,,Func,
method_2797,GetSectionFromLoft,,Sub,
method_2798,GetSectionInfo,,Func,
method_2799,GetSectionsCatalogPathInfo,,Func,
method_2800,GetSeedPoint,,Sub,
method_2801,GetSegmentData,,Sub,
method_2802,GetSegmentValues,,Sub,
method_2803,GetSelectPublishedGeometryInfo,,Func,
method_2804,GetSelectedEdgeRGB,,Func,
method_2805,GetSelectedEdgeRGBInfo,,Func,
method_2806,GetSelectedElementRGB,,Func,
method_2807,GetSelectedElementRGBInfo,,Func,
method_2808,GetSelectedObjectID,,Func,
method_2809,GetServerTimeOutInfo,,Func,
method_2810,GetShaderModeInfo,,Func,
method_2811,GetShadowColor,,Sub,
method_2812,GetShapeColor,,Func,
method_2813,GetShapeColorInfo,,Func,
method_2814,GetShapePathName,,Func,
method_2815,GetShapeRepresentation,,Func,
method_2816,GetShiftedProfileInfo,,Func,
method_2817,GetShow,,Func,
method_2818,GetShowActivationInfo,,Func,
method_2819,GetShowCompletionDialogBoxInfo,,Func,
method_2820,GetShowLicenseInfo,,Func,
method_2821,GetShowOnlyFilteredObjectsInfo,,Func,
method_2822,GetShowParametersInfo,,Func,
method_2823,GetShowRelationsInfo,,Func,
method_2824,GetShowSynchroStatusOfLocalParamCacheInfo,,Func,
method_2825,GetSideStepAngleInfo,,Func,
method_2826,GetSightDirection,,Sub,
method_2827,GetSightDirection,,Sub,
method_2828,GetSimplify,,Func,
method_2829,GetSingularColorInfo,,Func,
method_2830,GetSize,,Func,
method_2831,GetSize,,Func,
method_2832,GetSizeControlInfo,,Func,
method_2833,GetSizeTypeInfo,,Func,
method_2834,GetSnapAngleDistanceInfo,,Func,
method_2835,GetSnapPositionInfo,,Func,
method_2836,GetSolidMUInfo,,Func,
method_2837,GetSource,,Func,
method_2838,GetSpacingCode,,Sub,
method_2839,GetSpatial,,Func,
method_2840,GetSpecularColor,,Sub,
method_2841,GetSpeedValue,,Sub,
method_2842,GetSpine,,Sub,
method_2843,GetSplineType,,Func,
method_2844,GetSplitFunctionalObjectNameInfo,,Func,
method_2845,GetStandardInfo,,Func,
method_2846,GetStartAndEndSectionTangent,,Sub,
method_2847,GetStartPoint,,Sub,
method_2848,GetStartPointGeometry,,Sub,
method_2849,GetStartSegment,,Func,
method_2850,GetStartTangentDirectionFlag,,Sub,
method_2851,GetStartUp_Model_For_DrawingInfo,,Func,
method_2852,GetStateName,,Func,
method_2853,GetStaticCullInfo,,Func,
method_2854,GetStaticLODInfo,,Func,
method_2855,GetStatus,,Sub,
method_2856,GetStepByStepUpdateAndRerouteInfo,,Func,
method_2857,GetStereoModeInfo,,Func,
method_2858,GetStiDBItemFromAnyObject,,Func,
method_2859,GetStiDBItemFromCATBSTR,,Func,
method_2860,GetStockFromSetup,,Sub,
method_2861,GetStringAttribute,,Func,
method_2862,GetStringUsedAsCarriageReturnInfo,,Func,
method_2863,GetStringUserAttribute,,Func,
method_2864,GetStyleSheetDirInfo,,Func,
method_2865,GetStyleSheetPathInfo,,Func,
method_2866,GetSubElement,,Func,
method_2867,GetSubElementsSize,,Func,
method_2868,GetSubItem,,Func,
method_2869,GetSubProductsCount,,Func,
method_2870,GetSupport,,Func,
method_2871,GetSupport,,Func,
method_2872,GetSupport,,Func,
method_2873,GetSupportAtPosition,,Func,
method_2874,GetSupportedRelations,,Func,
method_2875,GetSupports,,Sub,
method_2876,GetSupports,,Sub,
method_2877,GetSupports,,Sub,
method_2878,GetSuppressMode,,Func,
method_2879,GetSurface,,Func,
method_2880,GetSurfaceAccuracyInfo,,Func,
method_2881,GetSurfaceElementsLocationInfo,,Func,
method_2882,GetSurfaces,,Func,
method_2883,GetSurfacesCount,,Func,
method_2884,GetSymbColor,,Func,
method_2885,GetSymbThickness,,Func,
method_2886,GetSymbType,,Func,
method_2887,GetSymbol,,Sub,
method_2888,GetSymbol,,Func,
method_2889,GetSymbolType,,Func,
method_2890,GetSymbolcTransformations,,Func,
method_2891,GetSymmetricalExtension,,Func,
method_2892,GetSymmetricalExtension,,Func,
method_2893,GetSymmetricalExtension,,Func,
method_2894,GetSymmetricalExtension,,Func,
method_2895,GetSymmetricalExtension,,Func,
method_2896,GetSymmetricalExtension,,Func,
method_2897,GetSyncAnlSpecsInfo,,Func,
method_2898,GetSyncTimeAndSpeedInSimulationInfo,,Func,
method_2899,GetTCPOffset,,Sub,
method_2900,GetTCPTraceMode,,Func,
method_2901,GetTableCurrentAbsolutePosition,,Func,
method_2902,GetTag,,Sub,
method_2903,GetTag,,Func,
method_2904,GetTagList,,Sub,
method_2905,GetTagTarget,,Sub,
method_2906,GetTangency,,Sub,
method_2907,GetTangencyAngleLawInversion,,Sub,
method_2908,GetTangencyChoiceNo,,Sub,
method_2909,GetTangencyContinuity,,Func,
method_2910,GetTangencyLaw,,Sub,
method_2911,GetTangent,,Sub,
method_2912,GetTangent,,Sub,
method_2913,GetTangentNorm,,Func,
method_2914,GetTarget,,Sub,
method_2915,GetTargetDevice,,Sub,
method_2916,GetTargetLine,,Sub,
method_2917,GetTargetPlane,,Sub,
method_2918,GetTargetPoint,,Sub,
method_2919,GetTargetType,,Sub,
method_2920,GetTask,,Sub,
method_2921,GetTeamPDMURL,,Func,
method_2922,GetTechnicalDocumentationPathInfo,,Func,
method_2923,GetTechnologicalDatas,,Sub,
method_2924,GetTechnologicalObject,,Func,
method_2925,GetTechnologicalObject,,Func,
method_2926,GetTechnologicalObject,,Func,
method_2927,GetTechnologicalObject,,Func,
method_2928,GetTechnologicalObject,,Func,
method_2929,GetTechnologicalObject,,Func,
method_2930,GetTechnologicalObject,,Func,
method_2931,GetTechnologicalObject,,Func,
method_2932,GetTechnologicalObject,,Func,
method_2933,GetTempDependentFilmCoeffTable,,Sub,
method_2934,GetTempOutputDirectoryInfo,,Func,
method_2935,GetTemplateBooleanAttribute,,Func,
method_2936,GetTemplateDoubleAttribute,,Func,
method_2937,GetTemplateLongAttribute,,Func,
method_2938,GetTemplateStringAttribute,,Func,
method_2939,GetTemporaryListFactory,,Func,
method_2940,GetTensionInDouble,,Func,
method_2941,GetTensionType,,Func,
method_2942,GetTerminationAttrListInfo,,Func,
method_2943,GetTextColor,,Func,
method_2944,GetTextColorInfo,,Func,
method_2945,GetTextMigrationInfo,,Func,
method_2946,GetTextPositions,,Sub,
method_2947,GetTextRange,,Func,
method_2948,GetTextRange,,Func,
method_2949,GetThematicsParameterInfo,,Func,
method_2950,GetThematicsParameterInfo,,Func,
method_2951,GetThickness,,Func,
method_2952,GetThicknessListPathInfo,,Func,
method_2953,GetTieSupports,,Sub,
method_2954,GetTildeDisplayInfo,,Func,
method_2955,GetTimeAmplitudeTable,,Sub,
method_2956,GetTimeAmplitudeTable,,Sub,
method_2957,GetTimestampModeInfo,,Func,
method_2958,GetTolJoinInfo,,Func,
method_2959,GetTolOptInvalidGeomInfo,,Func,
method_2960,GetToleranceInfo,,Func,
method_2961,GetTolerances,,Sub,
method_2962,GetToolAxis,,Sub,
method_2963,GetToolChangePoint,,Sub,
method_2964,GetToolGage,,Sub,
method_2965,GetToolMobility,,Sub,
method_2966,GetToolProfile,,Sub,
method_2967,GetToolProfile,,Sub,
method_2968,GetToolProfileCount,,Sub,
method_2969,GetToolProfiles,,Sub,
method_2970,GetTotalDuration,,Func,
method_2971,GetTraceAxisColorInfo,,Func,
method_2972,GetTraceAxisThickInfo,,Func,
method_2973,GetTraceAxisTypeInfo,,Func,
method_2974,GetTraceAxisVisuInfo,,Func,
method_2975,GetTraceDeletePathInfo,,Func,
method_2976,GetTraceLegendInfo,,Func,
method_2977,GetTraceLineColorInfo,,Func,
method_2978,GetTraceLineThickInfo,,Func,
method_2979,GetTraceLineTypeInfo,,Func,
method_2980,GetTraceLineVisuInfo,,Func,
method_2981,GetTracePointColorInfo,,Func,
method_2982,GetTracePointSymbolInfo,,Func,
method_2983,GetTracePointVisuInfo,,Func,
method_2984,GetTrackAutoUpdateInfo,,Func,
method_2985,GetTrajectoryEndPointCoord,,Sub,
method_2986,GetTrajectoryEndPointCoord,,Sub,
method_2987,GetTrajectoryStartPointCoord,,Sub,
method_2988,GetTrajectoryStartPointCoord,,Sub,
method_2989,GetTransformMatrix,,Sub,
method_2990,GetTransformation2D,,Sub,
method_2991,GetTransition,,Func,
method_2992,GetTranslatorModeInfo,,Func,
method_2993,GetTransparencyColor,,Sub,
method_2994,GetTransparencyModeInfo,,Func,
method_2995,GetTravelColorInfo,,Func,
method_2996,GetTravelLimitInfo,,Func,
method_2997,GetTrickyFace,,Func,
method_2998,GetTrimSupport,,Func,
method_2999,GetTrueColorModeInfo,,Func,
method_3000,GetTrueDimensionColor,,Sub,
method_3001,GetTrueDimensionColorInfo,,Sub,
method_3002,GetTrueDimensionInfo,,Func,
method_3003,GetTurnNumbers,,Sub,
method_3004,GetTwoSideLightingModeInfo,,Func,
method_3005,GetType,,Sub,
method_3006,GetType,,Sub,
method_3007,GetType,,Func,
method_3008,GetType,,Func,
method_3009,GetType,,Func,
method_3010,GetType,,Func,
method_3011,GetType,,Func,
method_3012,GetTypeBaseFrmInfo,,Func,
method_3013,GetTypeCoorsysInfo,,Func,
method_3014,GetTypeInfo,,Func,
method_3015,GetTypeOfIconOnFunctionalElementInfo,,Func,
method_3016,GetTypeToolFrmInfo,,Func,
method_3017,GetTypeWclPathInfo,,Func,
method_3018,GetUGActiveLayersOnlyInfo,,Func,
method_3019,GetUGDrawingNameInfo,,Func,
method_3020,GetUGLayerNumbersInfo,,Func,
method_3021,GetUGOpenSurfacesInfo,,Func,
method_3022,GetUIStyleInfo,,Func,
method_3023,GetUTCTimeFormatInfo,,Func,
method_3024,GetUgReferenceSetInfo,,Func,
method_3025,GetUnassociatedSymbols,,Func,
method_3026,GetUnderFeatureInfo,,Func,
method_3027,GetUnderIntensifiedRGB,,Func,
method_3028,GetUnderIntensifiedRGBInfo,,Func,
method_3029,GetUnderSetInfo,,Func,
method_3030,GetUnderViewInfo,,Func,
method_3031,GetUpDirection,,Sub,
method_3032,GetUpDirection,,Sub,
method_3033,GetUpDirection,,Func,
method_3034,GetUpdateAnalysisInSimulationInfo,,Func,
method_3035,GetUpdateElementsRefreshedInfo,,Func,
method_3036,GetUpdateLinkedExternalReferencesInfo,,Func,
method_3037,GetUpdateModeInfo,,Func,
method_3038,GetUpdateNeededRGB,,Func,
method_3039,GetUpdateNeededRGBInfo,,Func,
method_3040,GetUpdateResultInfo,,Func,
method_3041,GetUpdateStatusModeInfo,,Func,
method_3042,GetUpdateStoppedOnErrorInfo,,Func,
method_3043,GetUploaderDirInfo,,Func,
method_3044,GetUploaderInfo,,Func,
method_3045,GetUsageLimitInfo,,Func,
method_3046,GetUseStyleCreateObjectsInfo,,Func,
method_3047,GetUserProfilesList,,Sub,
method_3048,GetUserWalkSpeedStatusInfo,,Func,
method_3049,GetV4V5_FDTInfo,,Func,
method_3050,GetV4_Model_CommentPageInfo,,Func,
method_3051,GetV4_Model_LnFInfo,,Func,
method_3052,GetV4_Part_DefinitionInfo,,Func,
method_3053,GetV5_SPAInfo,,Func,
method_3054,GetValue,,Func,
method_3055,GetValue,,Func,
method_3056,GetValue,,Func,
method_3057,GetValue,,Func,
method_3058,GetValue,,Func,
method_3059,GetValues,,Sub,
method_3060,GetVectorInfo,,Func,
method_3061,GetVectors,,Sub,
method_3062,GetVelocityColorInfo,,Func,
method_3063,GetVelocityLimitInfo,,Func,
method_3064,GetVerticalAxis,,Sub,
method_3065,GetVia,,Sub,
method_3066,GetViaMode,,Sub,
method_3067,GetViewAnalysisParameterInfo,,Func,
method_3068,GetViewAnalysisRelationInfo,,Func,
method_3069,GetViewAssociativityInfo,,Func,
method_3070,GetViewBackgroundModeInfo,,Func,
method_3071,GetViewFilterCreationModeInfo,,Func,
method_3072,GetViewName,,Sub,
method_3073,GetViewName,,Sub,
method_3074,GetViewProfileInfo,,Func,
method_3075,GetViewReferentialInfo,,Func,
method_3076,GetViewReferentialZoomableInfo,,Func,
method_3077,GetViewerAutoOpenInfo,,Func,
method_3078,GetViewerAutoReframeInfo,,Func,
method_3079,GetViewerLock2DInfo,,Func,
method_3080,GetViewpointAnimationModeInfo,,Func,
method_3081,GetVisBaseFrmInfo,,Func,
method_3082,GetVisCoorsysInfo,,Func,
method_3083,GetVisToolFrmInfo,,Func,
method_3084,GetVisWclPathInfo,,Func,
method_3085,GetVisibility,,Func,
method_3086,GetVisibility,,Func,
method_3087,GetVisibleColor,,Func,
method_3088,GetVisibleInheritance,,Func,
method_3089,GetVisibleLineType,,Func,
method_3090,GetVisibleOpacity,,Func,
method_3091,GetVisibleWidth,,Func,
method_3092,GetVisuFormatUnitInfo,,Func,
method_3093,GetVisu_Mode_2DInfo,,Func,
method_3094,GetVisualizationModeInfo,,Func,
method_3095,GetViz2DAccuracyModeInfo,,Func,
method_3096,GetViz2DFixedAccuracyInfo,,Func,
method_3097,GetViz2DProportionnalAccuracyInfo,,Func,
method_3098,GetViz3DAccuracyModeInfo,,Func,
method_3099,GetViz3DCurveAccuracyInfo,,Func,
method_3100,GetViz3DFixedAccuracyInfo,,Func,
method_3101,GetViz3DProportionnalAccuracyInfo,,Func,
method_3102,GetVolume,,Func,
method_3103,GetVoxelStaticAnlInfo,,Func,
method_3104,GetVoxelsInfo,,Func,
method_3105,GetWalkActColorInfo,,Func,
method_3106,GetWalkActLineTypeInfo,,Func,
method_3107,GetWalkActLineWeightInfo,,Func,
method_3108,GetWalkCurveDefPoints,,Sub,
method_3109,GetWalkForwardAngleInfo,,Func,
method_3110,GetWalkForwardDistanceInfo,,Func,
method_3111,GetWall,,Func,
method_3112,GetWeldSpeed,,Sub,
method_3113,GetWetArea,,Func,
method_3114,GetWindowDefaultHeightInfo,,Func,
method_3115,GetWindowDefaultWidthInfo,,Func,
method_3116,GetWindowOpenModeInfo,,Func,
method_3117,GetWorkInstructionsInfo,,Func,
method_3118,GetWorkbench,,Func,
method_3119,GetWorkbenchId,,Func,
method_3120,GetX,,Func,
method_3121,GetXAxis,,Sub,
method_3122,GetXMLDirInfo,,Func,
method_3123,GetXMLFileDirectory,,Func,
method_3124,GetXMLSchemaInfo,,Func,
method_3125,GetXVal,,Func,
method_3126,GetXYZ,,Sub,
method_3127,GetY,,Func,
method_3128,GetYAxis,,Sub,
method_3129,GetYPR,,Sub,
method_3130,GetYVal,,Func,
method_3131,GetZ,,Func,
method_3132,GetZAxis,,Sub,
method_3133,GetZVal,,Func,
method_3134,getTuple,,Func,
method_3135,getTupleSize,,Func,
method_3136,HasAControledRadius,,Func,
method_3137,HasAFreeState,,Func,
method_3138,HasAMasterShapeRepresentation,,Func,
method_3139,HasAMasterShapeRepresentation,,Func,
method_3140,HasAMaterialCondition,,Func,
method_3141,HasAParticularTolElem,,Func,
method_3142,HasATolerancePerUnitBasisRestrictiveValue,,Func,
method_3143,HasAccuracyProfile,,Sub,
method_3144,HasAnEnvelopCondition,,Func,
method_3145,HasDimensionLimit,,Func,
method_3146,HasMotionProfile,,Sub,
method_3147,HasObjFrameProfile,,Sub,
method_3148,HasObsoleteClass,,Sub,
method_3149,HasPartRelation,,Func,
method_3150,HasPartRelation,,Func,
method_3151,HasSeedPoint,,Sub,
method_3152,HasShapeRepresentation,,Func,
method_3153,HasToResetModalValues,,Sub,
method_3154,HasToolProfile,,Sub,
method_3155,Help,,Sub,
method_3156,Hide,,Sub,
method_3157,Highlight,,Sub,
method_3158,Import,,Sub,
method_3159,Import,,Sub,
method_3160,ImportDefineFile,,Sub,
method_3161,ImportDisp,,Sub,
method_3162,ImportFile,,Sub,
method_3163,ImportForce,,Sub,
method_3164,ImportFromFile,,Sub,
method_3165,ImportWithLink,,Sub,
method_3166,ImposedVertexRadius,,Func,
method_3167,InProcessModelBodiesCount,,Func,
method_3168,Inactivate,,Sub,
method_3169,IncrementTabulation,,Sub,
method_3170,Indicate2D,,Func,
method_3171,Indicate3D,,Func,
method_3172,IndicateOrSelectElement2D,,Func,
method_3173,IndicateOrSelectElement3D,,Func,
method_3174,Init,,Sub,
method_3175,InitFileGenerator,,Sub,
method_3176,Initialization,,Sub,
method_3177,Insert,,Func,
method_3178,InsertActivity,,Func,
method_3179,InsertAfter,,Sub,
method_3180,InsertAfter,,Sub,
method_3181,InsertAt,,Sub,
method_3182,InsertBefore,,Sub,
method_3183,InsertBoundAfterPosition,,Sub,
method_3184,InsertControlPointAfter,,Sub,
method_3185,InsertCoupling,,Sub,
method_3186,InsertCoupling,,Sub,
method_3187,InsertCouplingPoint,,Sub,
method_3188,InsertCouplingPoint,,Sub,
method_3189,InsertCurves,,Sub,
method_3190,InsertDraftAngleDefinitionLocation,,Sub,
method_3191,InsertElement,,Sub,
method_3192,InsertHybridShape,,Sub,
method_3193,InsertHybridShape,,Sub,
method_3194,InsertIntoRouteWithInfo,,Sub,
method_3195,InsertOperation,,Sub,
method_3196,InsertReferenceCurve,,Sub,
method_3197,InsertSectionToLoft,,Sub,
method_3198,InsertToolMotion,,Func,
method_3199,InsertVariable,,Sub,
method_3200,InsertViewAngle,,Sub,
method_3201,InsertViewScale,,Sub,
method_3202,InstanceName,,Func,
method_3203,InstanciateNOA,,Func,
method_3204,Instantiate,,Sub,
method_3205,Instantiate,,Sub,
method_3206,InstantiateInProductContext,,Sub,
method_3207,InverseOrientation,,Sub,
method_3208,InvertDirection,,Sub,
method_3209,InvertDirection,,Sub,
method_3210,InvertFirstOrientation,,Sub,
method_3211,InvertFirstOrientation,,Sub,
method_3212,InvertFirstOrientation,,Sub,
method_3213,InvertFirstOrientation,,Sub,
method_3214,InvertMode,,Sub,
method_3215,InvertOrientation,,Sub,
method_3216,InvertOrientation,,Sub,
method_3217,InvertOrientationDirection,,Sub,
method_3218,InvertOrientationSupport,,Sub,
method_3219,InvertRemoveOrientation,,Sub,
method_3220,InvertSecondOrientation,,Sub,
method_3221,InvertSecondOrientation,,Sub,
method_3222,InvertSecondOrientation,,Sub,
method_3223,InvertSecondOrientation,,Sub,
method_3224,IsACompositeTolerance,,Func,
method_3225,IsADefaultAnnotation,,Func,
method_3226,IsADimensionPattern,,Func,
method_3227,IsAProjectedToleranceZone,,Func,
method_3228,IsARefPlane,,Func,
method_3229,IsAReference,,Sub,
method_3230,IsAShiftedProfileTolerance,,Func,
method_3231,IsATangentPlane,,Func,
method_3232,IsAToleranceUnitBasisValue,,Func,
method_3233,IsAToleranceZone,,Func,
method_3234,IsAnAssociatedRefFrame,,Func,
method_3235,IsArrowShown,,Sub,
method_3236,IsAssemble,,Func,
method_3237,IsBoundaryValid,,Sub,
method_3238,IsCFOType,,Func,
method_3239,IsChildMA,,Sub,
method_3240,IsCntrConnected,,Func,
method_3241,IsConnected,,Func,
method_3242,IsContourClosed,,Func,
method_3243,IsDerived,,Func,
method_3244,IsDetail,,Func,
method_3245,IsDetail,,Func,
method_3246,IsDeviceMounted,,Sub,
method_3247,IsDiscrete,,Func,
method_3248,IsEmpty,,Func,
method_3249,IsEqualTo,,Func,
method_3250,IsGapShown,,Sub,
method_3251,IsGenerative,,Func,
method_3252,IsGeodesic,,Func,
method_3253,IsGeodesic,,Func,
method_3254,IsGeodesic,,Func,
method_3255,IsGeometricallyAccessibleOnSetup,,Func,
method_3256,IsHeterogeneousLaw,,Func,
method_3257,IsIDGenerated,,Func,
method_3258,IsInAutomaticSearchMode,,Func,
method_3259,IsInactive,,Func,
method_3260,IsInactive,,Func,
method_3261,IsInserted,,Sub,
method_3262,IsLinkedTo,,Func,
method_3263,IsModal,,Sub,
method_3264,IsOKToIntegrate,,Func,
method_3265,IsParentMA,,Sub,
method_3266,IsPeriodic,,Func,
method_3267,IsProductAuthorized,,Func,
method_3268,IsRealized,,Func,
method_3269,IsRoot,,Func,
method_3270,IsSimilarTo,,Func,
method_3271,IsSketchAxisUsedAsDefault,,Sub,
method_3272,IsSpecDriven,,Func,
method_3273,IsStopDialog,,Func,
method_3274,IsSubTypeOf,,Func,
method_3275,IsSystemNomenclature,,Func,
method_3276,IsTargetOKForInsert,,Sub,
method_3277,IsTargetOKForPlace,,Sub,
method_3278,IsTargetOKForRoute,,Sub,
method_3279,IsUpToDate,,Func,
method_3280,IsUseOnly,,Func,
method_3281,Isactivate,,Func,
method_3282,Isolate,,Sub,
method_3283,Isolate,,Sub,
method_3284,Isolate,,Sub,
method_3285,Isolate,,Sub,
method_3286,Item,,Sub,
method_3287,Item,,Func,
method_3288,Item,,Func,
method_3289,Item,,Func,
method_3290,Item,,Func,
method_3291,Item,,Func,
method_3292,Item,,Func,
method_3293,Item,,Func,
method_3294,Item,,Func,
method_3295,Item,,Func,
method_3296,Item,,Func,
method_3297,Item,,Func,
method_3298,Item,,Func,
method_3299,Item,,Func,
method_3300,Item,,Func,
method_3301,Item,,Func,
method_3302,Item,,Func,
method_3303,Item,,Func,
method_3304,Item,,Func,
method_3305,Item,,Func,
method_3306,Item,,Func,
method_3307,Item,,Func,
method_3308,Item,,Func,
method_3309,Item,,Func,
method_3310,Item,,Func,
method_3311,Item,,Func,
method_3312,Item,,Func,
method_3313,Item,,Func,
method_3314,Item,,Func,
method_3315,Item,,Func,
method_3316,Item,,Func,
method_3317,Item,,Func,
method_3318,Item,,Func,
method_3319,Item,,Func,
method_3320,Item,,Func,
method_3321,Item,,Func,
method_3322,Item,,Func,
method_3323,Item,,Func,
method_3324,Item,,Func,
method_3325,Item,,Func,
method_3326,Item,,Func,
method_3327,Item,,Func,
method_3328,Item,,Func,
method_3329,Item,,Func,
method_3330,Item,,Func,
method_3331,Item,,Func,
method_3332,Item,,Sub,
method_3333,Item,,Func,
method_3334,Item,,Func,
method_3335,Item,,Func,
method_3336,Item,,Func,
method_3337,Item,,Func,
method_3338,Item,,Func,
method_3339,Item,,Func,
method_3340,Item,,Func,
method_3341,Item,,Func,
method_3342,Item,,Func,
method_3343,Item,,Func,
method_3344,Item,,Func,
method_3345,Item,,Func,
method_3346,Item,,Func,
method_3347,Item,,Func,
method_3348,Item,,Func,
method_3349,Item,,Func,
method_3350,Item,,Func,
method_3351,Item,,Func,
method_3352,Item,,Func,
method_3353,Item,,Func,
method_3354,Item,,Func,
method_3355,Item,,Func,
method_3356,Item,,Func,
method_3357,Item,,Func,
method_3358,Item,,Func,
method_3359,Item,,Func,
method_3360,Item,,Func,
method_3361,Item,,Func,
method_3362,Item,,Func,
method_3363,Item,,Func,
method_3364,Item,,Func,
method_3365,Item,,Func,
method_3366,Item,,Func,
method_3367,Item,,Func,
method_3368,Item,,Func,
method_3369,Item,,Func,
method_3370,Item,,Func,
method_3371,Item,,Func,
method_3372,Item,,Func,
method_3373,Item,,Func,
method_3374,Item,,Func,
method_3375,Item,,Func,
method_3376,Item,,Func,
method_3377,Item,,Func,
method_3378,Item,,Func,
method_3379,Item,,Func,
method_3380,Item,,Func,
method_3381,Item,,Func,
method_3382,Item,,Func,
method_3383,Item,,Func,
method_3384,Item,,Func,
method_3385,Item,,Func,
method_3386,Item,,Func,
method_3387,Item,,Func,
method_3388,Item,,Func,
method_3389,Item,,Func,
method_3390,Item,,Func,
method_3391,Item,,Func,
method_3392,Item,,Sub,
method_3393,Item,,Func,
method_3394,Item,,Func,
method_3395,Item,,Func,
method_3396,Item,,Func,
method_3397,Item,,Func,
method_3398,Item,,Func,
method_3399,Item,,Func,
method_3400,Item,,Func,
method_3401,Item,,Func,
method_3402,Item,,Func,
method_3403,Item,,Func,
method_3404,Item,,Func,
method_3405,Item,,Func,
method_3406,Item,,Func,
method_3407,Item,,Func,
method_3408,Item,,Func,
method_3409,Item,,Func,
method_3410,Item,,Func,
method_3411,Item,,Func,
method_3412,Item,,Func,
method_3413,Item,,Func,
method_3414,Item,,Func,
method_3415,Item,,Func,
method_3416,Item,,Func,
method_3417,Item2,,Func,
method_3418,ItemByAssignmentType,,Func,
method_3419,ItemByType,,Func,
method_3420,ItemExplicit,,Func,
method_3421,ItemExtract,,Func,
method_3422,ItemInvert,,Func,
method_3423,ItemObject,,Func,
method_3424,ItemObject,,Func,
method_3425,KeepDirectory,,Sub,
method_3426,LifeCycleCheckIn,,Sub,
method_3427,LifeCycleCheckOut,,Sub,
method_3428,LifeCycleCheckOutPropagated,,Sub,
method_3429,LifeCycleNewRelease,,Sub,
method_3430,LifeCycleNewReleasePropagated,,Sub,
method_3431,LifeCycleRelease,,Sub,
method_3432,LifeCycleUndoCheckOut,,Sub,
method_3433,Limits,,Sub,
method_3434,Link,,Sub,
method_3435,LinkTo,,Sub,
method_3436,LinkType,,Func,
method_3437,ListAffectedComponents,,Sub,
method_3438,ListAllStates,,Sub,
method_3439,ListAlternateGraphics,,Func,
method_3440,ListAttached,,Func,
method_3441,ListAttributes,,Func,
method_3442,ListBendData,,Func,
method_3443,ListBoundaryElements,,Func,
method_3444,ListCompartments,,Func,
method_3445,ListCompatiblePartNumbers,,Sub,
method_3446,ListConnectables,,Sub,
method_3447,ListConnectedGRRs,,Sub,
method_3448,ListConnectors,,Func,
method_3449,ListDefinitionPoints,,Func,
method_3450,ListDesignGeometries,,Sub,
method_3451,ListDesignGeometriesProducts,,Sub,
method_3452,ListDoubleDiscreteValues,,Func,
method_3453,ListDropOffViews,,Func,
method_3454,ListEncodedDecodedDiscreteValues,,Sub,
method_3455,ListExtremityObjects,,Func,
method_3456,ListFixtureGeometries,,Sub,
method_3457,ListFixtureGeometriesProducts,,Sub,
method_3458,ListGRRZoneOwners,,Func,
method_3459,ListGraphicalImages,,Func,
method_3460,ListGraphicalPrimitives,,Func,
method_3461,ListGraphicalPrimitives,,Func,
method_3462,ListGraphicalRepresentations,,Func,
method_3463,ListGraphicalRepresentations,,Func,
method_3464,ListGroups,,Func,
method_3465,ListInProcessModelBodies,,Sub,
method_3466,ListIntegerDiscreteValues,,Func,
method_3467,ListInternalFlows,,Func,
method_3468,ListLogicalLines,,Func,
method_3469,ListMachinableGeometry,,Sub,
method_3470,ListManufacturingActivityConnected,,Sub,
method_3471,ListMechanismsContext,,Func,
method_3472,ListMembers,,Func,
method_3473,ListNetworkObjects,,Func,
method_3474,ListPartParametricAttributes,,Func,
method_3475,ListPhysicals,,Func,
method_3476,ListPointedGeometry,,Sub,
method_3477,ListPossibleMechanisms,,Func,
method_3478,ListRouteSymbols,,Func,
method_3479,ListSchConnectors,,Func,
method_3480,ListShapesOfPointedGeometry,,Sub,
method_3481,ListStates,,Sub,
method_3482,ListStockGeometries,,Sub,
method_3483,ListStockGeometriesProducts,,Sub,
method_3484,ListStringDiscreteValues,,Func,
method_3485,ListZones,,Sub,
method_3486,LoadAnnotationSetsList,,Sub,
method_3487,LoadFromPPRHub,,Func,
method_3488,LoadScriptFromFilePath,,Sub,
method_3489,LockActivitesWithinProgram,,Sub,
method_3490,LockActivty,,Sub,
method_3491,MachinableGeometryCount,,Func,
method_3492,MakeUserSurfaceNode,,Func,
method_3493,MakeUserSurfaceNode2,,Func,
method_3494,ManufacturingActivityConnectedCount,,Func,
method_3495,MaterialCondition,,Func,
method_3496,MergeCells,,Sub,
method_3497,MergeShapeName,,Func,
method_3498,Mirror,,Sub,
method_3499,Modify,,Sub,
method_3500,ModifyGuideCurve,,Sub,
method_3501,ModifyGuideCurve,,Sub,
method_3502,ModifyPoint,,Sub,
method_3503,ModifyPoint,,Sub,
method_3504,ModifyPrinterArrayForGroup,,Sub,
method_3505,ModifyPrinterDirectoryState,,Sub,
method_3506,ModifySectionCurve,,Sub,
method_3507,ModifySectionCurve,,Sub,
method_3508,ModifySectionOrient,,Sub,
method_3509,ModifySplittingElement,,Sub,
method_3510,ModifyState,,Func,
method_3511,ModifyURL,,Sub,
method_3512,ModifyURL,,Sub,
method_3513,ModifyVisu,,Sub,
method_3514,MountDevice,,Sub,
method_3515,Move,,Sub,
method_3516,Move,,Sub,
method_3517,MoveOperation,,Sub,
method_3518,MoveValue,,Sub,
method_3519,NewBlock,,Sub,
method_3520,NewCamera,,Func,
method_3521,NewCase,,Func,
method_3522,NewFrom,,Func,
method_3523,NewLine,,Sub,
method_3524,NewPart,,Func,
method_3525,NewWindow,,Func,
method_3526,NewWindow,,Func,
method_3527,NextLink,,Func,
method_3528,Noa,,Func,
method_3529,NumberOfAssignedProcesses,,Func,
method_3530,NumberOfJoiningParts,,Func,
method_3531,NumberOfJoiningParts,,Func,
method_3532,OKToBranch,,Sub,
method_3533,OKToBreak,,Sub,
method_3534,OKToConcatenate,,Sub,
method_3535,OKToConnect,,Sub,
method_3536,OKToFlipConnected,,Sub,
method_3537,OKToFlipHorizontal,,Sub,
method_3538,OKToFlipOnLine,,Sub,
method_3539,OKToFlipVertical,,Sub,
method_3540,OKToModifyPoints,,Sub,
method_3541,OKToPlaceInSpace,,Sub,
method_3542,OKToScale,,Sub,
method_3543,OKToSlide,,Sub,
method_3544,OKToUninsert,,Sub,
method_3545,OffsetShapeName,,Func,
method_3546,Open,,Func,
method_3547,OpenAsTextStream,,Func,
method_3548,OpenEdition,,Func,
method_3549,OrderAndCreateMOfromReport,,Func,
method_3550,Parse,,Func,
method_3551,ParticularTolElem,,Func,
method_3552,Paste,,Sub,
method_3553,PasteSpecial,,Sub,
method_3554,PlaceInSpace,,Sub,
method_3555,PlaceInSpace,,Sub,
method_3556,PlaceOnComponentWithInfo,,Func,
method_3557,PlaceOnObject,,Sub,
method_3558,PlaceOnObject,,Sub,
method_3559,PlacePartInSpace,,Func,
method_3560,PointFasteners,,Func,
method_3561,PointedGeometryCount,,Func,
method_3562,PostReplaceText,,Sub,
method_3563,Print,,Sub,
method_3564,Print,,Sub,
method_3565,PrintOut,,Sub,
method_3566,PrintOut,,Sub,
method_3567,PrintOut,,Sub,
method_3568,PrintOut2,,Sub,
method_3569,PrintToFile,,Sub,
method_3570,PrintToFile,,Sub,
method_3571,PrintToFile,,Sub,
method_3572,PrintToFile2,,Sub,
method_3573,ProjectedToleranceZone,,Func,
method_3574,Put3DTextureColor,,Sub,
method_3575,Put3DTextureColorCoefficient,,Sub,
method_3576,Put3DTextureOrientation,,Sub,
method_3577,Put3DTexturePosition,,Sub,
method_3578,Put3DTextureScale,,Sub,
method_3579,PutAmbientColor,,Sub,
method_3580,PutBackFaceCullingMode,,Sub,
method_3581,PutBackgroundColor,,Sub,
method_3582,PutColor,,Sub,
method_3583,PutCommandValues,,Sub,
method_3584,PutCommandValuesWithMultiSteps,,Sub,
method_3585,PutDiffuseColor,,Sub,
method_3586,PutDirection,,Sub,
method_3587,PutDirection,,Sub,
method_3588,PutFirstAxis,,Sub,
method_3589,PutGrabbedObjects,,Sub,
method_3590,PutGrabbedObjects,,Sub,
method_3591,PutIcon,,Sub,
method_3592,PutInput,,Sub,
method_3593,PutInput,,Sub,
method_3594,PutInputData,,Sub,
method_3595,PutInputData,,Sub,
method_3596,PutInputData,,Sub,
method_3597,PutInternal,,Sub,
method_3598,PutLimits,,Sub,
method_3599,PutListOfLibraryFilePath,,Sub,
method_3600,PutOrigin,,Sub,
method_3601,PutOrigin,,Sub,
method_3602,PutOrigin,,Sub,
method_3603,PutOrigin,,Sub,
method_3604,PutOrigin,,Sub,
method_3605,PutOrigin,,Sub,
method_3606,PutOutput,,Sub,
method_3607,PutPlaneNormal,,Sub,
method_3608,PutPlaneNormal,,Sub,
method_3609,PutReleasePath,,Sub,
method_3610,PutSearch_Mapping_List,,Sub,
method_3611,PutSecondAxis,,Sub,
method_3612,PutSelectionSetIntoCSO,,Sub,
method_3613,PutShadowColor,,Sub,
method_3614,PutSightDirection,,Sub,
method_3615,PutSpecularColor,,Sub,
method_3616,PutTarget,,Sub,
method_3617,PutTransparencyColor,,Sub,
method_3618,PutUpDirection,,Sub,
method_3619,PutValue,,Sub,
method_3620,PutVectors,,Sub,
method_3621,PutVerticalAxis,,Sub,
method_3622,PutXAxis,,Sub,
method_3623,PutYAxis,,Sub,
method_3624,PutZAxis,,Sub,
method_3625,QueryConnectAbility,,Func,
method_3626,QueryDropAbility,,Sub,
method_3627,QueryDropAbility,,Func,
method_3628,QueryDropCompGroupAbility,,Func,
method_3629,QueryNeighbours,,Func,
method_3630,Quit,,Sub,
method_3631,ReMountDevice,,Sub,
method_3632,Read,,Func,
method_3633,Read,,Func,
method_3634,ReadLine,,Func,
method_3635,ReadMfgData,,Sub,
method_3636,ReferenceFrame,,Func,
method_3637,Reframe,,Sub,
method_3638,RefreshDisplay,,Sub,
method_3639,RefreshInfo,,Sub,
method_3640,Remove,,Sub,
method_3641,Remove,,Sub,
method_3642,Remove,,Sub,
method_3643,Remove,,Sub,
method_3644,Remove,,Sub,
method_3645,Remove,,Sub,
method_3646,Remove,,Sub,
method_3647,Remove,,Sub,
method_3648,Remove,,Func,
method_3649,Remove,,Sub,
method_3650,Remove,,Sub,
method_3651,Remove,,Sub,
method_3652,Remove,,Sub,
method_3653,Remove,,Sub,
method_3654,Remove,,Sub,
method_3655,Remove,,Sub,
method_3656,Remove,,Sub,
method_3657,Remove,,Sub,
method_3658,Remove,,Sub,
method_3659,Remove,,Sub,
method_3660,Remove,,Sub,
method_3661,Remove,,Sub,
method_3662,Remove,,Sub,
method_3663,Remove,,Sub,
method_3664,Remove,,Sub,
method_3665,Remove,,Sub,
method_3666,Remove,,Sub,
method_3667,Remove,,Sub,
method_3668,Remove,,Sub,
method_3669,Remove,,Sub,
method_3670,Remove,,Sub,
method_3671,Remove,,Sub,
method_3672,Remove,,Sub,
method_3673,Remove,,Sub,
method_3674,Remove,,Sub,
method_3675,Remove,,Sub,
method_3676,Remove,,Sub,
method_3677,Remove,,Sub,
method_3678,Remove,,Sub,
method_3679,Remove,,Sub,
method_3680,Remove,,Sub,
method_3681,Remove,,Sub,
method_3682,Remove,,Sub,
method_3683,Remove,,Sub,
method_3684,Remove,,Sub,
method_3685,Remove,,Sub,
method_3686,Remove,,Sub,
method_3687,Remove,,Sub,
method_3688,Remove,,Sub,
method_3689,Remove,,Sub,
method_3690,Remove,,Sub,
method_3691,Remove,,Sub,
method_3692,Remove,,Sub,
method_3693,Remove,,Sub,
method_3694,Remove,,Sub,
method_3695,Remove,,Sub,
method_3696,Remove,,Sub,
method_3697,Remove,,Sub,
method_3698,Remove,,Sub,
method_3699,Remove,,Func,
method_3700,Remove,,Sub,
method_3701,Remove,,Sub,
method_3702,Remove,,Sub,
method_3703,Remove,,Sub,
method_3704,Remove,,Sub,
method_3705,Remove,,Sub,
method_3706,Remove,,Sub,
method_3707,Remove,,Sub,
method_3708,Remove,,Sub,
method_3709,Remove,,Sub,
method_3710,Remove,,Sub,
method_3711,Remove,,Sub,
method_3712,Remove,,Sub,
method_3713,Remove,,Sub,
method_3714,Remove,,Sub,
method_3715,Remove,,Sub,
method_3716,Remove,,Sub,
method_3717,Remove,,Sub,
method_3718,Remove,,Sub,
method_3719,Remove,,Sub,
method_3720,Remove2,,Sub,
method_3721,RemoveAccuracyProfile,,Sub,
method_3722,RemoveActiveLight,,Sub,
method_3723,RemoveAffectedComponent,,Sub,
method_3724,RemoveAll,,Sub,
method_3725,RemoveAll,,Sub,
method_3726,RemoveAll,,Sub,
method_3727,RemoveAll,,Sub,
method_3728,RemoveAll,,Sub,
method_3729,RemoveAll,,Sub,
method_3730,RemoveAllAlternateGraphics,,Sub,
method_3731,RemoveAllAlternateGraphicsOfStyle,,Sub,
method_3732,RemoveAllBound,,Sub,
method_3733,RemoveAllCutPoints,,Sub,
method_3734,RemoveAllDraftAngleDefinitionLocations,,Sub,
method_3735,RemoveAllFacesToKeep,,Sub,
method_3736,RemoveAllFillPoints,,Sub,
method_3737,RemoveAllFrozenCurveSegments,,Sub,
method_3738,RemoveAllFrozenPoints,,Sub,
method_3739,RemoveAllGeometry,,Sub,
method_3740,RemoveAllGeometry,,Sub,
method_3741,RemoveAllGraphicalPrimitives,,Sub,
method_3742,RemoveAllInternalEdgesElement,,Sub,
method_3743,RemoveAllLinks,,Sub,
method_3744,RemoveAllPath,,Sub,
method_3745,RemoveAllPointsAndParams,,Sub,
method_3746,RemoveAllPosAngle,,Sub,
method_3747,RemoveAllPosCoord,,Sub,
method_3748,RemoveAllPrinterDirectories,,Sub,
method_3749,RemoveAllPrinterGroups,,Sub,
method_3750,RemoveAlternateGraphic,,Sub,
method_3751,RemoveAnalyses,,Sub,
method_3752,RemoveAngle,,Sub,
method_3753,RemoveAngle,,Sub,
method_3754,RemoveAngle,,Sub,
method_3755,RemoveAssociation,,Sub,
method_3756,RemoveAttribute,,Sub,
method_3757,RemoveAuxAttribute,,Sub,
method_3758,RemoveAxisSystem,,Sub,
method_3759,RemoveBodyToHeal,,Sub,
method_3760,RemoveBoundAtPosition,,Sub,
method_3761,RemoveBoundaryElement,,Sub,
method_3762,RemoveByAssignmentType,,Func,
method_3763,RemoveByAssignmentType,,Func,
method_3764,RemoveByIndex,,Sub,
method_3765,RemoveByIndex,,Sub,
method_3766,RemoveByIndex,,Sub,
method_3767,RemoveByIndex,,Sub,
method_3768,RemoveByIndex,,Sub,
method_3769,RemoveByIndex,,Sub,
method_3770,RemoveByIndex,,Sub,
method_3771,RemoveByIndex,,Sub,
method_3772,RemoveColumn,,Sub,
method_3773,RemoveConnector,,Sub,
method_3774,RemoveConnector,,Sub,
method_3775,RemoveConstraint,,Sub,
method_3776,RemoveConstraint,,Sub,
method_3777,RemoveConstraint,,Sub,
method_3778,RemoveControlPoint,,Sub,
method_3779,RemoveCurvatureRadiusDirection,,Sub,
method_3780,RemoveCurvatureRadiusValue,,Sub,
method_3781,RemoveCurves,,Sub,
method_3782,RemoveCuttingElem,,Sub,
method_3783,RemoveDLName,,Sub,
method_3784,RemoveDof,,Sub,
method_3785,RemoveDraftAngleDefinitionLocationPosition,,Sub,
method_3786,RemoveDropOffView,,Sub,
method_3787,RemoveERAssignment,,Sub,
method_3788,RemoveERWithFTA,,Sub,
method_3789,RemoveEdgeToKeepSharp,,Sub,
method_3790,RemoveEdgeToTear,,Sub,
method_3791,RemoveElectronicBehaviour,,Sub,
method_3792,RemoveElement,,Sub,
method_3793,RemoveElement,,Sub,
method_3794,RemoveElement,,Sub,
method_3795,RemoveElement,,Sub,
method_3796,RemoveElementToFreeze,,Sub,
method_3797,RemoveElementToKeep,,Sub,
method_3798,RemoveElementToKeep,,Sub,
method_3799,RemoveElementToRemove,,Sub,
method_3800,RemoveElementToRemove,,Sub,
method_3801,RemoveExplicit,,Sub,
method_3802,RemoveExtension,,Sub,
method_3803,RemoveFaceForClosing,,Sub,
method_3804,RemoveFaceToDraft,,Sub,
method_3805,RemoveFaceToKeep,,Sub,
method_3806,RemoveFaceWithDifferentThickness,,Sub,
method_3807,RemoveFaceWithDifferentThickness,,Sub,
method_3808,RemoveFastenerFromProcess,,Sub,
method_3809,RemoveFastenerFromResource,,Sub,
method_3810,RemoveFederatedElement,,Sub,
method_3811,RemoveFile,,Sub,
method_3812,RemoveFilter,,Sub,
method_3813,RemoveFittingPoints,,Sub,
method_3814,RemoveFixTogether,,Sub,
method_3815,RemoveFormalParameter,,Sub,
method_3816,RemoveFreeParameter,,Sub,
method_3817,RemoveFrom,,Sub,
method_3818,RemoveFrozenCurveSegment,,Sub,
method_3819,RemoveFrozenPoint,,Sub,
method_3820,RemoveGraphicalPrimitive,,Sub,
method_3821,RemoveGraphicalPrimitive,,Sub,
method_3822,RemoveGraphicalRepresentation,,Sub,
method_3823,RemoveGraphicalRepresentation,,Sub,
method_3824,RemoveGuide,,Sub,
method_3825,RemoveGuide,,Sub,
method_3826,RemoveGuide,,Sub,
method_3827,RemoveGuide,,Sub,
method_3828,RemoveGuideCrv,,Sub,
method_3829,RemoveGuideSur,,Sub,
method_3830,RemoveGuideTangent,,Sub,
method_3831,RemoveInterferenceFit,,Sub,
method_3832,RemoveInternalFlow,,Sub,
method_3833,RemoveInterrupt,,Sub,
method_3834,RemoveInterruption,,Sub,
method_3835,RemoveInterruption,,Sub,
method_3836,RemoveLength,,Sub,
method_3837,RemoveLink,,Sub,
method_3838,RemoveMachinableGeometry,,Sub,
method_3839,RemoveMasterShapeRepresentation,,Sub,
method_3840,RemoveMember,,Sub,
method_3841,RemoveMember,,Sub,
method_3842,RemoveMfgAssembly,,Sub,
method_3843,RemoveMotionProfile,,Sub,
method_3844,RemoveNCGeometry,,Sub,
method_3845,RemoveObjFrameProfile,,Sub,
method_3846,RemoveObject,,Sub,
method_3847,RemoveObject,,Sub,
method_3848,RemoveParameter,,Sub,
method_3849,RemovePart,,Sub,
method_3850,RemovePartSurfaces,,Sub,
method_3851,RemovePathByIndex,,Sub,
method_3852,RemovePathByObject,,Sub,
method_3853,RemovePickedMfgAssembly,,Sub,
method_3854,RemovePickedProduct,,Sub,
method_3855,RemovePlacedMfgAssembly,,Sub,
method_3856,RemovePlacedProduct,,Sub,
method_3857,RemovePoint,,Sub,
method_3858,RemovePoint,,Sub,
method_3859,RemovePointAndParam,,Sub,
method_3860,RemovePointedGeometry,,Sub,
method_3861,RemovePoints,,Sub,
method_3862,RemovePoints,,Sub,
method_3863,RemovePosition,,Sub,
method_3864,RemovePosition,,Sub,
method_3865,RemovePrinterDirectory,,Sub,
method_3866,RemovePrinterGroup,,Sub,
method_3867,RemoveProduct,,Sub,
method_3868,RemoveRadius,,Sub,
method_3869,RemoveRelimitingGeometry,,Sub,
method_3870,RemoveRootOfFacts,,Sub,
method_3871,RemoveRow,,Sub,
method_3872,RemoveSample,,Sub,
method_3873,RemoveSection,,Sub,
method_3874,RemoveSection,,Sub,
method_3875,RemoveSectionPoint,,Sub,
method_3876,RemoveSectionTangent,,Sub,
method_3877,RemoveShapeRepresentation,,Sub,
method_3878,RemoveStartPointGeometry,,Sub,
method_3879,RemoveSubElement,,Sub,
method_3880,RemoveSupport,,Sub,
method_3881,RemoveSupport,,Sub,
method_3882,RemoveSupport,,Sub,
method_3883,RemoveSupport,,Sub,
method_3884,RemoveSupport,,Sub,
method_3885,RemoveSupportAtPosition,,Sub,
method_3886,RemoveSymbol,,Sub,
method_3887,RemoveTangency,,Sub,
method_3888,RemoveTangentDirection,,Sub,
method_3889,RemoveTension,,Sub,
method_3890,RemoveToolProfile,,Sub,
method_3891,RemoveTrickyFace,,Sub,
method_3892,RemoveURL,,Sub,
method_3893,RemoveURL,,Sub,
method_3894,RemovefromLogicalDataAttrList,,Sub,
method_3895,RemovefromTerminationAttrList,,Sub,
method_3896,Rename,,Sub,
method_3897,Rename,,Sub,
method_3898,RenameDLName,,Sub,
method_3899,RenameSelectionSet,,Sub,
method_3900,Render,,Sub,
method_3901,Reorder,,Sub,
method_3902,ReparentTagGroup,,Sub,
method_3903,Replace,,Sub,
method_3904,Replace,,Func,
method_3905,ReplaceBoundAtPosition,,Sub,
method_3906,ReplaceByCGR,,Sub,
method_3907,ReplaceComponent,,Func,
method_3908,ReplaceConstraint,,Sub,
method_3909,ReplaceElement,,Sub,
method_3910,ReplaceElement,,Sub,
method_3911,ReplaceElement,,Sub,
method_3912,ReplaceMaterialLinks,,Sub,
method_3913,ReplacePointAtPosition,,Sub,
method_3914,ReplacePointAtPosition,,Sub,
method_3915,ReplaceProduct,,Func,
method_3916,ReplaceSupportAtPosition,,Sub,
method_3917,ReplaceToHealElement,,Sub,
method_3918,Report,,Sub,
method_3919,ResetAllModalValues,,Sub,
method_3920,ResetAttachedOwner,,Sub,
method_3921,ResetAttachedOwner,,Sub,
method_3922,ResetCmdValueToZero,,Sub,
method_3923,ResetCutback,,Sub,
method_3924,ResetDerivedAttr,,Sub,
method_3925,ResetGraphics,,Sub,
method_3926,ResetPosition,,Sub,
method_3927,ResetSelection,,Sub,
method_3928,ResetTarget,,Sub,
method_3929,ResetToAdminValues,,Sub,
method_3930,ResetToAdminValuesByName,,Sub,
method_3931,ResetToAdminValuesForUnits,,Sub,
method_3932,ReshapeExtremity,,Sub,
method_3933,ReshapeExtremity2,,Sub,
method_3934,RestoreInitialState,,Sub,
method_3935,RestoreInitialStateList,,Sub,
method_3936,RestoreValuePosition,,Sub,
method_3937,Retrieve,,Func,
method_3938,RetrieveKindOfLinked,,Func,
method_3939,RetrieveLinked,,Func,
method_3940,RetrieveMfgAssembly,,Func,
method_3941,RetrieveMfgAssemblyAtIndex,,Func,
method_3942,Reverse,,Sub,
method_3943,Reverse,,Sub,
method_3944,ReverseDepth,,Sub,
method_3945,ReverseDirection,,Sub,
method_3946,ReverseDirection,,Sub,
method_3947,ReverseInnerSide,,Sub,
method_3948,ReverseInnerSide,,Sub,
method_3949,ReverseThickness,,Sub,
method_3950,ReverseTime,,Sub,
method_3951,Rollback,,Sub,
method_3952,RollbackForUnits,,Sub,
method_3953,Rotate,,Sub,
method_3954,Rotate,,Sub,
method_3955,Rotate,,Sub,
method_3956,Rotate,,Sub,
method_3957,RotateAtPoint,,Sub,
method_3958,Roughness,,Func,
method_3959,RouteStringPartInSpace,,Func,
method_3960,Run,,Sub,
method_3961,Run,,Sub,
method_3962,Run,,Sub,
method_3963,RunFileGenerator,,Sub,
method_3964,RunTransition,,Sub,
method_3965,remove_KeepFace,,Sub,
method_3966,remove_RemoveFace,,Sub,
method_3967,reorder_Sheets,,Sub,
method_3968,reorder_Sheets,,Sub,
method_3969,reorder_Views,,Sub,
method_3970,reorder_Views,,Sub,
method_3971,Save,,Sub,
method_3972,Save,,Sub,
method_3973,SaveAs,,Sub,
method_3974,SaveAsFrozen,,Sub,
method_3975,SaveEdition,,Sub,
method_3976,SaveEdition,,Sub,
method_3977,SaveInitialState,,Sub,
method_3978,SaveInitialStateList,,Sub,
method_3979,SaveRepository,,Sub,
method_3980,SaveRepositoryForUnits,,Sub,
method_3981,SaveToPPRHub,,Func,
method_3982,Scale,,Sub,
method_3983,Scale,,Sub,
method_3984,Scale,,Sub,
method_3985,ScaleSelectedObjects,,Sub,
method_3986,Search,,Sub,
method_3987,SearchFacet,,Func,
method_3988,SearchFacet,,Func,
method_3989,SearchFacet,,Func,
method_3990,SearchFacetByName,,Func,
method_3991,SearchFacetByName,,Func,
method_3992,SearchFacetByName,,Func,
method_3993,SelectBehavior,,Func,
method_3994,SelectElement2,,Func,
method_3995,SelectElement3,,Func,
method_3996,SelectElement4,,Func,
method_3997,SetASNavigationModeLock,,Sub,
method_3998,SetASStepSizeLock,,Sub,
method_3999,SetAbsDatas,,Sub,
method_4000,SetAbsoluteAxisData,,Sub,
method_4001,SetAccelColorLock,,Sub,
method_4002,SetAccelLimitLock,,Sub,
method_4003,SetAccelerationValue,,Sub,
method_4004,SetAccuracyProfile,,Sub,
method_4005,SetAccuracyType,,Sub,
method_4006,SetAccuracyValue,,Sub,
method_4007,SetAccuratePickingModeLock,,Sub,
method_4008,SetAccuratePickingWindowSizeLock,,Sub,
method_4009,SetActivate2DModeLock,,Sub,
method_4010,SetActivationModeLock,,Sub,
method_4011,SetActivationStateLock,,Sub,
method_4012,SetActivationStateLock,,Sub,
method_4013,SetActivationStatus,,Sub,
method_4014,SetActiveTask,,Sub,
method_4015,SetAdditionalSymbol,,Sub,
method_4016,SetAffiche_AttributLock,,Sub,
method_4017,SetAlignVector,,Sub,
method_4018,SetAlignmentConnector,,Sub,
method_4019,SetAlignmentVector,,Sub,
method_4020,SetAllChecksReportLock,,Sub,
method_4021,SetAllJointsSpeedLock,,Sub,
method_4022,SetAllResourceFilterLock,,Sub,
method_4023,SetAllZBufferElementModeLock,,Sub,
method_4024,SetAllowDistortionsLock,,Sub,
method_4025,SetAlphabeticOrderLock,,Sub,
method_4026,SetAlsoDeleteExclusiveParentsLock,,Sub,
method_4027,SetAlternateViewLock,,Sub,
method_4028,SetAmbientActivationLock,,Sub,
method_4029,SetAnalysisCacheModeLock,,Sub,
method_4030,SetAnalysisDisplayModeLock,,Sub,
method_4031,SetAnalysisLevelLock,,Sub,
method_4032,SetAnalysisLoadModeLock,,Sub,
method_4033,SetAnalysisNamingAutoLock,,Sub,
method_4034,SetAngle,,Sub,
method_4035,SetAngle,,Sub,
method_4036,SetAngleLawTypes,,Sub,
method_4037,SetAngleLimitLock,,Sub,
method_4038,SetAngleLock,,Sub,
method_4039,SetAngleMaxToleranceLock,,Sub,
method_4040,SetAngleMinToleranceLock,,Sub,
method_4041,SetAnglePitchParam,,Sub,
method_4042,SetAngleRadiusParam,,Sub,
method_4043,SetAngleRef,,Sub,
method_4044,SetAngleStepLock,,Sub,
method_4045,SetAngulaireGeneralTolClassLock,,Sub,
method_4046,SetAngularAccelerationValue,,Sub,
method_4047,SetAngularLaw,,Sub,
method_4048,SetAngularSpeedValue,,Sub,
method_4049,SetAngularThreshold,,Sub,
method_4050,SetAngularThresholdActivity,,Sub,
method_4051,SetAngularTolerance,,Sub,
method_4052,SetAngularToleranceMode,,Sub,
method_4053,SetAnimationLock,,Sub,
method_4054,SetAnlAccelLimitLock,,Sub,
method_4055,SetAnlCautionZoneLock,,Sub,
method_4056,SetAnlIOAnalysisLock,,Sub,
method_4057,SetAnlIntDistLock,,Sub,
method_4058,SetAnlIntfLock,,Sub,
method_4059,SetAnlLinAccelLimitLock,,Sub,
method_4060,SetAnlLinSpeedLimitLock,,Sub,
method_4061,SetAnlMeasureLock,,Sub,
method_4062,SetAnlRotAccelLimitLock,,Sub,
method_4063,SetAnlRotSpeedLimitLock,,Sub,
method_4064,SetAnlTravelLimitLock,,Sub,
method_4065,SetAnlVelocityLimitLock,,Sub,
method_4066,SetAnnotDimInvalidColor,,Sub,
method_4067,SetAnnotDimInvalidColorLock,,Sub,
method_4068,SetAnnotDimInvalidLock,,Sub,
method_4069,SetAnnotDimOnDeletedGeomColor,,Sub,
method_4070,SetAnnotDimOnDeletedGeomColorLock,,Sub,
method_4071,SetAnnotDimOnDeletedGeomLock,,Sub,
method_4072,SetAnnotDimOnUnloadedGeomColor,,Sub,
method_4073,SetAnnotDimOnUnloadedGeomColorLock,,Sub,
method_4074,SetAnnotDimOnUnloadedGeomLock,,Sub,
method_4075,SetAnnotOnZeroZSettingLock,,Sub,
method_4076,SetAnnotatedViewLock,,Sub,
method_4077,SetAnnotation3DLock,,Sub,
method_4078,SetAnnotation3DModeLock,,Sub,
method_4079,SetAntiAliasingModeLock,,Sub,
method_4080,SetAntiAliasingOffsetLock,,Sub,
method_4081,SetApplicativeDataFilterLock,,Sub,
method_4082,SetApplyJoinLock,,Sub,
method_4083,SetApplyLabelEffToAltChildLock,,Sub,
method_4084,SetArcSelectionActivationLock,,Sub,
method_4085,SetArea,,Sub,
method_4086,SetArrangementNomenclature,,Sub,
method_4087,SetArrow,,Sub,
method_4088,SetAsDetail,,Sub,
method_4089,SetAskAnlModeLock,,Sub,
method_4090,SetAssemble,,Sub,
method_4091,SetAssignedViewerLock,,Sub,
method_4092,SetAsso_modeLock,,Sub,
method_4093,SetAssociatedToolTip,,Sub,
method_4094,SetAthAnnotationLock,,Sub,
method_4095,SetAthDisableSimLock,,Sub,
method_4096,SetAthEndConditionLock,,Sub,
method_4097,SetAthHyperlinkLock,,Sub,
method_4098,SetAthSelAgentDlgLock,,Sub,
method_4099,SetAthStateMgtLock,,Sub,
method_4100,SetAthTextMsgLock,,Sub,
method_4101,SetAthViewpointLock,,Sub,
method_4102,SetAttAPLock,,Sub,
method_4103,SetAttASMGVPLock,,Sub,
method_4104,SetAttASMLock,,Sub,
method_4105,SetAttAngleDefFitingLock,,Sub,
method_4106,SetAttAnnotationLock,,Sub,
method_4107,SetAttFittingLock,,Sub,
method_4108,SetAttGVPCOPSLock,,Sub,
method_4109,SetAttGVPCOPSSAGLock,,Sub,
method_4110,SetAttGVPCOPSTolLock,,Sub,
method_4111,SetAttGVPCdGLock,,Sub,
method_4112,SetAttGVPLock,,Sub,
method_4113,SetAttGVPVALock,,Sub,
method_4114,SetAttGroupModeLock,,Sub,
method_4115,SetAttHeaderAuthorLock,,Sub,
method_4116,SetAttHeaderAuthorisationLock,,Sub,
method_4117,SetAttHeaderDescriptionLock,,Sub,
method_4118,SetAttHeaderOrganisationLock,,Sub,
method_4119,SetAttIASMLock,,Sub,
method_4120,SetAttLayersFiltersLock,,Sub,
method_4121,SetAttMultiCADLock,,Sub,
method_4122,SetAttOptimizeC2Lock,,Sub,
method_4123,SetAttReportLock,,Sub,
method_4124,SetAttShowLock,,Sub,
method_4125,SetAttTolDefOptFitLock,,Sub,
method_4126,SetAttUnitsLock,,Sub,
method_4127,SetAttachedOwner,,Sub,
method_4128,SetAttachedOwner,,Sub,
method_4129,SetAttribute,,Sub,
method_4130,SetAttribute,,Sub,
method_4131,SetAttributeValue,,Sub,
method_4132,SetAttributeValueReal,,Sub,
method_4133,SetAttributeValueString,,Sub,
method_4134,SetAttributesFilterLock,,Sub,
method_4135,SetAuthorNameLock,,Sub,
method_4136,SetAuthorOrganizationLock,,Sub,
method_4137,SetAutoCCPLock,,Sub,
method_4138,SetAutoExpandActivationLock,,Sub,
method_4139,SetAutoLoadMfgCtxLock,,Sub,
method_4140,SetAutoLoadSrvMfgCtxLock,,Sub,
method_4141,SetAutoLoadVolCtxLock,,Sub,
method_4142,SetAutoName,,Sub,
method_4143,SetAutoPreviewModeLock,,Sub,
method_4144,SetAutoReframeFilterLock,,Sub,
method_4145,SetAutoSaveLock,,Sub,
method_4146,SetAutoScrollActivationLock,,Sub,
method_4147,SetAutoSwitchToDesignModeLock,,Sub,
method_4148,SetAutoUpdateModeLock,,Sub,
method_4149,SetAutoWalkActColorLock,,Sub,
method_4150,SetAutoWalkActLineTypeLock,,Sub,
method_4151,SetAutoWalkActLineWeightLock,,Sub,
method_4152,SetAuxAxesValues,,Sub,
method_4153,SetAuxiliaryDrillViewerLock,,Sub,
method_4154,SetAuxillaryAxisHome,,Sub,
method_4155,SetAuxillaryAxisValues,,Sub,
method_4156,SetAxisSystemSizeLock,,Sub,
method_4157,SetAxisSysteme,,Sub,
method_4158,SetBKTAccessRightsLock,,Sub,
method_4159,SetBKTBehaviorOperationMessageLock,,Sub,
method_4160,SetBKTSpecificationTreeLock,,Sub,
method_4161,SetBackClippingPlaneLock,,Sub,
method_4162,SetBackFaceCullingModeLock,,Sub,
method_4163,SetBackgroundImageModeLock,,Sub,
method_4164,SetBackgroundRGB,,Sub,
method_4165,SetBackgroundRGBLock,,Sub,
method_4166,SetBaultText,,Sub,
method_4167,SetBeepModeLock,,Sub,
method_4168,SetBeginMeridianAngle,,Sub,
method_4169,SetBeginParallelAngle,,Sub,
method_4170,SetBendData,,Sub,
method_4171,SetBodiesUnderOperationsInTreeLock,,Sub,
method_4172,SetBodyHideInCaptureLock,,Sub,
method_4173,SetBooleanAttribute,,Sub,
method_4174,SetBorderEdgesModeLock,,Sub,
method_4175,SetBorderEdgesRGB,,Sub,
method_4176,SetBorderEdgesRGBLock,,Sub,
method_4177,SetBorderEdgesThicknessLock,,Sub,
method_4178,SetBorderMode,,Sub,
method_4179,SetBoundaries2DLColor,,Sub,
method_4180,SetBoundaries2DLColorLock,,Sub,
method_4181,SetBoundaries2DLDisplayLock,,Sub,
method_4182,SetBoundaries2DLLineTypeLock,,Sub,
method_4183,SetBoundaries2DLThicknessLock,,Sub,
method_4184,SetBoundaryContinuity,,Sub,
method_4185,SetBoundingBoxSelectionModeLock,,Sub,
method_4186,SetBox,,Sub,
method_4187,SetBoxDisplayLock,,Sub,
method_4188,SetBranchIDs,,Sub,
method_4189,SetBufferLength,,Sub,
method_4190,SetCATFTAChamferGeneralTolClassLock,,Sub,
method_4191,SetCATFTAEdgesColor,,Sub,
method_4192,SetCATFTAEdgesColorLock,,Sub,
method_4193,SetCATFTAEdgesLineTypeLock,,Sub,
method_4194,SetCATFTAEdgesThicknessLock,,Sub,
method_4195,SetCATFTAUFAutoTolerancingLock,,Sub,
method_4196,SetCATFTAUseLastTolerancesLock,,Sub,
method_4197,SetCacheMaxSizeMoLock,,Sub,
method_4198,SetCalibReferenceFile,,Sub,
method_4199,SetCalledTask,,Sub,
method_4200,SetCalloutCreationDialogBoxLock,,Sub,
method_4201,SetCartesianTarget,,Sub,
method_4202,SetCautionColorLock,,Sub,
method_4203,SetCautionZoneLock,,Sub,
method_4204,SetCellAlignment,,Sub,
method_4205,SetCellBorderType,,Sub,
method_4206,SetCellName,,Sub,
method_4207,SetCellObject,,Sub,
method_4208,SetCellString,,Sub,
method_4209,SetCentroid,,Sub,
method_4210,SetCheckReportHtmlLock,,Sub,
method_4211,SetChoiceNbSurfaces,,Sub,
method_4212,SetChoiceNo,,Sub,
method_4213,SetChoiceNo,,Sub,
method_4214,SetClashModeLock,,Sub,
method_4215,SetClashSoundLock,,Sub,
method_4216,SetClashWhileMovingLock,,Sub,
method_4217,SetCleanTolCheckLock,,Sub,
method_4218,SetCleanTolValueLock,,Sub,
method_4219,SetClearanceVoxelLock,,Sub,
method_4220,SetClip,,Sub,
method_4221,SetClippingFrameLock,,Sub,
method_4222,SetClippingFrameReframeOnModeLock,,Sub,
method_4223,SetClippingModeLock,,Sub,
method_4224,SetClippingViewOutlineColor,,Sub,
method_4225,SetClippingViewOutlineColorLock,,Sub,
method_4226,SetClippingViewOutlineLinetypeLock,,Sub,
method_4227,SetClippingViewOutlineThicknessLock,,Sub,
method_4228,SetClosedContourSide,,Sub,
method_4229,SetClosing,,Sub,
method_4230,SetClosingPoint,,Sub,
method_4231,SetCode_pageLock,,Sub,
method_4232,SetCode_page_DestLock,,Sub,
method_4233,SetCollWalkClearanceLock,,Sub,
method_4234,SetCollapseExpandFilterLock,,Sub,
method_4235,SetCollisionSearchIntensityLock,,Sub,
method_4236,SetColor,,Sub,
method_4237,SetColorBackgroundModeLock,,Sub,
method_4238,SetColorSynchronizationEditabilityLock,,Sub,
method_4239,SetColorSynchronizationModeLock,,Sub,
method_4240,SetColumnSize,,Sub,
method_4241,SetCompanionPathLock,,Sub,
method_4242,SetCompassPosLock,,Sub,
method_4243,SetComplementaryExtractMulti,,Sub,
method_4244,SetComponents,,Sub,
method_4245,SetConferencingLock,,Sub,
method_4246,SetConfig,,Sub,
method_4247,SetConfig,,Sub,
method_4248,SetConnex,,Sub,
method_4249,SetConstraintCreationModeLock,,Sub,
method_4250,SetConstraintElement,,Sub,
method_4251,SetConstraintElement,,Sub,
method_4252,SetConstraintVisuLocation,,Sub,
method_4253,SetConstraintsInGeometryLock,,Sub,
method_4254,SetConstraintsNodeInTreeLock,,Sub,
method_4255,SetConstraintsSimulLock,,Sub,
method_4256,SetContextualFeaturesSelectableAtCreationLock,,Sub,
method_4257,SetContinuity,,Sub,
method_4258,SetContourSide,,Sub,
method_4259,SetConversionTechnologyLock,,Sub,
method_4260,SetConversion_TableLock,,Sub,
method_4261,SetCoordinates,,Sub,
method_4262,SetCoords,,Sub,
method_4263,SetCopyTransformation,,Sub,
method_4264,SetCopyTransformationTranslationAttributes,,Sub,
method_4265,SetCorrectedBaseOffset,,Sub,
method_4266,SetCorrectedToolOffset,,Sub,
method_4267,SetCreateAssociativeUseEdgesLock,,Sub,
method_4268,SetCreateNewSheetFromLock,,Sub,
method_4269,SetCreationMode,,Sub,
method_4270,SetCreationMode,,Sub,
method_4271,SetCrvModLock,,Sub,
method_4272,SetCurrentAccuracyProfile,,Sub,
method_4273,SetCurrentApplicationID,,Sub,
method_4274,SetCurrentConstraintSet,,Sub,
method_4275,SetCurrentDocument,,Sub,
method_4276,SetCurrentFormat,,Sub,
method_4277,SetCurrentMotionProfile,,Sub,
method_4278,SetCurrentObjFrameProfile,,Sub,
method_4279,SetCurrentObject,,Sub,
method_4280,SetCurrentOccurrence,,Sub,
method_4281,SetCurrentPosLock,,Sub,
method_4282,SetCurrentToolProfile,,Sub,
method_4283,SetCurvatureThreshold,,Sub,
method_4284,SetCurvatureThresholdActivity,,Sub,
method_4285,SetCurve,,Sub,
method_4286,SetCustomBackgroundImageLock,,Sub,
method_4287,SetCustomImageFormatLock,,Sub,
method_4288,SetCustomImageHeightLock,,Sub,
method_4289,SetCustomImageWidthLock,,Sub,
method_4290,SetDLName,,Sub,
method_4291,SetDLNameCreationRightLock,,Sub,
method_4292,SetDLNameLock,,Sub,
method_4293,SetDMUClashPreviewLock,,Sub,
method_4294,SetDMUCut3DPreviewLock,,Sub,
method_4295,SetDMUDistancePreviewLock,,Sub,
method_4296,SetDMUFreeSpacePreviewLock,,Sub,
method_4297,SetDMUGroupPreviewHiddenObjectsColor,,Sub,
method_4298,SetDMUGroupPreviewHiddenObjectsColorLock,,Sub,
method_4299,SetDMUGroupPreviewHiddenObjectsDisplayModeLock,,Sub,
method_4300,SetDMUGroupPreviewHiddenObjectsLowIntLock,,Sub,
method_4301,SetDMUGroupPreviewHiddenObjectsOpacityLock,,Sub,
method_4302,SetDMUGroupPreviewHiddenObjectsPickLock,,Sub,
method_4303,SetDMUGroupPreviewLock,,Sub,
method_4304,SetDMUMergerPreviewLock,,Sub,
method_4305,SetDMUOffsetPreviewLock,,Sub,
method_4306,SetDMUReviewNameLock,,Sub,
method_4307,SetDMUSectionPreviewLock,,Sub,
method_4308,SetDMUShuttlePreviewLock,,Sub,
method_4309,SetDMUSilhouettePreviewLock,,Sub,
method_4310,SetDMUSimplifPreviewLock,,Sub,
method_4311,SetDMUSweptVolPreviewLock,,Sub,
method_4312,SetDMUThicknessPreviewLock,,Sub,
method_4313,SetDMUVibrationVolPreviewLock,,Sub,
method_4314,SetDMUWrappingPreviewLock,,Sub,
method_4315,SetDOFActivation,,Sub,
method_4316,SetDOFValues,,Sub,
method_4317,SetData,,Sub,
method_4318,SetData,,Sub,
method_4319,SetData,,Sub,
method_4320,SetData,,Sub,
method_4321,SetData,,Sub,
method_4322,SetData,,Sub,
method_4323,SetDatas,,Sub,
method_4324,SetDatumConnector,,Sub,
method_4325,SetDedicatedFilterTypeLock,,Sub,
method_4326,SetDeepSearchActivationLock,,Sub,
method_4327,SetDefaultAnalysisFlagLock,,Sub,
method_4328,SetDefaultAnalysisTemplateLock,,Sub,
method_4329,SetDefaultDiffuseAmbientCoefficientLock,,Sub,
method_4330,SetDefaultMacroLibraries,,Sub,
method_4331,SetDefaultMacroLibrariesLock,,Sub,
method_4332,SetDefaultPowerInputContextPriorityLock,,Sub,
method_4333,SetDefaultPowerInputContextScopeLock,,Sub,
method_4334,SetDefaultPowerInputPrefixLock,,Sub,
method_4335,SetDefaultShininessLock,,Sub,
method_4336,SetDefaultSpecularCoefficientLock,,Sub,
method_4337,SetDefaultSpeedLock,,Sub,
method_4338,SetDefaultStyleSheetLock,,Sub,
method_4339,SetDefaultTimeLock,,Sub,
method_4340,SetDefaultToleranceLock,,Sub,
method_4341,SetDefaultWalkSpeedLock,,Sub,
method_4342,SetDefinition,,Sub,
method_4343,SetDeleteWarningBoxLock,,Sub,
method_4344,SetDemoModeLock,,Sub,
method_4345,SetDesignModeLock,,Sub,
method_4346,SetDesignReviewLock,,Sub,
method_4347,SetDesignTablesCopyDataLock,,Sub,
method_4348,SetDesignTablesSynchronizationLock,,Sub,
method_4349,SetDetailingID,,Sub,
method_4350,SetDetailsModeExplodeLock,,Func,
method_4351,SetDetailsModeUsualLock,,Func,
method_4352,SetDetailsModeWireframeLock,,Func,
method_4353,SetDeviation,,Sub,
method_4354,SetDimAfterCreLock,,Sub,
method_4355,SetDimAfterModLock,,Sub,
method_4356,SetDimBeforeCreLock,,Sub,
method_4357,SetDimBeforeModLock,,Sub,
method_4358,SetDimBlankingCreLock,,Sub,
method_4359,SetDimBlankingModLock,,Sub,
method_4360,SetDimConfigureSnappingLock,,Sub,
method_4361,SetDimConstantOffsetLock,,Sub,
method_4362,SetDimCreateOnLock,,Sub,
method_4363,SetDimLinePosValueLock,,Sub,
method_4364,SetDimLineUpBaseAngleLock,,Sub,
method_4365,SetDimLineUpBaseLengthLock,,Sub,
method_4366,SetDimLineUpCumulLock,,Sub,
method_4367,SetDimLineUpFunnelLock,,Sub,
method_4368,SetDimLineUpOffsetBetDimAngleLock,,Sub,
method_4369,SetDimLineUpOffsetBetDimLengthLock,,Sub,
method_4370,SetDimLineUpOffsetToRefAngleLock,,Sub,
method_4371,SetDimLineUpOffsetToRefLengthLock,,Sub,
method_4372,SetDimLineUpStackLock,,Sub,
method_4373,SetDimManualPositionningLock,,Sub,
method_4374,SetDimMove2dPartCreLock,,Sub,
method_4375,SetDimMove2dPartModLock,,Sub,
method_4376,SetDimMoveDimLineCreLock,,Sub,
method_4377,SetDimMoveDimLineModLock,,Sub,
method_4378,SetDimMoveLeaderCreLock,,Sub,
method_4379,SetDimMoveLeaderModLock,,Sub,
method_4380,SetDimMoveSubPartLock,,Sub,
method_4381,SetDimMoveValueCreLock,,Sub,
method_4382,SetDimMoveValueModLock,,Sub,
method_4383,SetDimORunCreLock,,Sub,
method_4384,SetDimORunModLock,,Sub,
method_4385,SetDimOriDefaultSymbLock,,Sub,
method_4386,SetDimSnappingLock,,Sub,
method_4387,SetDimension,,Sub,
method_4388,SetDimensions,,Sub,
method_4389,SetDimensionsDisplayLock,,Sub,
method_4390,SetDirect,,Sub,
method_4391,SetDirection,,Sub,
method_4392,SetDirection,,Sub,
method_4393,SetDirection,,Sub,
method_4394,SetDirection,,Sub,
method_4395,SetDirectoryFile,,Sub,
method_4396,SetDirectoryForInputXslLock,,Sub,
method_4397,SetDirectoryOneFile,,Sub,
method_4398,SetDisplayAnlStatusLock,,Sub,
method_4399,SetDisplayBackAndCuttingPlaneLock,,Sub,
method_4400,SetDisplayClippingOutlineLock,,Sub,
method_4401,SetDisplayCurrentScaleLock,,Sub,
method_4402,SetDisplayCutInWireframeLock,,Sub,
method_4403,SetDisplayDrillListLock,,Sub,
method_4404,SetDisplayGeomOnScrollingLock,,Sub,
method_4405,SetDisplayGeometryAfterCurrentLock,,Sub,
method_4406,SetDisplayImmersiveDrillViewerLock,,Sub,
method_4407,SetDisplayModeLock,,Sub,
method_4408,SetDisplayNameModeLock,,Sub,
method_4409,SetDisplayOrderLock,,Sub,
method_4410,SetDisplayProcessOrderLock,,Sub,
method_4411,SetDisplayResetButtonLock,,Sub,
method_4412,SetDisplayTrailingZerosLock,,Sub,
method_4413,SetDisplayV4Text3DLock,,Sub,
method_4414,SetDistanceObjective,,Sub,
method_4415,SetDistanceStepLock,,Sub,
method_4416,SetDistanceThreshold,,Sub,
method_4417,SetDistanceThresholdActivity,,Sub,
method_4418,SetDlnameLock,,Sub,
method_4419,SetDocLanguageLock,,Sub,
method_4420,SetDocumentContentAtCreationLock,,Sub,
method_4421,SetDoubleAttribute,,Sub,
method_4422,SetDoubleUserAttribute,,Sub,
method_4423,SetDownloaderDirLock,,Sub,
method_4424,SetDownloaderLock,,Sub,
method_4425,SetDraftFeatureMigrationModeLock,,Sub,
method_4426,SetDragDropLock,,Sub,
method_4427,SetDrawLock,,Sub,
method_4428,SetDrawingStandard,,Sub,
method_4429,SetDriverConfigurationPath,,Sub,
method_4430,SetDriverConfigurationPathLock,,Sub,
method_4431,SetDuration,,Sub,
method_4432,SetDynamicCullLock,,Sub,
method_4433,SetDynamicLODLock,,Sub,
method_4434,SetEditDedicatedFilterDialogBoxLock,,Sub,
method_4435,SetElem,,Sub,
method_4436,SetElement,,Sub,
method_4437,SetElementProperties,,Sub,
method_4438,SetEnableAnlModeLock,,Sub,
method_4439,SetEnableHeartBeatLock,,Sub,
method_4440,SetEndFaceForClosing,,Sub,
method_4441,SetEndMeridianAngle,,Sub,
method_4442,SetEndParallelAngle,,Sub,
method_4443,SetEndParam,,Sub,
method_4444,SetEndPoint,,Sub,
method_4445,SetEndSectionTangent,,Sub,
method_4446,SetEndTangentDirectionFlag,,Sub,
method_4447,SetEngineInterfaceLock,,Sub,
method_4448,SetEnumerateValues,,Sub,
method_4449,SetEnumerateValues,,Sub,
method_4450,SetEnumerateValues,,Sub,
method_4451,SetExclusionRegions,,Sub,
method_4452,SetExclusionRegions,,Sub,
method_4453,SetExistingTaskTreatmentLock,,Sub,
method_4454,SetExpNotationValuesGreaterLock,,Sub,
method_4455,SetExpNotationValuesLowerLock,,Sub,
method_4456,SetExpandSketchBasedFeaturesNodeAtCreationLock,,Sub,
method_4457,SetExplicitPolarity,,Sub,
method_4458,SetExportBackgroundColor,,Sub,
method_4459,SetExportBackgroundColorLock,,Sub,
method_4460,SetExportEdgesLock,,Sub,
method_4461,SetExportMSBOLock,,Sub,
method_4462,SetExportNormalsLock,,Sub,
method_4463,SetExportTextureFileLock,,Sub,
method_4464,SetExportTextureFormatLock,,Sub,
method_4465,SetExportTextureLock,,Sub,
method_4466,SetExportUnitLock,,Sub,
method_4467,SetExportVersionLock,,Sub,
method_4468,SetExternalMaxDeformationLock,,Func,
method_4469,SetExternalReferences,,Sub,
method_4470,SetExternalReferencesAsVisibleLock,,Sub,
method_4471,SetExternalReferencesAssemblyRootContextLock,,Sub,
method_4472,SetExternalReferencesLock,,Sub,
method_4473,SetExternalReferencesNodeInTreeLock,,Sub,
method_4474,SetExternalTypeDeformationLock,,Func,
method_4475,SetExtremities,,Sub,
method_4476,SetExtremityFromCoordinates,,Sub,
method_4477,SetFaceConnector,,Sub,
method_4478,SetFaceHLDrillLock,,Sub,
method_4479,SetFakeDimValue,,Sub,
method_4480,SetFeature,,Sub,
method_4481,SetFederationPropagation,,Sub,
method_4482,SetFeedSpeedAutoUpdate,,Sub,
method_4483,SetFeedrate,,Sub,
method_4484,SetFeedrateMagnitude,,Sub,
method_4485,SetField,,Sub,
method_4486,SetFilters,,Sub,
method_4487,SetFinishSymbol,,Sub,
method_4488,SetFirstActLock,,Sub,
method_4489,SetFirstAngleLaw,,Sub,
method_4490,SetFirstDirection,,Sub,
method_4491,SetFirstLengthDefinitionType,,Sub,
method_4492,SetFirstLengthLaw,,Sub,
method_4493,SetFittingPoints,,Sub,
method_4494,SetFlyByMode,,Sub,
method_4495,SetFlyCollisionModeLock,,Sub,
method_4496,SetFlyCollisionSphereRadiusLock,,Sub,
method_4497,SetFlyCollisionTypeLock,,Sub,
method_4498,SetFlySensitivityLock,,Sub,
method_4499,SetFlySpeedLock,,Sub,
method_4500,SetFlySpeedModeLock,,Sub,
method_4501,SetFollowGroundAltitudeLock,,Sub,
method_4502,SetFollowGroundModeLock,,Sub,
method_4503,SetFontName,,Sub,
method_4504,SetFontSize,,Sub,
method_4505,SetForceClearanceVoxelLock,,Sub,
method_4506,SetForceVoxelLock,,Sub,
method_4507,SetFormatDisplayFactor,,Sub,
method_4508,SetFormatMode,,Sub,
method_4509,SetFormatName,,Sub,
method_4510,SetFormatPrecision,,Sub,
method_4511,SetFormatType,,Sub,
method_4512,SetFormatUnit,,Sub,
method_4513,SetFrame,,Sub,
method_4514,SetFrequencyLock,,Sub,
method_4515,SetFullSceneAntiAliasingModeLock,,Sub,
method_4516,SetFunctionalActionPresentationLock,,Sub,
method_4517,SetFunnel,,Sub,
method_4518,SetGPSName,,Sub,
method_4519,SetGRRName,,Sub,
method_4520,SetGap,,Sub,
method_4521,SetGap,,Sub,
method_4522,SetGeneralTolClassLock,,Sub,
method_4523,SetGeometries,,Sub,
method_4524,SetGeometry,,Sub,
method_4525,SetGeometry,,Sub,
method_4526,SetGeometry,,Sub,
method_4527,SetGeometryOnSupport,,Sub,
method_4528,SetGeometryOnSupport,,Sub,
method_4529,SetGeometryOnSupport,,Sub,
method_4530,SetGeometryRepresentationFormatLock,,Sub,
method_4531,SetGlobalSpecification,,Sub,
method_4532,SetGotoPtPointCoordinates,,Sub,
method_4533,SetGravityAxisLock,,Sub,
method_4534,SetGravityLock,,Sub,
method_4535,SetGridAutoFilteringLock,,Sub,
method_4536,SetGridAutoResizeLock,,Sub,
method_4537,SetGridDisplayLock,,Sub,
method_4538,SetGridHeightStepLock,,Sub,
method_4539,SetGridPositionModeLock,,Sub,
method_4540,SetGridPrimarySpacingLock,,Sub,
method_4541,SetGridSecondaryStepLock,,Sub,
method_4542,SetGridSnapPointLock,,Sub,
method_4543,SetGridStyleLock,,Sub,
method_4544,SetGridVPrimarySpacingLock,,Sub,
method_4545,SetGridVSecondaryStepLock,,Sub,
method_4546,SetGridWidthStepLock,,Sub,
method_4547,SetGuideDeviation,,Sub,
method_4548,SetGuideDeviation,,Sub,
method_4549,SetGuideDeviation,,Sub,
method_4550,SetGuideDeviation,,Sub,
method_4551,SetHaloModeLock,,Sub,
method_4552,SetHandler,,Sub,
method_4553,SetHandler,,Sub,
method_4554,SetHandler,,Sub,
method_4555,SetHandler,,Sub,
method_4556,SetHandler,,Sub,
method_4557,SetHandlerFromPublication,,Sub,
method_4558,SetHandlerFromPublication,,Sub,
method_4559,SetHandlerFromPublication,,Sub,
method_4560,SetHandlerFromPublication,,Sub,
method_4561,SetHandlesRGB,,Sub,
method_4562,SetHandlesRGBLock,,Sub,
method_4563,SetHeight,,Sub,
method_4564,SetHeightAndWidth,,Sub,
method_4565,SetHideIn3DLock,,Sub,
method_4566,SetHidePlaneLock,,Sub,
method_4567,SetHideResultLock,,Sub,
method_4568,SetHighlightDefAnnotLock,,Sub,
method_4569,SetHomePosition,,Sub,
method_4570,SetHybridDesignModeLock,,Sub,
method_4571,SetHyperLinks,,Sub,
method_4572,SetID,,Sub,
method_4573,SetIDUniqueSetting,,Sub,
method_4574,SetIDUniqueSettingLock,,Sub,
method_4575,SetIcon,,Sub,
method_4576,SetIdeasComponentNameLock,,Sub,
method_4577,SetIdeasComponentTypeLock,,Sub,
method_4578,SetIdeasLibraryNameLock,,Sub,
method_4579,SetIdeasPartNumberLock,,Sub,
method_4580,SetIdeasProjectNameLock,,Sub,
method_4581,SetIdeasRevNumberLock,,Sub,
method_4582,SetIdeasTessParamLock,,Sub,
method_4583,SetIdentifier,,Sub,
method_4584,SetIdi3dAnnotationModeLock,,Sub,
method_4585,SetImageQualityModeLock,,Sub,
method_4586,SetImageTextSizeLock,,Sub,
method_4587,SetImageTextStackingLock,,Sub,
method_4588,SetImpliedResourceFilterLock,,Sub,
method_4589,SetImportAnnotationLock,,Sub,
method_4590,SetImportBaseFrmLock,,Sub,
method_4591,SetImportCollisionLock,,Sub,
method_4592,SetImportConfigFileLock,,Sub,
method_4593,SetImportCoorsysLock,,Sub,
method_4594,SetImportCreaseAngleLock,,Sub,
method_4595,SetImportEdgeLock,,Sub,
method_4596,SetImportFloorLock,,Sub,
method_4597,SetImportGroupAsSelSetLock,,Sub,
method_4598,SetImportLibraryLock,,Sub,
method_4599,SetImportPDBCacheLock,,Sub,
method_4600,SetImportRecordingLock,,Sub,
method_4601,SetImportToolFrmLock,,Sub,
method_4602,SetImportUnitLock,,Sub,
method_4603,SetImportUserAttrLock,,Sub,
method_4604,SetImportUserViewsLock,,Sub,
method_4605,SetImportWclMessageLock,,Sub,
method_4606,SetImportWclPathLock,,Sub,
method_4607,SetInactivityDurationLock,,Sub,
method_4608,SetInertia,,Sub,
method_4609,SetInitialFile,,Sub,
method_4610,SetInitial_Model_File_PathLock,,Sub,
method_4611,SetInsertLevelLock,,Sub,
method_4612,SetInsertModeLock,,Sub,
method_4613,SetInstanceAngularSpacing,,Sub,
method_4614,SetInstanceSpacing,,Sub,
method_4615,SetIntUserAttribute,,Sub,
method_4616,SetIntermediatePoint,,Sub,
method_4617,SetIntermediateTangent,,Sub,
method_4618,SetIntermediateTangentDirectionFlag,,Sub,
method_4619,SetInternalMaxDeformationLock,,Func,
method_4620,SetInternalTypeDeformationLock,,Func,
method_4621,SetIsFederated,,Sub,
method_4622,SetIsoparGenerationModeLock,,Sub,
method_4623,SetIssueRepositoryPathLock,,Sub,
method_4624,SetItemToCopy,,Sub,
method_4625,SetItemsFilterLock,,Sub,
method_4626,SetItemsPerRelationFilterLock,,Sub,
method_4627,SetJavaClassPathLock,,Sub,
method_4628,SetJavaClassPathLock,,Sub,
method_4629,SetJavaExeLock,,Sub,
method_4630,SetJavaExeLock,,Sub,
method_4631,SetJointRelationExpression,,Sub,
method_4632,SetJointTarget,,Sub,
method_4633,SetJointValues,,Sub,
method_4634,SetKeepAngleOption,,Sub,
method_4635,SetKeepSegmentationLock,,Func,
method_4636,SetKeyboardRotationAngleValueLock,,Sub,
method_4637,SetKnowledgeBuildPathDirectoryLock,,Sub,
method_4638,SetKnowledgeInHybridDesignModeLock,,Sub,
method_4639,SetLODModeLock,,Sub,
method_4640,SetLabelCode,,Sub,
method_4641,SetLabelColor,,Sub,
method_4642,SetLabelColorLock,,Sub,
method_4643,SetLanguageEditor,,Sub,
method_4644,SetLanguageEditorLock,,Sub,
method_4645,SetLastActLock,,Sub,
method_4646,SetLastObjectToGenerate,,Sub,
method_4647,SetLayer,,Sub,
method_4648,SetLayer_for_No_AssoLock,,Sub,
method_4649,SetLayoutDefaultRenderStyleLock,,Sub,
method_4650,SetLeaderAssociativityLock,,Sub,
method_4651,SetLegendsVisibility,,Sub,
method_4652,SetLength,,Sub,
method_4653,SetLengthLawTypes,,Sub,
method_4654,SetLengthMaxToleranceLock,,Sub,
method_4655,SetLengthMinToleranceLock,,Sub,
method_4656,SetLengthType,,Sub,
method_4657,SetLengthType,,Sub,
method_4658,SetLengthType,,Sub,
method_4659,SetLengthType,,Sub,
method_4660,SetLengthType,,Sub,
method_4661,SetLengthType,,Sub,
method_4662,SetLengthType,,Sub,
method_4663,SetLicense,,Sub,
method_4664,SetLicenseLock,,Sub,
method_4665,SetLicenseLock,,Sub,
method_4666,SetLicensesListLock,,Sub,
method_4667,SetLicensesListLock,,Sub,
method_4668,SetLightViewerModeLock,,Sub,
method_4669,SetLimitation,,Sub,
method_4670,SetLinAccelColorLock,,Sub,
method_4671,SetLinAccelLimitLock,,Sub,
method_4672,SetLinSpeedColorLock,,Sub,
method_4673,SetLinSpeedLimitLock,,Sub,
method_4674,SetLineColor,,Sub,
method_4675,SetLineThickness,,Sub,
method_4676,SetLineType,,Sub,
method_4677,SetLineWidthLock,,Sub,
method_4678,SetLinearStiffness,,Sub,
method_4679,SetLineicCgrModeLock,,Sub,
method_4680,SetLinkModeLock,,Sub,
method_4681,SetLinkSendModeLock,,Sub,
method_4682,SetLinkedExternalReferencesLock,,Sub,
method_4683,SetLinkedExternalReferencesOnlyOnPublicationLock,,Sub,
method_4684,SetLinkedExternalReferencesWarningAtCreationLock,,Sub,
method_4685,SetListOfLibraryFilePathLock,,Sub,
method_4686,SetListOfMagnitudesLock,,Sub,
method_4687,SetListOfPackagesToLoadLock,,Sub,
method_4688,SetLoad3dStateAndPosLock,,Sub,
method_4689,SetLoadAllChildProcMfgCtxLock,,Sub,
method_4690,SetLoadAllPackagesLock,,Sub,
method_4691,SetLoadAssocPrdResChildLock,,Sub,
method_4692,SetLoadChildProcMfgCtxLock,,Sub,
method_4693,SetLoadCtxWithFileGeometryLock,,Sub,
method_4694,SetLoadDispMfgCtxLock,,Sub,
method_4695,SetLoadENVGeomFromENVdbLock,,Sub,
method_4696,SetLoadExtendedLanguageLibLock,,Sub,
method_4697,SetLoadFeedProcMfgCtxLock,,Sub,
method_4698,SetLoadMfgAssmblyLock,,Sub,
method_4699,SetLoadMfgKitsLock,,Sub,
method_4700,SetLoadPSSDataLock,,Sub,
method_4701,SetLoadPrdResUserAttribsLock,,Sub,
method_4702,SetLoadResGeoLock,,Sub,
method_4703,SetLoadUnconstrainedMfgCtxLock,,Sub,
method_4704,SetLocalCsysFromPublication,,Sub,
method_4705,SetLocalCsysFromPublication,,Sub,
method_4706,SetLocalCsysFromPublication,,Sub,
method_4707,SetLocalCsysFromPublication,,Sub,
method_4708,SetLocalCsysFromPublication,,Sub,
method_4709,SetLocalPathLock,,Sub,
method_4710,SetLocalToolAxis,,Sub,
method_4711,SetLocation,,Sub,
method_4712,SetLockAssignedPrdOnLoadLock,,Sub,
method_4713,SetLockUserDefaultLock,,Sub,
method_4714,SetLogicalActFilterLock,,Sub,
method_4715,SetLogicalDataAttrListLock,,Sub,
method_4716,SetLongAttribute,,Sub,
method_4717,SetLongitudinalRelimiters,,Sub,
method_4718,SetLongitudinalRelimiters,,Sub,
method_4719,SetLongitudinalRelimiters,,Sub,
method_4720,SetLongitudinalRelimiters,,Sub,
method_4721,SetMTPActColorLock,,Sub,
method_4722,SetMTPActSymbolLock,,Sub,
method_4723,SetMachiningDirection,,Sub,
method_4724,SetMagnitudeValues,,Sub,
method_4725,SetMailClientLaunchModeLock,,Sub,
method_4726,SetManRefSizLock,,Sub,
method_4727,SetManZooCapLock,,Sub,
method_4728,SetManifold,,Sub,
method_4729,SetManipAutoInsertLock,,Sub,
method_4730,SetMapping_File_Save_ModeLock,,Sub,
method_4731,SetMapping_Saving_FileLock,,Sub,
method_4732,SetMarker2DAutoNamingLock,,Sub,
method_4733,SetMarker2DAutoNamingLock,,Sub,
method_4734,SetMarker3DAutoNamingLock,,Sub,
method_4735,SetMarker3DAutoNamingLock,,Sub,
method_4736,SetMarkerAutoUpdateLock,,Sub,
method_4737,SetMarkerDefaultsColor,,Sub,
method_4738,SetMarkerDefaultsColor,,Sub,
method_4739,SetMarkerDefaultsColorLock,,Sub,
method_4740,SetMarkerDefaultsColorLock,,Sub,
method_4741,SetMarkerDefaultsDashedLock,,Sub,
method_4742,SetMarkerDefaultsDashedLock,,Sub,
method_4743,SetMarkerDefaultsFontLock,,Sub,
method_4744,SetMarkerDefaultsSizeLock,,Sub,
method_4745,SetMarkerDefaultsWeightLock,,Sub,
method_4746,SetMarkerDefaultsWeightLock,,Sub,
method_4747,SetMarkerTextColor,,Sub,
method_4748,SetMarkerTextColor2D,,Sub,
method_4749,SetMarkerTextColor2DLock,,Sub,
method_4750,SetMarkerTextColor3D,,Sub,
method_4751,SetMarkerTextColor3DLock,,Sub,
method_4752,SetMarkerTextColorLock,,Sub,
method_4753,SetMarkerTextDashed2DLock,,Sub,
method_4754,SetMarkerTextDashed3DLock,,Sub,
method_4755,SetMarkerTextDashedLock,,Sub,
method_4756,SetMarkerTextDefaultsFont2DLock,,Sub,
method_4757,SetMarkerTextDefaultsFont3DLock,,Sub,
method_4758,SetMarkerTextDefaultsSize2DLock,,Sub,
method_4759,SetMarkerTextDefaultsSize3DLock,,Sub,
method_4760,SetMarkerTextWeight2DLock,,Sub,
method_4761,SetMarkerTextWeight3DLock,,Sub,
method_4762,SetMarkerTextWeightLock,,Sub,
method_4763,SetMass,,Sub,
method_4764,SetMatrix,,Sub,
method_4765,SetMatrix,,Sub,
method_4766,SetMaxAngleLock,,Sub,
method_4767,SetMaxCalculationTime,,Sub,
method_4768,SetMaxDisplayedResultsLock,,Sub,
method_4769,SetMaxPreHighlightedElementsLock,,Sub,
method_4770,SetMaxSelectionMoveLock,,Sub,
method_4771,SetMaximumDeviation,,Sub,
method_4772,SetMeasureLock,,Sub,
method_4773,SetMemberColor,,Sub,
method_4774,SetMemberColorLock,,Sub,
method_4775,SetMemberMaterialLock,,Sub,
method_4776,SetMemberTypesLock,,Sub,
method_4777,SetMemoryStopperStateLock,,Sub,
method_4778,SetMergingDistance,,Sub,
method_4779,SetMfgCtxPrevProcRelationTypeLock,,Sub,
method_4780,SetMigration_FormatLock,,Sub,
method_4781,SetMigration_InterfaceLock,,Sub,
method_4782,SetMigration_TypeLock,,Sub,
method_4783,SetMinimumFPSModeLock,,Sub,
method_4784,SetMinimumSpaceFPSModeLock,,Sub,
method_4785,SetModeCreateDisplayLock,,Sub,
method_4786,SetModeErrorDisplayLock,,Sub,
method_4787,SetModeImageTextSizeLock,,Sub,
method_4788,SetModel_DimensionLock,,Sub,
method_4789,SetModel_FactorLock,,Sub,
method_4790,SetModel_File_NameLock,,Sub,
method_4791,SetModel_UnitLock,,Sub,
method_4792,SetModifiableIn2DComponentInstances,,Sub,
method_4793,SetMotionBasis,,Sub,
method_4794,SetMotionProfile,,Sub,
method_4795,SetMotionType,,Sub,
method_4796,SetMouseDoubleClicDelayLock,,Sub,
method_4797,SetMouseSpeedValueLock,,Sub,
method_4798,SetMoveAfterCreationLock,,Sub,
method_4799,SetMoveWithFixTExtendModeLock,,Sub,
method_4800,SetNCGeometry,,Sub,
method_4801,SetNRLDirLock,,Sub,
method_4802,SetNRLTeachDialogDisplayModeLock,,Sub,
method_4803,SetName,,Sub,
method_4804,SetName,,Sub,
method_4805,SetName,,Sub,
method_4806,SetName,,Sub,
method_4807,SetName,,Sub,
method_4808,SetName,,Sub,
method_4809,SetName,,Sub,
method_4810,SetName,,Sub,
method_4811,SetName,,Sub,
method_4812,SetNamedFilmCoeffAmplitude,,Sub,
method_4813,SetNamedSinkAmplitude,,Sub,
method_4814,SetNamingModeLock,,Sub,
method_4815,SetNbIsoparsLock,,Sub,
method_4816,SetNewPrinterDirectory,,Sub,
method_4817,SetNewPrinterDirectoryLock,,Sub,
method_4818,SetNewWith3DSupportLock,,Sub,
method_4819,SetNewWithAxisSystemLock,,Sub,
method_4820,SetNewWithGSLock,,Sub,
method_4821,SetNewWithOGSLock,,Sub,
method_4822,SetNewWithPanelLock,,Sub,
method_4823,SetNextOrientation,,Sub,
method_4824,SetNextThickness,,Sub,
method_4825,SetNextType,,Sub,
method_4826,SetNoShowBackgroundRGB,,Sub,
method_4827,SetNoShowBackgroundRGBLock,,Sub,
method_4828,SetNoZBufferSelectionModeLock,,Sub,
method_4829,SetNoaCreationLock,,Sub,
method_4830,SetNodelockAlertLock,,Sub,
method_4831,SetNominalBaseOffset,,Sub,
method_4832,SetNominalToolOffset,,Sub,
method_4833,SetNonLinearStiffness,,Sub,
method_4834,SetNonSemanticAllwaysUpgradeGeneralTolLock,,Sub,
method_4835,SetNonSemanticAllwaysUpgradeLock,,Sub,
method_4836,SetNonSemanticDimAllowedLock,,Sub,
method_4837,SetNonSemanticMarkedLock,,Sub,
method_4838,SetNonSemanticTolAllowedLock,,Sub,
method_4839,SetNumUrlNameLock,,Sub,
method_4840,SetNumberOfMinimumFPSLock,,Sub,
method_4841,SetNumberOfMinimumSpaceFPSLock,,Sub,
method_4842,SetObjectFrame,,Sub,
method_4843,SetObjectKeepingPosition,,Sub,
method_4844,SetObjectPositions,,Sub,
method_4845,SetObjectProfile,,Sub,
method_4846,SetOcclusionCullingModeLock,,Sub,
method_4847,SetOffset,,Sub,
method_4848,SetOffsetValue,,Sub,
method_4849,SetOnBorders,,Sub,
method_4850,SetOnlyCurrentOperatedSolidSetInGeometryLock,,Sub,
method_4851,SetOnlyCurrentSolidSetInGeometryLock,,Sub,
method_4852,SetOnlyLoadCtxWithGeometryLock,,Sub,
method_4853,SetOnlyShowLock,,Sub,
method_4854,SetOpType,,Sub,
method_4855,SetOpaqueFacesLock,,Sub,
method_4856,SetOpenContourSide,,Sub,
method_4857,SetOpenModeForLoadLock,,Sub,
method_4858,SetOperatedObject,,Sub,
method_4859,SetOperatingVolume,,Sub,
method_4860,SetOptC2ModeLock,,Sub,
method_4861,SetOptCleanTopoModeLock,,Sub,
method_4862,SetOptFittingModeLock,,Sub,
method_4863,SetOptInvalidGeomModeLock,,Sub,
method_4864,SetOptLoop3DModeLock,,Sub,
method_4865,SetOrder,,Sub,
method_4866,SetOrientation,,Sub,
method_4867,SetOrientation,,Sub,
method_4868,SetOrientationConnector,,Sub,
method_4869,SetOrientationLock,,Sub,
method_4870,SetOrientationMode,,Sub,
method_4871,SetOrientationVector,,Sub,
method_4872,SetOrigin,,Sub,
method_4873,SetOrigin,,Sub,
method_4874,SetOriginCornerCode,,Sub,
method_4875,SetOriginPoint,,Sub,
method_4876,SetOriginPointByCoordinates,,Sub,
method_4877,SetOriginXDirection,,Sub,
method_4878,SetOriginZDirection,,Sub,
method_4879,SetOtherSelectionTimeoutActivityLock,,Sub,
method_4880,SetOtherSelectionTimeoutLock,,Sub,
method_4881,SetOutputHeightLock,,Sub,
method_4882,SetOutputPathLock,,Sub,
method_4883,SetOutputPathLock,,Sub,
method_4884,SetOutputProductFilterLock,,Sub,
method_4885,SetOutputSizeFromLock,,Sub,
method_4886,SetOutputTypeLock,,Sub,
method_4887,SetOutputWidthLock,,Sub,
method_4888,SetOverrun,,Sub,
method_4889,SetPPRSaveConfigLock,,Sub,
method_4890,SetPPWord,,Sub,
method_4891,SetPROJECT_File_PathLock,,Sub,
method_4892,SetPSCycleTimeLock,,Sub,
method_4893,SetPSDynClashModeLock,,Sub,
method_4894,SetPSGraphicSimStepLock,,Sub,
method_4895,SetPSGraphicUpdateLock,,Sub,
method_4896,SetPSText,,Sub,
method_4897,SetPVEndConditionLock,,Sub,
method_4898,SetPVStateMgtLock,,Sub,
method_4899,SetPackAndGoRepositoryPathLock,,Sub,
method_4900,SetPaperHeight,,Sub,
method_4901,SetPaperWidth,,Sub,
method_4902,SetParameterAsInput,,Sub,
method_4903,SetParameterAsOutput,,Sub,
method_4904,SetParameterLaw,,Sub,
method_4905,SetParameterNameSurroundedByTheSymbolLock,,Sub,
method_4906,SetParameterOnSubString,,Sub,
method_4907,SetParameterTreeViewWithFormulaLock,,Sub,
method_4908,SetParameterTreeViewWithValueLock,,Sub,
method_4909,SetParametersInTreeLock,,Sub,
method_4910,SetParametersList,,Sub,
method_4911,SetParametersList,,Sub,
method_4912,SetParametersList,,Sub,
method_4913,SetParametersNodeInTreeLock,,Sub,
method_4914,SetPartAxisSystem,,Sub,
method_4915,SetPartParametricAttributes,,Sub,
method_4916,SetPartProdModeLock,,Sub,
method_4917,SetPartRelation,,Sub,
method_4918,SetPartRelationWithOffset,,Sub,
method_4919,SetPartUpdateStatusLock,,Sub,
method_4920,SetPartsParameterModeLock,,Sub,
method_4921,SetPasteComponentModeLock,,Sub,
method_4922,SetPasteSameInstanceLock,,Sub,
method_4923,SetPath,,Sub,
method_4924,SetPath,,Sub,
method_4925,SetPath2,,Sub,
method_4926,SetPath3,,Sub,
method_4927,SetPathFinderSmoothLock,,Sub,
method_4928,SetPattern,,Sub,
method_4929,SetPick,,Sub,
method_4930,SetPickAct,,Sub,
method_4931,SetPickedProducts,,Sub,
method_4932,SetPickingWindowSizeLock,,Sub,
method_4933,SetPinSupports,,Sub,
method_4934,SetPitch,,Sub,
method_4935,SetPitch2,,Sub,
method_4936,SetPlaceAct,,Sub,
method_4937,SetPlacedProducts,,Sub,
method_4938,SetPlacementAxis,,Sub,
method_4939,SetPlaneAxisAngle,,Sub,
method_4940,SetPlaneAxisCoord,,Sub,
method_4941,SetPlaneAxisSwapAxes,,Sub,
method_4942,SetPlaneColor,,Sub,
method_4943,SetPlaneColorLock,,Sub,
method_4944,SetPlaneNormalLock,,Sub,
method_4945,SetPlaneOriginLock,,Sub,
method_4946,SetPlateColor,,Sub,
method_4947,SetPlateColor,,Sub,
method_4948,SetPlateColorLock,,Sub,
method_4949,SetPlateColorLock,,Sub,
method_4950,SetPlateMaterialLock,,Sub,
method_4951,SetPlateTypesLock,,Sub,
method_4952,SetPoint,,Sub,
method_4953,SetPointAfter,,Sub,
method_4954,SetPointBefore,,Sub,
method_4955,SetPointConstraintExplicit,,Sub,
method_4956,SetPointConstraintFromCurve,,Sub,
method_4957,SetPortionToKeep,,Sub,
method_4958,SetPosAngle,,Sub,
method_4959,SetPosAngle,,Sub,
method_4960,SetPosCoord,,Sub,
method_4961,SetPosCoord,,Sub,
method_4962,SetPosDirection,,Sub,
method_4963,SetPosPoint,,Sub,
method_4964,SetPosPoint,,Sub,
method_4965,SetPosSwapAxes,,Sub,
method_4966,SetPosSwapAxes,,Sub,
method_4967,SetPosition,,Sub,
method_4968,SetPosition,,Sub,
method_4969,SetPosition,,Sub,
method_4970,SetPosition,,Sub,
method_4971,SetPosition,,Sub,
method_4972,SetPosition,,Sub,
method_4973,SetPosition,,Sub,
method_4974,SetPositionDirection,,Sub,
method_4975,SetPositions,,Sub,
method_4976,SetPostureValues,,Sub,
method_4977,SetPreSelectionModeLock,,Sub,
method_4978,SetPrecision,,Sub,
method_4979,SetPreselectedElementLinetypeLock,,Sub,
method_4980,SetPreselectedElementRGB,,Sub,
method_4981,SetPreselectedElementRGBLock,,Sub,
method_4982,SetPresentationLock,,Sub,
method_4983,SetPrevAreaLock,,Sub,
method_4984,SetPrevProcParseTypeForMfgCtxLock,,Sub,
method_4985,SetPreventBackgroundAccessLock,,Sub,
method_4986,SetPreventDimDriving3DCstrLock,,Sub,
method_4987,SetPreventFileNewLock,,Sub,
method_4988,SetPreventGenViewStyleLock,,Sub,
method_4989,SetPreventSetAsDefaultLock,,Sub,
method_4990,SetPreventSwitchStandardLock,,Sub,
method_4991,SetPreventTrueDimensionCreationLock,,Sub,
method_4992,SetPreventUpdateStandardLock,,Sub,
method_4993,SetPreventViewGeomUpgradeLock,,Sub,
method_4994,SetPreviousOrientation,,Sub,
method_4995,SetPrinterDirectoriesLock,,Sub,
method_4996,SetPrinterGroupsLock,,Sub,
method_4997,SetPriorityLock,,Sub,
method_4998,SetProEInstanceModeLock,,Sub,
method_4999,SetProEInstanceNameLock,,Sub,
method_5000,SetProEQuiltsReadLock,,Sub,
method_5001,SetProESimpRepModeLock,,Sub,
method_5002,SetProESimpRepNameLock,,Sub,
method_5003,SetProcProdRelationsLock,,Sub,
method_5004,SetProcResRelationsLock,,Sub,
method_5005,SetProcessID,,Sub,
method_5006,SetProcessIDScript,,Sub,
method_5007,SetProcessIDScriptLock,,Sub,
method_5008,SetProcessTreeID,,Sub,
method_5009,SetProductAndReconciliate,,Sub,
method_5010,SetProductBOMID,,Sub,
method_5011,SetProductUpdateStatusLock,,Sub,
method_5012,SetProfileElement,,Sub,
method_5013,SetProjectionPlane,,Sub,
method_5014,SetPropagateHighlightLock,,Sub,
method_5015,SetPropagationType,,Sub,
method_5016,SetProtectedElementsColor,,Sub,
method_5017,SetProtectedElementsColorLock,,Sub,
method_5018,SetPublishAutoLaunchBrowserLock,,Sub,
method_5019,SetPublishTopologicalElementsLock,,Sub,
method_5020,SetPullingDirection,,Sub,
method_5021,SetQuickConstraintModeLock,,Sub,
method_5022,SetQuickConstraintOrderedList,,Sub,
method_5023,SetRCSDataLibDirLock,,Sub,
method_5024,SetRRS2ConnectDownloadersLock,,Sub,
method_5025,SetRRS2ConsistencyCmdDownloadersLock,,Sub,
method_5026,SetRRS2ControllerIdentifiersLock,,Sub,
method_5027,SetRRS2DeleteAutoDownloadFilesAfterXferLock,,Sub,
method_5028,SetRRS2DfltControllerIdentifierLock,,Sub,
method_5029,SetRRS2DownloadDuringConnectLock,,Sub,
method_5030,SetRRS2DownloadDuringSimRunLock,,Sub,
method_5031,SetRRS2DownloadInPartCoordinatesLock,,Sub,
method_5032,SetRRS2DownloadLogFileNameLock,,Sub,
method_5033,SetRRS2FreePlaySimStepSizeLock,,Sub,
method_5034,SetRRS2MainTaskProcessingLock,,Sub,
method_5035,SetRRS2MotionPlannerActiveDuringTeachOLPLock,,Sub,
method_5036,SetRRS2SimRunDownloadersLock,,Sub,
method_5037,SetRRS2StopVRCWhenSimStopsLock,,Sub,
method_5038,SetRRS2UpdateProgramOnDownloadLock,,Sub,
method_5039,SetRRS2UseVRCInverseKinematicsLock,,Sub,
method_5040,SetRRS2UseVRCTurnLimitsLock,,Sub,
method_5041,SetRRSLibDirLock,,Sub,
method_5042,SetRRSServerFileLock,,Sub,
method_5043,SetRadius,,Sub,
method_5044,SetRadius,,Sub,
method_5045,SetRadius,,Sub,
method_5046,SetRadiusOnMacro,,Sub,
method_5047,SetRadiusPitchParam,,Sub,
method_5048,SetRatingLock,,Sub,
method_5049,SetReachColorLock,,Sub,
method_5050,SetRealColor,,Sub,
method_5051,SetRealColor,,Sub,
method_5052,SetRealLineType,,Sub,
method_5053,SetRealOpacity,,Sub,
method_5054,SetRealWidth,,Sub,
method_5055,SetRecordModeLock,,Sub,
method_5056,SetRefDocLock,,Sub,
method_5057,SetReference,,Sub,
method_5058,SetReference,,Sub,
method_5059,SetReference,,Sub,
method_5060,SetReferenceBasePosition,,Sub,
method_5061,SetReferenceDirection,,Sub,
method_5062,SetReferenceDirectoryForTypesLock,,Sub,
method_5063,SetReferencePoint,,Sub,
method_5064,SetReferenceSpine,,Sub,
method_5065,SetRelatedColors,,Sub,
method_5066,SetRelatedColorsLock,,Sub,
method_5067,SetRelationsNodeInTreeLock,,Sub,
method_5068,SetRelationsUpdateInPartContextEvaluateDuringUpdateLock,,Sub,
method_5069,SetRelationsUpdateInPartContextSynchronousRelationsLock,,Sub,
method_5070,SetRelativePosition,,Sub,
method_5071,SetRelay,,Sub,
method_5072,SetReleasePathLock,,Sub,
method_5073,SetReleasedVoxelLock,,Sub,
method_5074,SetRelimiters,,Sub,
method_5075,SetRelimiters,,Sub,
method_5076,SetRelimiters,,Sub,
method_5077,SetRelimiters,,Sub,
method_5078,SetRelimitingGeometry,,Sub,
method_5079,SetRenameFile,,Sub,
method_5080,SetRenderStyleLock,,Sub,
method_5081,SetRepModLock,,Sub,
method_5082,SetReplaceOnlyAfterCurrentLock,,Sub,
method_5083,SetReportCheckAdvisorLock,,Sub,
method_5084,SetReportCheckExpertLock,,Sub,
method_5085,SetReportHtmlInCatiaSessionLock,,Sub,
method_5086,SetReportObjectsInformationLock,,Sub,
method_5087,SetReportOutputDirectoryLock,,Sub,
method_5088,SetReportParametersInformationLock,,Sub,
method_5089,SetReportPassedObjectsLock,,Sub,
method_5090,SetReshapeMode,,Sub,
method_5091,SetResolvedSectionsPathLock,,Sub,
method_5092,SetResourceFilterLock,,Sub,
method_5093,SetResourceTreeID,,Sub,
method_5094,SetResultOutputDirLock,,Sub,
method_5095,SetRevolutionNumber,,Sub,
method_5096,SetRmvNotAssgnPrdResOnSyncLock,,Sub,
method_5097,SetRobotProgramDirLock,,Sub,
method_5098,SetRootDLNameCreationRightLock,,Sub,
method_5099,SetRotAccelColorLock,,Sub,
method_5100,SetRotAccelLimitLock,,Sub,
method_5101,SetRotSpeedColorLock,,Sub,
method_5102,SetRotSpeedLimitLock,,Sub,
method_5103,SetRotationAngle,,Sub,
method_5104,SetRotationAxis,,Sub,
method_5105,SetRotationCenter,,Sub,
method_5106,SetRotationSnapAngleLock,,Sub,
method_5107,SetRotationSnapAutoLock,,Sub,
method_5108,SetRotationSphereModeLock,,Sub,
method_5109,SetRowSize,,Sub,
method_5110,SetRuledDevelopableSurfaceConnection,,Sub,
method_5111,SetRunAnnotBehaviorLock,,Sub,
method_5112,SetRunAnnotationLock,,Sub,
method_5113,SetRunEndConditionLock,,Sub,
method_5114,SetRunHlnkBehaviorLock,,Sub,
method_5115,SetRunHyperlinkLock,,Sub,
method_5116,SetRunPauseLock,,Sub,
method_5117,SetRunStateMgtLock,,Sub,
method_5118,SetRunStepSizeLock,,Sub,
method_5119,SetRunTextBehaviorLock,,Sub,
method_5120,SetRunTextMsgLock,,Sub,
method_5121,SetRunViewpointLock,,Sub,
method_5122,SetRunVisBehaviorLock,,Sub,
method_5123,SetSHMStdProfPathLock,,Sub,
method_5124,SetSHMViewFDBeadBTLFeatLock,,Sub,
method_5125,SetSHMViewFDCircStampBTLFeatLock,,Sub,
method_5126,SetSHMViewFDCurveStampBTLFeatLock,,Sub,
method_5127,SetSHMViewFDFlgCutBTLFeatLock,,Sub,
method_5128,SetSHMViewFDFlgCutIMLLock,,Sub,
method_5129,SetSHMViewFDFlgCutOMLLock,,Sub,
method_5130,SetSHMViewFDFlgHoleBTLFeatLock,,Sub,
method_5131,SetSHMViewFDFlgHoleIMLLock,,Sub,
method_5132,SetSHMViewFDFlgHoleOMLLock,,Sub,
method_5133,SetSHMViewFDOtherStampBTLFeatLock,,Sub,
method_5134,SetSHMViewFDStiffStampBTLFeatLock,,Sub,
method_5135,SetSHMViewFDSurfFlgBTLFeatBFLock,,Sub,
method_5136,SetSHMViewFDSurfFlgBTLFeatHFLock,,Sub,
method_5137,SetSHMViewFDSurfFlgBTLSuppBFLock,,Sub,
method_5138,SetSHMViewFDSurfFlgBTLSuppHFLock,,Sub,
method_5139,SetSHMViewFDSurfFlgIMLBFLock,,Sub,
method_5140,SetSHMViewFDSurfFlgIMLHFLock,,Sub,
method_5141,SetSHMViewFDSurfFlgOMLBFLock,,Sub,
method_5142,SetSHMViewFDSurfFlgOMLHFLock,,Sub,
method_5143,SetSHMViewFDSurfStampBTLFeatLock,,Sub,
method_5144,SetSHMViewFDUserStampBTLFeatLock,,Sub,
method_5145,SetSHMViewFPBeadBTLFeatLock,,Sub,
method_5146,SetSHMViewFPCircStampBTLFeatLock,,Sub,
method_5147,SetSHMViewFPCurveStampBTLFeatLock,,Sub,
method_5148,SetSHMViewFPFlgCutBTLFeatLock,,Sub,
method_5149,SetSHMViewFPFlgCutIMLLock,,Sub,
method_5150,SetSHMViewFPFlgCutOMLLock,,Sub,
method_5151,SetSHMViewFPFlgHoleBTLFeatLock,,Sub,
method_5152,SetSHMViewFPFlgHoleIMLLock,,Sub,
method_5153,SetSHMViewFPFlgHoleOMLLock,,Sub,
method_5154,SetSHMViewFPOtherStampBTLFeatLock,,Sub,
method_5155,SetSHMViewFPStiffStampBTLFeatLock,,Sub,
method_5156,SetSHMViewFPSurfFlgBTLFeatBFLock,,Sub,
method_5157,SetSHMViewFPSurfFlgBTLFeatHFLock,,Sub,
method_5158,SetSHMViewFPSurfFlgBTLSuppBFLock,,Sub,
method_5159,SetSHMViewFPSurfFlgBTLSuppHFLock,,Sub,
method_5160,SetSHMViewFPSurfFlgCLBBFLock,,Sub,
method_5161,SetSHMViewFPSurfFlgCLBHFLock,,Sub,
method_5162,SetSHMViewFPSurfFlgIMLBFLock,,Sub,
method_5163,SetSHMViewFPSurfFlgIMLHFLock,,Sub,
method_5164,SetSHMViewFPSurfFlgOML2BFLock,,Sub,
method_5165,SetSHMViewFPSurfFlgOML2HFLock,,Sub,
method_5166,SetSHMViewFPSurfFlgOMLBFLock,,Sub,
method_5167,SetSHMViewFPSurfFlgOMLHFLock,,Sub,
method_5168,SetSHMViewFPSurfStampBTLFeatLock,,Sub,
method_5169,SetSHMViewFPUserStampBTLFeatLock,,Sub,
method_5170,SetSVGViewerLock,,Sub,
method_5171,SetSafetyPlane,,Sub,
method_5172,SetSameDisplayLock,,Sub,
method_5173,SetSaveAsNewTemplateDirectoryLock,,Sub,
method_5174,SetSaveAutoIncrementLock,,Sub,
method_5175,SetSaveCGRLock,,Sub,
method_5176,SetSaveControlFlowInPROModeLock,,Sub,
method_5177,SetSaveCoorsysInCgrLock,,Sub,
method_5178,SetSaveInCGRLock,,Sub,
method_5179,SetSavePPRNoDetailingLock,,Sub,
method_5180,SetSaveRelationToUnExposedPartLock,,Sub,
method_5181,SetSaveShowEffctvtPanelLock,,Sub,
method_5182,SetSaveV5CalcTimeLock,,Sub,
method_5183,SetScale,,Sub,
method_5184,SetSceneDefaultsColor,,Sub,
method_5185,SetSceneDefaultsColorLock,,Sub,
method_5186,SetScoredElement,,Sub,
method_5187,SetSecondAngleLaw,,Sub,
method_5188,SetSecondDirection,,Sub,
method_5189,SetSecondDirection,,Sub,
method_5190,SetSecondDirection,,Sub,
method_5191,SetSecondLengthDefinitionType,,Sub,
method_5192,SetSecondLengthLaw,,Sub,
method_5193,SetSecondaryFormat,,Sub,
method_5194,SetSectPatternLock,,Sub,
method_5195,SetSectPatternLock,,Sub,
method_5196,SetSectionFillLock,,Sub,
method_5197,SetSectionLock,,Sub,
method_5198,SetSectionsCatalogPathLock,,Sub,
method_5199,SetSeedPoint,,Sub,
method_5200,SetSegmentValues,,Sub,
method_5201,SetSelectPublishedGeometryLock,,Sub,
method_5202,SetSelectedEdgeRGB,,Sub,
method_5203,SetSelectedEdgeRGBLock,,Sub,
method_5204,SetSelectedElementRGB,,Sub,
method_5205,SetSelectedElementRGBLock,,Sub,
method_5206,SetSelectedObjectID,,Sub,
method_5207,SetSelection,,Sub,
method_5208,SetServerTimeOutLock,,Sub,
method_5209,SetShaderModeLock,,Sub,
method_5210,SetShapeColor,,Sub,
method_5211,SetShapeColorLock,,Sub,
method_5212,SetSharpnessAngle,,Sub,
method_5213,SetShiftedProfileLock,,Sub,
method_5214,SetShow,,Sub,
method_5215,SetShowActivationLock,,Sub,
method_5216,SetShowCompletionDialogBoxLock,,Sub,
method_5217,SetShowLicenseLock,,Sub,
method_5218,SetShowOnlyFilteredObjectsLock,,Sub,
method_5219,SetShowParametersLock,,Sub,
method_5220,SetShowRelationsLock,,Sub,
method_5221,SetShowSynchroStatusOfLocalParamCacheLock,,Sub,
method_5222,SetSideStepAngleLock,,Sub,
method_5223,SetSilhouette,,Sub,
method_5224,SetSimplify,,Sub,
method_5225,SetSingularColorLock,,Sub,
method_5226,SetSizeControlLock,,Sub,
method_5227,SetSizeTypeLock,,Sub,
method_5228,SetSmoothAngleThreshold,,Sub,
method_5229,SetSmoothAngleThreshold,,Sub,
method_5230,SetSmoothAngleThreshold,,Sub,
method_5231,SetSmoothAngleThreshold,,Sub,
method_5232,SetSmoothAngleThreshold,,Sub,
method_5233,SetSmoothDeviation,,Sub,
method_5234,SetSnapAngleDistanceLock,,Sub,
method_5235,SetSnapPositionLock,,Sub,
method_5236,SetSolidMULock,,Func,
method_5237,SetSpacingCode,,Sub,
method_5238,SetSpatialSplit,,Sub,
method_5239,SetSpecificationFromPublication,,Sub,
method_5240,SetSpecificationFromReference,,Sub,
method_5241,SetSpeedValue,,Sub,
method_5242,SetSpindleMagnitude,,Sub,
method_5243,SetSpine,,Sub,
method_5244,SetSplineType,,Sub,
method_5245,SetSplitFunctionalObjectNameLock,,Sub,
method_5246,SetStandardLock,,Sub,
method_5247,SetStartAndEndTangentsPlusConicParameter,,Sub,
method_5248,SetStartAndEndTangentsPlusPassingPoint,,Sub,
method_5249,SetStartFaceForClosing,,Sub,
method_5250,SetStartParam,,Sub,
method_5251,SetStartPoint,,Sub,
method_5252,SetStartPoint,,Sub,
method_5253,SetStartPointGeometry,,Sub,
method_5254,SetStartSectionTangent,,Sub,
method_5255,SetStartTangentDirectionFlag,,Sub,
method_5256,SetStartUp_Model_For_DrawingLock,,Sub,
method_5257,SetStartingAngle,,Sub,
method_5258,SetStaticCullLock,,Sub,
method_5259,SetStaticLODLock,,Sub,
method_5260,SetStatus,,Sub,
method_5261,SetStepByStepUpdateAndRerouteLock,,Sub,
method_5262,SetStereoModeLock,,Sub,
method_5263,SetStock,,Sub,
method_5264,SetStringAttribute,,Sub,
method_5265,SetStringUsedAsCarriageReturnLock,,Sub,
method_5266,SetStringUserAttribute,,Sub,
method_5267,SetStyleSheetDirLock,,Sub,
method_5268,SetStyleSheetPathLock,,Sub,
method_5269,SetSupport,,Sub,
method_5270,SetSupport,,Sub,
method_5271,SetSupport,,Sub,
method_5272,SetSupports,,Sub,
method_5273,SetSupports,,Sub,
method_5274,SetSupports,,Sub,
method_5275,SetSuppressMode,,Sub,
method_5276,SetSurfaceAccuracyLock,,Sub,
method_5277,SetSurfaceElementsLocationLock,,Sub,
method_5278,SetSymbColor,,Sub,
method_5279,SetSymbThickness,,Sub,
method_5280,SetSymbType,,Sub,
method_5281,SetSymbol,,Sub,
method_5282,SetSymbol,,Sub,
method_5283,SetSymbolType,,Sub,
method_5284,SetSymmetricalExtension,,Sub,
method_5285,SetSymmetricalExtension,,Sub,
method_5286,SetSymmetricalExtension,,Sub,
method_5287,SetSymmetricalExtension,,Sub,
method_5288,SetSymmetricalExtension,,Sub,
method_5289,SetSymmetricalExtension,,Sub,
method_5290,SetSyncAnlSpecsLock,,Sub,
method_5291,SetSyncTimeAndSpeedInSimulationLock,,Sub,
method_5292,SetTCPOffset,,Sub,
method_5293,SetTCPTraceMode,,Sub,
method_5294,SetTagTarget,,Sub,
method_5295,SetTangency,,Sub,
method_5296,SetTangencyAngle,,Sub,
method_5297,SetTangencyAngleLawInversion,,Sub,
method_5298,SetTangencyChoiceNo,,Sub,
method_5299,SetTangencyContinuity,,Sub,
method_5300,SetTangencyLaw,,Sub,
method_5301,SetTangencyObjective,,Sub,
method_5302,SetTangencyThreshold,,Sub,
method_5303,SetTangent,,Sub,
method_5304,SetTangentIntersectPointPlusConicParm,,Sub,
method_5305,SetTangentIntersectPointPlusPassingPoint,,Sub,
method_5306,SetTaperAngle,,Sub,
method_5307,SetTargetLine,,Sub,
method_5308,SetTargetPlane,,Sub,
method_5309,SetTargetPoint,,Sub,
method_5310,SetTechnicalDocumentationPathLock,,Sub,
method_5311,SetTechnologicalDatas,,Sub,
method_5312,SetTempOutputDirectoryLock,,Sub,
method_5313,SetTensionInDouble,,Sub,
method_5314,SetTensionType,,Sub,
method_5315,SetTerminationAttrListLock,,Sub,
method_5316,SetTextColor,,Sub,
method_5317,SetTextColorLock,,Sub,
method_5318,SetTextIDVisibility,,Sub,
method_5319,SetTextMigrationLock,,Func,
method_5320,SetTextPositions,,Sub,
method_5321,SetThematicsParameterLock,,Sub,
method_5322,SetThematicsParameterLock,,Sub,
method_5323,SetThickness,,Sub,
method_5324,SetThicknessListPathLock,,Sub,
method_5325,SetThreeIntermediatePassingPoints,,Sub,
method_5326,SetTieSupports,,Sub,
method_5327,SetTildeDisplayLock,,Sub,
method_5328,SetTimestampModeLock,,Sub,
method_5329,SetTolJoinLock,,Sub,
method_5330,SetTolOptInvalidGeomLock,,Sub,
method_5331,SetToleranceLock,,Sub,
method_5332,SetTolerances,,Sub,
method_5333,SetTool,,Sub,
method_5334,SetToolAxis,,Sub,
method_5335,SetToolChangePoint,,Sub,
method_5336,SetToolChangePointByName,,Sub,
method_5337,SetToolMobility,,Sub,
method_5338,SetToolProfile,,Sub,
method_5339,SetTraceAxisColorLock,,Sub,
method_5340,SetTraceAxisThickLock,,Sub,
method_5341,SetTraceAxisTypeLock,,Sub,
method_5342,SetTraceAxisVisuLock,,Sub,
method_5343,SetTraceDeletePathLock,,Sub,
method_5344,SetTraceLegendLock,,Sub,
method_5345,SetTraceLineColorLock,,Sub,
method_5346,SetTraceLineThickLock,,Sub,
method_5347,SetTraceLineTypeLock,,Sub,
method_5348,SetTraceLineVisuLock,,Sub,
method_5349,SetTraceNextColor,,Sub,
method_5350,SetTracePointColorLock,,Sub,
method_5351,SetTracePointSymbolLock,,Sub,
method_5352,SetTracePointVisuLock,,Sub,
method_5353,SetTrackAutoUpdateLock,,Sub,
method_5354,SetTransformation2D,,Sub,
method_5355,SetTransition,,Sub,
method_5356,SetTranslatorModeLock,,Sub,
method_5357,SetTransparencyModeLock,,Sub,
method_5358,SetTravelColorLock,,Sub,
method_5359,SetTravelLimitLock,,Sub,
method_5360,SetTrimSupport,,Sub,
method_5361,SetTrueDimensionColor,,Sub,
method_5362,SetTrueDimensionColorLock,,Sub,
method_5363,SetTrueDimensionLock,,Sub,
method_5364,SetTurnNumbers,,Sub,
method_5365,SetTwoIntermediatePassingPointsPlusOneTangent,,Sub,
method_5366,SetTwoSideLightingModeLock,,Sub,
method_5367,SetType,,Sub,
method_5368,SetType,,Sub,
method_5369,SetType,,Sub,
method_5370,SetType,,Sub,
method_5371,SetTypeBaseFrmLock,,Sub,
method_5372,SetTypeCoorsysLock,,Sub,
method_5373,SetTypeLock,,Sub,
method_5374,SetTypeOfIconOnFunctionalElementLock,,Sub,
method_5375,SetTypeToolFrmLock,,Sub,
method_5376,SetTypeWclPathLock,,Sub,
method_5377,SetUGActiveLayersOnlyLock,,Sub,
method_5378,SetUGDrawingNameLock,,Sub,
method_5379,SetUGLayerNumbersLock,,Sub,
method_5380,SetUGOpenSurfacesLock,,Sub,
method_5381,SetUIStyleLock,,Sub,
method_5382,SetUTCTimeFormatLock,,Sub,
method_5383,SetUgReferenceSetLock,,Sub,
method_5384,SetUnderFeatureLock,,Sub,
method_5385,SetUnderIntensifiedRGB,,Sub,
method_5386,SetUnderIntensifiedRGBLock,,Sub,
method_5387,SetUnderSetLock,,Sub,
method_5388,SetUnderViewLock,,Sub,
method_5389,SetUnequalInstanceNumber,,Sub,
method_5390,SetUnequalInstanceNumber,,Sub,
method_5391,SetUnequalStep,,Sub,
method_5392,SetUpdateAnalysisInSimulationLock,,Sub,
method_5393,SetUpdateElementsRefreshedLock,,Sub,
method_5394,SetUpdateLinkedExternalReferencesLock,,Sub,
method_5395,SetUpdateModeLock,,Sub,
method_5396,SetUpdateNeededRGB,,Sub,
method_5397,SetUpdateNeededRGBLock,,Sub,
method_5398,SetUpdateResultLock,,Sub,
method_5399,SetUpdateStatusModeLock,,Sub,
method_5400,SetUpdateStoppedOnErrorLock,,Sub,
method_5401,SetUploaderDirLock,,Sub,
method_5402,SetUploaderLock,,Sub,
method_5403,SetUsageLimitLock,,Sub,
method_5404,SetUseOnly,,Sub,
method_5405,SetUseStyleCreateObjectsLock,,Sub,
method_5406,SetUserProfilesList,,Sub,
method_5407,SetUserVariableExpr,,Sub,
method_5408,SetUserWalkSpeedStatusLock,,Sub,
method_5409,SetV4V5_FDTLock,,Sub,
method_5410,SetV4_Model_CommentPageLock,,Sub,
method_5411,SetV4_Model_LnFLock,,Sub,
method_5412,SetV4_Part_DefinitionLock,,Sub,
method_5413,SetV5_SPALock,,Sub,
method_5414,SetValue,,Sub,
method_5415,SetValue,,Sub,
method_5416,SetValue,,Sub,
method_5417,SetValues,,Sub,
method_5418,SetValues,,Sub,
method_5419,SetVectorLock,,Sub,
method_5420,SetVelocityColorLock,,Sub,
method_5421,SetVelocityLimitLock,,Sub,
method_5422,SetVia,,Sub,
method_5423,SetViaMode,,Sub,
method_5424,SetViewAnalysisParameterLock,,Sub,
method_5425,SetViewAnalysisRelationLock,,Sub,
method_5426,SetViewAssociativityLock,,Sub,
method_5427,SetViewBackgroundModeLock,,Sub,
method_5428,SetViewFilterCreationModeLock,,Sub,
method_5429,SetViewName,,Sub,
method_5430,SetViewName,,Sub,
method_5431,SetViewProfileLock,,Sub,
method_5432,SetViewReferentialLock,,Sub,
method_5433,SetViewReferentialZoomableLock,,Sub,
method_5434,SetViewerAutoOpenLock,,Sub,
method_5435,SetViewerAutoReframeLock,,Sub,
method_5436,SetViewerLock2DLock,,Sub,
method_5437,SetViewpointAnimationModeLock,,Sub,
method_5438,SetVisBaseFrmLock,,Sub,
method_5439,SetVisCoorsysLock,,Sub,
method_5440,SetVisToolFrmLock,,Sub,
method_5441,SetVisWclPathLock,,Sub,
method_5442,SetVisibility,,Sub,
method_5443,SetVisibility,,Sub,
method_5444,SetVisuFormatUnitLock,,Sub,
method_5445,SetVisu_Mode_2DLock,,Sub,
method_5446,SetVisualizationModeLock,,Sub,
method_5447,SetViz2DAccuracyModeLock,,Sub,
method_5448,SetViz2DFixedAccuracyLock,,Sub,
method_5449,SetViz2DProportionnalAccuracyLock,,Sub,
method_5450,SetViz3DAccuracyModeLock,,Sub,
method_5451,SetViz3DCurveAccuracyLock,,Sub,
method_5452,SetViz3DFixedAccuracyLock,,Sub,
method_5453,SetViz3DProportionnalAccuracyLock,,Sub,
method_5454,SetVolumeSupport,,Sub,
method_5455,SetVolumeSupport,,Sub,
method_5456,SetVolumeSupport,,Sub,
method_5457,SetVolumeSupport,,Sub,
method_5458,SetVoxelStaticAnlLock,,Sub,
method_5459,SetVoxelsLock,,Sub,
method_5460,SetWalkActColorLock,,Sub,
method_5461,SetWalkActLineTypeLock,,Sub,
method_5462,SetWalkActLineWeightLock,,Sub,
method_5463,SetWalkCurveDefPoints,,Sub,
method_5464,SetWalkForwardAngleLock,,Sub,
method_5465,SetWalkForwardDistanceLock,,Sub,
method_5466,SetWeldSpeed,,Sub,
method_5467,SetWindowDefaultHeightLock,,Sub,
method_5468,SetWindowDefaultWidthLock,,Sub,
method_5469,SetWindowOpenModeLock,,Sub,
method_5470,SetWorkInstructionsLock,,Sub,
method_5471,SetXMLDirLock,,Sub,
method_5472,SetXMLSchemaLock,,Sub,
method_5473,SetXY,,Sub,
method_5474,SetXYZ,,Sub,
method_5475,SetYPR,,Sub,
method_5476,ShallowCount,,Func,
method_5477,ShallowItem,,Func,
method_5478,ShallowRemove,,Sub,
method_5479,ShiftedProfileTolerance,,Func,
method_5480,Show,,Sub,
method_5481,SilhouetteShapeName,,Func,
method_5482,SimplificationShapeName,,Func,
method_5483,Size,,Sub,
method_5484,Size,,Sub,
method_5485,Slide,,Sub,
method_5486,Solve,,Sub,
method_5487,SortedItem,,Func,
method_5488,Split,,Sub,
method_5489,Start,,Sub,
method_5490,StartCommand,,Sub,
method_5491,StartPoint,,Sub,
method_5492,StartWorkbench,,Sub,
method_5493,Status,,Func,
method_5494,Status,,Func,
method_5495,StockGeometriesCount,,Func,
method_5496,SubList,,Func,
method_5497,SubList,,Func,
method_5498,SubmitJob,,Sub,
method_5499,SucceedItem,,Func,
method_5500,SuppressEnumerateValues,,Sub,
method_5501,SuppressEnumerateValues,,Sub,
method_5502,SuppressEnumerateValues,,Sub,
method_5503,Suspend,,Sub,
method_5504,Switch,,Sub,
method_5505,SwitchAll,,Sub,
method_5506,SwitchEndTangentDirection,,Sub,
method_5507,SwitchIntermediateTangentDirection,,Sub,
method_5508,SwitchStartTangentDirection,,Sub,
method_5509,Synchronize,,Sub,
method_5510,Synchronize,,Sub,
method_5511,SynchronizeStatus,,Func,
method_5512,set_DPELoginInfo,,Sub,
method_5513,set_DefaultValues,,Sub,
method_5514,set_Description,,Sub,
method_5515,set_Export3DXML,,Sub,
method_5516,set_ExportImageCapture,,Sub,
method_5517,set_ExportJobXML,,Sub,
method_5518,set_ExportPrecXML,,Sub,
method_5519,set_FTP,,Sub,
method_5520,set_FTPServerInformation,,Sub,
method_5521,set_FilterInputString,,Sub,
method_5522,set_GeneratePackNGo,,Sub,
method_5523,set_GenerateSMGMappingXML,,Sub,
method_5524,set_GenerateSMGXML,,Sub,
method_5525,set_GenerateSMGXmlExePath,,Sub,
method_5526,set_LitePackNGo,,Sub,
method_5527,set_LoadContext,,Sub,
method_5528,set_LoadPositions,,Sub,
method_5529,set_ManufacturingContext,,Sub,
method_5530,set_ProcessName,,Sub,
method_5531,set_RequestType,,Sub,
method_5532,set_RequestedNodeDetails,,Sub,
method_5533,set_SetEncryptionMode,,Sub,
method_5534,set_SpecifiedCycleTime,,Sub,
method_5535,set_SpecifiedJointSpeed,,Sub,
method_5536,set_TransactionID,,Sub,
method_5537,set_UpdatereleaseTable,,Sub,
method_5538,set_Zip,,Sub,
method_5539,swap_OffsetSide,,Sub,
method_5540,TangentPlane,,Func,
method_5541,TestInput,,Func,
method_5542,TestInternal,,Func,
method_5543,TestOutput,,Func,
method_5544,Text,,Func,
method_5545,ThicknessShapeName,,Func,
method_5546,ThreeDCutShapeName,,Sub,
method_5547,TolerancePerUnitBasisRestrictiveValue,,Func,
method_5548,ToleranceUnitBasisValue,,Func,
method_5549,ToleranceZone,,Func,
method_5550,TransfertToView,,Sub,
method_5551,Transform,,Sub,
method_5552,Translate,,Sub,
method_5553,Translate,,Sub,
method_5554,URL,,Sub,
method_5555,URL,,Sub,
method_5556,UnAlignedWithReferenceView,,Sub,
method_5557,UnAlignedWithReferenceView,,Sub,
method_5558,UnBreak,,Sub,
method_5559,UnBreakout,,Sub,
method_5560,UnBreakoutNum,,Sub,
method_5561,UnClip,,Sub,
method_5562,UnLink,,Sub,
method_5563,UnMergeCells,,Sub,
method_5564,UnMountDevice,,Sub,
method_5565,UnSetDevice,,Sub,
method_5566,UnassignState,,Sub,
method_5567,Unclip,,Sub,
method_5568,Uninsert,,Sub,
method_5569,Unlock,,Sub,
method_5570,UnlockActivitesWithinProgram,,Sub,
method_5571,UnlockActivty,,Sub,
method_5572,UnsetArrow,,Sub,
method_5573,UnsetClosingPoint,,Sub,
method_5574,UnsetCurvature,,Sub,
method_5575,UnsetGap,,Sub,
method_5576,UnsetGeometryOnSupport,,Sub,
method_5577,UnsetGeometryOnSupport,,Sub,
method_5578,UnsetGeometryOnSupport,,Sub,
method_5579,UnsetLowerLimit1,,Sub,
method_5580,UnsetLowerLimit2,,Sub,
method_5581,UnsetSupport,,Sub,
method_5582,UnsetTangent,,Sub,
method_5583,UnsetUpperLimit1,,Sub,
method_5584,UnsetUpperLimit2,,Sub,
method_5585,Update,,Sub,
method_5586,Update,,Sub,
method_5587,Update,,Sub,
method_5588,Update,,Sub,
method_5589,Update,,Sub,
method_5590,Update,,Sub,
method_5591,Update,,Sub,
method_5592,Update,,Sub,
method_5593,Update,,Sub,
method_5594,Update,,Sub,
method_5595,Update,,Sub,
method_5596,Update,,Sub,
method_5597,Update,,Sub,
method_5598,Update,,Sub,
method_5599,Update,,Sub,
method_5600,UpdateAllInstancesFromReference,,Sub,
method_5601,UpdateBoundedElements,,Sub,
method_5602,UpdateBundleSmoothness,,Sub,
method_5603,UpdateObject,,Sub,
method_5604,UpdateZoneMembership,,Sub,
method_5605,UpgradeToFull,,Func,
method_5606,UpgradeToPartial,,Func,
method_5607,UploadFromXML,,Sub,
method_5608,UploadRobotProgram,,Sub,
method_5609,UseSketchAxisAsDefault,,Sub,
method_5610,UseStopDialog,,Sub,
method_5611,UseSymbolcTransformations,,Sub,
method_5612,ValuateFromString,,Sub,
method_5613,ValueAsString,,Func,
method_5614,ValueAsString2,,Func,
method_5615,Values,,Sub,
method_5616,VibrationVolumeShapeName,,Func,
method_5617,View,,Sub,
method_5618,VolatileCopy,,Func,
method_5619,WithdrawEdgeToFillet,,Sub,
method_5620,WithdrawEdgeToKeep,,Sub,
method_5621,WithdrawElementToChamfer,,Sub,
method_5622,WithdrawFaceToKeep,,Sub,
method_5623,WithdrawFaceToKeep2,,Sub,
method_5624,WithdrawFaceToRemove,,Sub,
method_5625,WithdrawFaceToRemove,,Sub,
method_5626,WithdrawFaceToRemove2,,Sub,
method_5627,WithdrawFaceToThicken,,Sub,
method_5628,WithdrawImposedVertex,,Sub,
method_5629,WithdrawObjectToFillet,,Sub,
method_5630,WrappingShapeName,,Func,
method_5631,Write,,Sub,
method_5632,WriteInputFile,,Sub,
method_5633,write_Chars,,Sub,
method_5634,write_Double,,Sub,
method_5635,write_Long,,Sub,
method_5636,ZoomIn,,Sub,
method_5637,ZoomOut,,Sub,
