id,name,description,parameter_type,parameter_order
parameter_1,iObject,,,1
parameter_2,iGRRName,,,1
parameter_3,iDb2WhereAt,,,2
parameter_5,iType,,,1
parameter_6,iPointNumber,,,1
parameter_7,iPosU,,,1
parameter_8,iPosV,,,2
parameter_9,ShapeName,,,1
parameter_10,iItem,,,1
parameter_11,iOutput,,,1
parameter_12,iLoadType,,,1
parameter_13,iStepType,,,1
parameter_14,iPlane,,,1
parameter_15,iObject,,,1
parameter_16,iMechanism,,,1
parameter_17,iContext,,,2
parameter_18,iFieldType,,,1
parameter_19,iCompAccuracy,,,1
parameter_20,iDispAccuracy,,,2
parameter_21,iComputationType,,,3
parameter_22,iProductToWrapping,,,1
parameter_23,iAccuracy,,,2
parameter_24,iRatio,,,3
parameter_25,iShapeName,,,4
parameter_26,iActivatedShape,,,5
parameter_27,iDefaultShape,,,6
parameter_28,iItem,,,1
parameter_29,docType,,,1
parameter_30,iActivity,,,1
parameter_31,iObject,,,1
parameter_32,iProduct,,,1
parameter_33,iDrawingViewName,,,1
parameter_34,iType,,,1
parameter_35,iSetType,,,2
parameter_36,iPublicName,,,1
parameter_38,iDrawingText,,,1
parameter_39,iDrawingSheetName,,,1
parameter_40,iPropertyType,,,1
parameter_41,iLayoutSheetName,,,1
parameter_42,iGeomElem,,,1
parameter_43,iImageName,,,1
parameter_44,iHideExistingImages,,,2
parameter_45,iShowMesh,,,3
parameter_46,iDuplicate,,,4
parameter_47,iSymbol,,,1
parameter_48,iInteractionType,,,1
parameter_49,iDrawingPicturePath,,,1
parameter_50,iAnalysisType,,,1
parameter_51,iType,,,1
parameter_52,iType,,,1
parameter_53,iAction,,,1
parameter_54,iTypeDim,,,1
parameter_55,iGeomElem,,,2
parameter_56,iPtCoordElem,,,3
parameter_57,iLineRep,,,4
parameter_58,iDrawingComponentRef,,,1
parameter_59,iType,,,1
parameter_60,iBoundaryType,,,1
parameter_61,iEnvironmentType,,,1
parameter_62,iType,,,1
parameter_63,iType,,,1
parameter_64,iTypeDim,,,1
parameter_65,iGeomElem,,,2
parameter_66,iPtCoordElem,,,3
parameter_67,iLDCRefElem,,,4
parameter_68,iLDCRefAngle,,,5
parameter_69,iCoordinates,,,1
parameter_70,iCoordinates,,,1
parameter_71,iFillStatus,,,2
parameter_72,iCoordinates,,,1
parameter_73,iCoordinates,,,1
parameter_74,iCoordinates,,,1
parameter_75,iPath,,,2
parameter_76,iCoordinates,,,1
parameter_77,iFillStatus,,,2
parameter_78,iCoordinates,,,1
parameter_79,iText,,,2
parameter_80,iTextCoordinates,,,1
parameter_81,iText,,,2
parameter_82,iObjectCoordinates,,,3
parameter_83,iObject,,,4
parameter_84,profile,,,1
parameter_85,iComponent,,,1
parameter_86,iInitialXYPosition,,,1
parameter_88,iRelAxis,,,1
parameter_89,iPosition,,,2
parameter_90,iHeight,,,3
parameter_91,iBody,,,1
parameter_92,iBodyComp,,,2
parameter_93,iComponent,,,3
parameter_94,iSketch,,,1
parameter_95,iSketchComp,,,2
parameter_96,iDepth,,,3
parameter_97,iComponent,,,4
parameter_98,iSketch,,,1
parameter_99,iSketchComp,,,2
parameter_100,iDepth,,,3
parameter_101,iComponent,,,4
parameter_102,iBody,,,1
parameter_103,iBodyComp,,,2
parameter_104,iComponent,,,3
parameter_105,iSplittingElement,,,1
parameter_106,iSplittingElemComp,,,2
parameter_107,iSplitSide,,,3
parameter_108,iComponent,,,4
parameter_109,iParameter,,,1
parameter_110,iSheetColumn,,,2
parameter_111,Name,,,1
parameter_112,Value,,,2
parameter_113,Name,,,1
parameter_114,Value,,,2
parameter_115,iName,,,1
parameter_116,iValue,,,2
parameter_117,iReferenceView,,,1
parameter_118,iBCSegment,,,2
parameter_119,iBCOrient,,,3
parameter_120,iXorient,,,4
parameter_121,iYorient,,,5
parameter_122,iSectionType,,,6
parameter_123,iX,,,7
parameter_124,iY,,,8
parameter_125,iCstType,,,1
parameter_126,iFirstElem,,,2
parameter_127,iSecondElem,,,3
parameter_128,Body,,,1
parameter_129,iBoundary,,,1
parameter_130,iRelAxis,,,1
parameter_131,iListofMathPoints,,,2
parameter_132,iMathDirection,,,3
parameter_133,iZoneBndy,,,1
parameter_134,iItem,,,1
parameter_135,iAssignmentType,,,2
parameter_136,iResource,,,1
parameter_137,iAssignmentType,,,2
parameter_138,iSelSetName,,,1
parameter_139,iCol,,,1
parameter_140,iCmdType,,,1
parameter_141,iJoint,,,2
parameter_143,iReferenceProduct,,,1
parameter_144,iFilesList,,,1
parameter_145,iMethod,,,2
parameter_146,iClassType,,,1
parameter_147,iGRR,,,2
parameter_148,iDb2CntrPosition,,,3
parameter_150,iuClassFilter,,,1
parameter_151,iFaceCntr,,,2
parameter_152,ieFaceType,,,3
parameter_153,iAlignmentCntr,,,4
parameter_154,ieAlignType,,,5
parameter_155,iClockCntr,,,6
parameter_156,ieClockType,,,7
parameter_157,piConstraint,,,1
parameter_158,iConstraint,,,1
parameter_159,iType,,,2
parameter_160,iComplementaire,,,3
parameter_161,iIsFederated,,,4
parameter_162,iCrvtreThsld,,,5
parameter_163,iPos,,,6
parameter_164,iConstraint,,,1
parameter_165,iType,,,2
parameter_166,iComplementaire,,,3
parameter_167,iIsFederated,,,4
parameter_168,iDistreThsld,,,5
parameter_169,iAngtreThsld,,,6
parameter_170,iCrvtreThsld,,,7
parameter_171,iPos,,,8
parameter_172,iName,,,1
parameter_173,iReferenceScene,,,2
parameter_174,iElement1,,,1
parameter_175,iElement2,,,2
parameter_176,iElem,,,1
parameter_177,iOrientation,,,2
parameter_179,iCoord,,,1
parameter_180,iOffset,,,2
parameter_181,iReference,,,1
parameter_182,iOffset,,,2
parameter_183,iMember,,,1
parameter_184,iSide,,,2
parameter_185,iDistance,,,3
parameter_186,iOffset,,,4
parameter_187,iDetailName,,,1
parameter_188,iDrawingSheetName,,,1
parameter_189,iLayoutSheetName,,,1
parameter_190,iSection,,,1
parameter_191,iAnchorName,,,2
parameter_192,iAngle,,,3
parameter_193,iDefExtr1,,,4
parameter_194,iMathDirection,,,5
parameter_195,iLength,,,6
parameter_196,iType,,,7
parameter_197,iSection,,,1
parameter_198,iAnchorName,,,2
parameter_199,iAngle,,,3
parameter_200,iDefExtr1,,,4
parameter_201,iDefExtr2,,,5
parameter_202,iDirection,,,6
parameter_203,iMode,,,7
parameter_204,iOrientation,,,8
parameter_205,iLength,,,9
parameter_206,iType,,,10
parameter_207,iSection,,,1
parameter_208,iAnchorName,,,2
parameter_209,iAngle,,,3
parameter_210,iDefExtr1,,,4
parameter_211,iDefExtr2,,,5
parameter_212,iLength,,,6
parameter_213,iType,,,7
parameter_214,iSection,,,1
parameter_215,iAnchorName,,,2
parameter_216,iAngle,,,3
parameter_217,iDefExtr1,,,4
parameter_218,iDefExtr2,,,5
parameter_219,iDirection,,,6
parameter_220,iMode,,,7
parameter_221,iOrientation,,,8
parameter_222,iLength,,,9
parameter_223,iType,,,10
parameter_224,iFeedrateType,,,1
parameter_225,iFeedrateValue,,,2
parameter_226,iFeedrateType,,,1
parameter_227,iFeedrateValue,,,2
parameter_228,ipIALocElem,,,1
parameter_229,iAng,,,2
parameter_230,iView,,,1
parameter_232,iDb2PosXY,,,3
parameter_233,iDb1Scale,,,4
parameter_234,iDb1Angle,,,5
parameter_235,iClassType,,,1
parameter_236,iGRR,,,2
parameter_237,iDb2CntrPosition,,,3
parameter_239,iEdge,,,1
parameter_240,iRadius,,,2
parameter_241,iEdgeToKeep,,,1
parameter_242,Edge,,,1
parameter_243,iEdge,,,1
parameter_244,Edge,,,2
parameter_245,iElement,,,1
parameter_246,iElementToChamfer,,,1
parameter_247,iElement,,,1
parameter_248,iElement,,,1
parameter_249,iElement,,,1
parameter_250,iElement,,,1
parameter_251,Element,,,1
parameter_252,iCase,,,1
parameter_253,iCase,,,1
parameter_254,iSet,,,1
parameter_255,iSetType,,,2
parameter_256,iProduct,,,1
parameter_257,iAppObjToBeExtended,,,1
parameter_258,iExtensionType,,,2
parameter_259,iLGRR,,,3
parameter_260,iProductDocument,,,1
parameter_261,iFace,,,1
parameter_262,iFaceToKeep,,,1
parameter_263,iFaceToKeep,,,1
parameter_264,iFaceAdjacentForKeep,,,2
parameter_265,iFaceToRemove,,,1
parameter_266,iFaceToRemove,,,1
parameter_267,iFaceToRemove,,,1
parameter_268,iFaceAdjacentForRemove,,,2
parameter_269,iFaceToThicken,,,1
parameter_270,iFaceToThicken,,,1
parameter_271,iFaceToThicken,,,1
parameter_272,iFact,,,1
parameter_273,iFeatureToLocatePositions,,,1
parameter_274,iFeatureToLocatePositions,,,1
parameter_275,iPath,,,1
parameter_276,iElement1,,,1
parameter_277,iElement2,,,2
parameter_278,iName,,,1
parameter_279,iType,,,2
parameter_280,iPlane,,,1
parameter_281,iViewType,,,2
parameter_282,iX,,,3
parameter_283,iY,,,4
parameter_284,iFileName,,,1
parameter_285,iViewpoint,,,1
parameter_286,iPath,,,1
parameter_287,iType,,,2
parameter_288,iCurve,,,1
parameter_289,iPoint,,,1
parameter_290,iConductance,,,1
parameter_291,iClearance,,,2
parameter_292,iTemperature,,,3
parameter_293,iGRRToAdd,,,1
parameter_294,iGRR,,,2
parameter_295,iGRRToAdd,,,1
parameter_296,iGRRToAdd,,,1
parameter_297,iGRRToAdd,,,1
parameter_298,iGuide,,,1
parameter_299,iGuide,,,1
parameter_300,iTangent,,,2
parameter_301,iVertex,,,1
parameter_302,iRadius,,,2
parameter_303,iReference,,,1
parameter_304,iLFlowCntrs,,,1
parameter_306,iLFlowCntrs,,,1
parameter_307,iLOwnerImages,,,2
parameter_309,iIndex,,,1
parameter_310,iTwoPoints,,,2
parameter_311,iFirstPointX,,,1
parameter_312,iFirstPointY,,,2
parameter_313,iSecondPointX,,,3
parameter_314,iSecondPointY,,,4
parameter_315,iFirstPointX,,,1
parameter_316,iFirstPointY,,,2
parameter_317,iSecondPointX,,,3
parameter_318,iSecondPointY,,,4
parameter_319,iRelAxis,,,1
parameter_320,iPosition,,,2
parameter_321,iXMin,,,3
parameter_322,iYMin,,,4
parameter_323,iZMin,,,5
parameter_324,iXMax,,,6
parameter_325,iYMax,,,7
parameter_326,iZMax,,,8
parameter_327,iJointType,,,1
parameter_328,iListElem,,,2
parameter_330,iFileName,,,1
parameter_331,iMachinableGeometry,,,1
parameter_332,iShapePathName,,,1
parameter_333,iGroupable,,,1
parameter_334,iSection,,,1
parameter_335,iAnchorName,,,2
parameter_336,iAngle,,,3
parameter_337,iDefExtr1,,,4
parameter_338,iDefExtr2,,,5
parameter_339,iType,,,6
parameter_340,iCntblToAdd,,,1
parameter_341,iSection,,,1
parameter_342,iAnchorName,,,2
parameter_343,iAngle,,,3
parameter_344,iDefExtr1,,,4
parameter_345,iDefExtr2,,,5
parameter_346,iDirection,,,6
parameter_347,iMode,,,7
parameter_348,iType,,,8
parameter_349,iSection,,,1
parameter_350,iAnchorName,,,2
parameter_351,iAngle,,,3
parameter_352,iDefExtr1,,,4
parameter_353,iDefExtr2,,,5
parameter_354,iDirection,,,6
parameter_355,iType,,,7
parameter_356,iSection,,,1
parameter_357,iAnchorName,,,2
parameter_358,iAngle,,,3
parameter_359,iDefExtr1,,,4
parameter_360,iDefExtr2,,,5
parameter_361,iDirection,,,6
parameter_362,iPlaneMode,,,7
parameter_363,iType,,,8
parameter_364,iSection,,,1
parameter_365,iAnchorName,,,2
parameter_366,iAngle,,,3
parameter_367,iSupport,,,4
parameter_368,iDefExtr1,,,5
parameter_369,iDefExtr2,,,6
parameter_370,iType,,,7
parameter_371,iSection,,,1
parameter_372,iAnchorName,,,2
parameter_373,iReference,,,3
parameter_374,iAngle,,,4
parameter_375,iSupport,,,5
parameter_376,iDefExtr1,,,6
parameter_377,iDefExtr2,,,7
parameter_378,iType,,,8
parameter_379,iCstType,,,1
parameter_380,iElem,,,2
parameter_381,iFeedrateType,,,1
parameter_382,iFeedrateValue,,,2
parameter_383,profile,,,1
parameter_384,iElement1,,,1
parameter_385,iElement2,,,2
parameter_386,iDirection,,,3
parameter_387,iRadius,,,4
parameter_388,iOrientation1,,,5
parameter_389,iOrientation2,,,6
parameter_390,iTrim,,,7
parameter_392,iCurve,,,1
parameter_393,iDirection,,,2
parameter_394,iOffsetValue,,,3
parameter_395,iCornerRadius,,,4
parameter_396,iCornerTension,,,5
parameter_397,iBodyToAdd,,,1
parameter_398,iElement,,,1
parameter_399,iXRatio,,,2
parameter_400,iYRatio,,,3
parameter_401,iZRatio,,,4
parameter_403,XRatio,,,1
parameter_404,YRatio,,,2
parameter_405,ZRatio,,,3
parameter_406,iBodyToAssemble,,,1
parameter_407,iDraftAngle,,,1
parameter_408,iFilletRadius,,,1
parameter_409,iRoundRadius,,,2
parameter_410,iElement,,,1
parameter_412,iObject,,,1
parameter_413,iReferenceAxis,,,2
parameter_414,iTargetAxis,,,3
parameter_416,iReference,,,1
parameter_417,iTarget,,,2
parameter_419,iInitialElement,,,1
parameter_420,iSupport,,,2
parameter_421,iTypedePropagation,,,3
parameter_423,iSurface,,,1
parameter_425,iObjectToChamfer,,,1
parameter_426,iPropagation,,,2
parameter_427,iMode,,,3
parameter_428,length,,,4
parameter_429,iOrientation,,,5
parameter_430,iLength1,,,6
parameter_431,iLength2OrAngle,,,7
parameter_432,iShapeToCopy,,,1
parameter_433,iNbOfInstancesInRadialDir,,,2
parameter_434,iNbOfInstancesInAngularDir,,,3
parameter_435,iStepInRadialDir,,,4
parameter_436,iStepInAngularDir,,,5
parameter_437,iShapeToCopyPositionAlongRadialDir,,,6
parameter_438,iShapeToCopyPositionAlongAngularDir,,,7
parameter_439,iRotationCenter,,,8
parameter_440,iRotationAxis,,,9
parameter_441,iIsReversedRotationAxis,,,10
parameter_442,iRotationAngle,,,11
parameter_443,iIsRadiusAligned,,,12
parameter_444,iShapeToCopy,,,1
parameter_445,iNbOfInstancesInRadialDir,,,2
parameter_446,iNbOfInstancesInAngularDir,,,3
parameter_447,iStepInRadialDir,,,4
parameter_448,iStepInAngularDir,,,5
parameter_449,iShapeToCopyPositionAlongRadialDir,,,6
parameter_450,iShapeToCopyPositionAlongAngularDir,,,7
parameter_451,iRotationCenter,,,8
parameter_452,iRotationAxis,,,9
parameter_453,iIsReversedRotationAxis,,,10
parameter_454,iRotationAngle,,,11
parameter_455,iIsRadiusAligned,,,12
parameter_456,iPoint1,,,1
parameter_457,iPoint2,,,2
parameter_458,iSupport,,,3
parameter_459,iGeodesic,,,4
parameter_460,iRadius,,,5
parameter_461,iOri,,,6
parameter_463,iPoint1,,,1
parameter_464,iPoint2,,,2
parameter_465,iPoint3,,,3
parameter_467,iCurve1,,,1
parameter_468,iCurve2,,,2
parameter_469,iPoint,,,3
parameter_470,iSupport,,,4
parameter_471,iOri1,,,5
parameter_472,iOri2,,,6
parameter_474,iCurve1,,,1
parameter_475,iCurve2,,,2
parameter_476,iSupport,,,3
parameter_477,iRadius,,,4
parameter_478,iOri1,,,5
parameter_479,iOri2,,,6
parameter_481,iAxis,,,1
parameter_482,iPoint,,,2
parameter_483,iValue,,,3
parameter_484,iProjection,,,4
parameter_486,iAxis,,,1
parameter_487,iPoint,,,2
parameter_488,iValue,,,3
parameter_489,iProjection,,,4
parameter_490,iStartAngle,,,5
parameter_491,iEndAngle,,,6
parameter_493,iCenterElem,,,1
parameter_494,iTangentCurve,,,2
parameter_495,iSupport,,,3
parameter_496,iRadius,,,4
parameter_498,iCenter,,,1
parameter_499,iCrossingPoint,,,2
parameter_500,iSupport,,,3
parameter_501,iGeodesic,,,4
parameter_503,CreatedCircle,,,6
parameter_504,iCenter,,,1
parameter_505,iCrossingPoint,,,2
parameter_506,iSupport,,,3
parameter_507,iGeodesic,,,4
parameter_508,iStartAngle,,,5
parameter_509,iEndAngle,,,6
parameter_511,iCenter,,,1
parameter_512,iSupport,,,2
parameter_513,iGeodesic,,,3
parameter_514,iRadius,,,4
parameter_516,iCenter,,,1
parameter_517,iSupport,,,2
parameter_518,iGeodesic,,,3
parameter_519,iRadius,,,4
parameter_520,iStartAngle,,,5
parameter_521,iEndAngle,,,6
parameter_523,iObject,,,1
parameter_525,iCurve1,,,1
parameter_526,iCurve2,,,2
parameter_527,iCurve3,,,3
parameter_528,iSupport,,,4
parameter_529,iOri1,,,5
parameter_530,iOri2,,,6
parameter_531,iOri3,,,7
parameter_533,iCloseElement,,,1
parameter_534,iFirstCurve,,,1
parameter_535,iSecondCurve,,,2
parameter_536,iNearestSolution,,,3
parameter_538,iProductDocument,,,1
parameter_539,iSupport,,,1
parameter_540,iStartingPoint,,,2
parameter_541,iEndPoint,,,3
parameter_543,iSupport,,,1
parameter_544,iOrigin,,,2
parameter_545,iAngle,,,3
parameter_546,iOrientationSupport,,,4
parameter_547,iType,,,5
parameter_549,iCurve1,,,1
parameter_550,iPoint1,,,2
parameter_551,iOrient1,,,3
parameter_552,iContinuity1,,,4
parameter_553,iTension1,,,5
parameter_554,iCurve2,,,6
parameter_555,iPoint2,,,7
parameter_556,iOrient2,,,8
parameter_557,iContinuity2,,,9
parameter_558,iTension2,,,10
parameter_559,iTrim,,,11
parameter_561,iElement1,,,1
parameter_562,iElement2,,,2
parameter_563,iSupport,,,3
parameter_564,iRadius,,,4
parameter_565,iOrientation1,,,5
parameter_566,iOrientation2,,,6
parameter_567,iTrim,,,7
parameter_569,iObject,,,1
parameter_571,iCurve,,,1
parameter_572,iSupport,,,2
parameter_573,iDistance,,,3
parameter_574,iInvertDirection,,,4
parameter_576,iGeodesic,,,6
parameter_578,iCurve,,,1
parameter_580,iCenter,,,1
parameter_581,iRadius,,,2
parameter_582,iFirstLength,,,3
parameter_583,iSecondLength,,,4
parameter_584,iDirection,,,5
parameter_586,iElem,,,1
parameter_588,Next,,,3
parameter_589,iMode,,,1
parameter_590,iToDevelop,,,2
parameter_591,iSupport,,,3
parameter_593,iElement,,,1
parameter_595,iX,,,1
parameter_596,iY,,,2
parameter_597,iZ,,,3
parameter_599,iFaceToDraft,,,1
parameter_600,iNeutral,,,2
parameter_601,iNeutralMode,,,3
parameter_602,iParting,,,4
parameter_603,iMode,,,5
parameter_604,iAngle,,,6
parameter_605,iElement,,,1
parameter_607,iElement,,,1
parameter_609,iBoundary,,,1
parameter_610,iToExtrapol,,,2
parameter_611,iLength,,,3
parameter_613,iBoundary,,,1
parameter_614,iToExtrapol,,,2
parameter_615,iUntil,,,3
parameter_617,iObjet,,,1
parameter_618,iDir,,,2
parameter_619,iMinMax,,,3
parameter_621,iType,,,1
parameter_622,ipIAContour,,,2
parameter_624,iObjectToExtrude,,,1
parameter_625,iOffsetDebut,,,2
parameter_626,iOffsetFin,,,3
parameter_627,iDirection,,,4
parameter_630,iElement1,,,1
parameter_631,iElement2,,,2
parameter_632,iRadius,,,3
parameter_633,iOrientation1,,,4
parameter_634,iOrientation2,,,5
parameter_635,iSupportsTrimMode,,,6
parameter_636,iRibbonRelimitationMode,,,7
parameter_638,iElement1,,,1
parameter_639,iElement2,,,2
parameter_640,iRemoveElem,,,3
parameter_641,iOrientation1,,,4
parameter_642,iOrientation2,,,5
parameter_643,iRemoveOrientation,,,6
parameter_644,iSupportsTrimMode,,,7
parameter_645,iRibbonRelimitationMode,,,8
parameter_647,iSketch,,,1
parameter_648,iProfileElt,,,1
parameter_649,iBodyToHeal,,,1
parameter_651,iAxis,,,1
parameter_652,iInvertAxis,,,2
parameter_653,iStartingPoint,,,3
parameter_654,iPitch,,,4
parameter_655,iHeight,,,5
parameter_656,iClockwiseRevolution,,,6
parameter_657,iStartingAngle,,,7
parameter_658,iTaperAngle,,,8
parameter_659,iTaperOutward,,,9
parameter_661,iSupport,,,1
parameter_662,iDepth,,,2
parameter_663,iX,,,1
parameter_664,iY,,,2
parameter_665,iZ,,,3
parameter_666,iSupport,,,4
parameter_667,iDepth,,,5
parameter_668,iOrigin,,,1
parameter_669,iSupport,,,2
parameter_670,iDepth,,,3
parameter_671,iSketch,,,1
parameter_672,iDepth,,,2
parameter_673,iX,,,1
parameter_674,iY,,,2
parameter_675,iZ,,,3
parameter_676,iEdge,,,4
parameter_677,iSupport,,,5
parameter_678,iDepth,,,6
parameter_679,iX,,,1
parameter_680,iY,,,2
parameter_681,iZ,,,3
parameter_682,iEdge,,,4
parameter_683,iSupport,,,5
parameter_684,iDepth,,,6
parameter_685,iElemToScale,,,1
parameter_686,iCenter,,,2
parameter_687,iRatio,,,3
parameter_689,iElement1,,,1
parameter_690,iElement2,,,2
parameter_691,iOrientation,,,3
parameter_693,iElement1,,,1
parameter_694,iOrientation1,,,2
parameter_695,iElement2,,,3
parameter_696,iOrientation2,,,4
parameter_698,iType,,,1
parameter_699,iBodyToIntersect,,,1
parameter_700,iObject1,,,1
parameter_701,iObject2,,,2
parameter_703,Intersection,,,4
parameter_704,iElement,,,1
parameter_705,iInverse,,,2
parameter_707,iElement1,,,1
parameter_708,iElement2,,,2
parameter_710,iReference,,,1
parameter_711,iDefinition,,,2
parameter_713,iCurve,,,1
parameter_714,iSurface,,,2
parameter_715,iPoint,,,3
parameter_716,iGeodesic,,,4
parameter_717,iBeginOffset,,,5
parameter_718,iEndOffset,,,6
parameter_719,iAngle,,,7
parameter_720,iOrientation,,,8
parameter_722,iCurve1,,,1
parameter_723,iCurve2,,,2
parameter_724,iSupport,,,3
parameter_726,iLine1,,,1
parameter_727,iLine2,,,2
parameter_728,iBeginOffset,,,3
parameter_729,iEndOffset,,,4
parameter_730,iOrientation,,,5
parameter_732,iLine1,,,1
parameter_733,iLine2,,,2
parameter_734,iSurface,,,3
parameter_735,iBeginOffset,,,4
parameter_736,iEndOffset,,,5
parameter_737,iOrientation,,,6
parameter_739,iLine1,,,1
parameter_740,iLine2,,,2
parameter_741,iRefPoint,,,3
parameter_742,iSurface,,,4
parameter_743,iBeginOffset,,,5
parameter_744,iEndOffset,,,6
parameter_745,iOrientation,,,7
parameter_747,iLine1,,,1
parameter_748,iLine2,,,2
parameter_749,iRefPoint,,,3
parameter_750,iBeginOffset,,,4
parameter_751,iEndOffset,,,5
parameter_752,iOrientation,,,6
parameter_754,iObject,,,1
parameter_756,iSurface,,,1
parameter_757,iPoint,,,2
parameter_758,iBeginOffset,,,3
parameter_759,iEndOffset,,,4
parameter_760,iOrientation,,,5
parameter_762,iPt,,,1
parameter_763,iDirection,,,2
parameter_764,Direction,,,3
parameter_765,iBeginOffset,,,4
parameter_766,iEndOffset,,,5
parameter_767,iOrientation,,,6
parameter_769,iPt,,,1
parameter_770,iDirection,,,2
parameter_771,Direction,,,3
parameter_772,iSupport,,,4
parameter_773,iBeginOffset,,,5
parameter_774,iEndOffset,,,6
parameter_775,iOrientation,,,7
parameter_777,iPtOrigine,,,1
parameter_778,iPtExtremite,,,2
parameter_780,iPtOrigine,,,1
parameter_781,iPtExtremite,,,2
parameter_782,iBeginOffset,,,3
parameter_783,iEndOffset,,,4
parameter_785,iPtOrigine,,,1
parameter_786,iPtExtremite,,,2
parameter_787,iSupport,,,3
parameter_789,iPtOrigine,,,1
parameter_790,iPtExtremite,,,2
parameter_791,iSupport,,,3
parameter_792,iBeginOffset,,,4
parameter_793,iEndOffset,,,5
parameter_795,iCurve,,,1
parameter_796,iPoint,,,2
parameter_797,iBeginOffset,,,3
parameter_798,iEndOffset,,,4
parameter_799,iOrientation,,,5
parameter_801,iCurve,,,1
parameter_802,iPoint,,,2
parameter_803,iSupport,,,3
parameter_804,iBeginOffset,,,4
parameter_805,iEndOffset,,,5
parameter_806,iOrientation,,,6
parameter_809,iMirroringElement,,,1
parameter_810,iMultiElement,,,1
parameter_811,iReferenceElement,,,2
parameter_813,iObjectToOffset,,,1
parameter_814,iOffset,,,2
parameter_815,iOrientation,,,3
parameter_816,iPrecision,,,4
parameter_818,iSketch,,,1
parameter_819,iHeight,,,2
parameter_820,iProfileElt,,,1
parameter_821,iHeight,,,2
parameter_822,iPlanarCurve,,,1
parameter_824,iLn,,,1
parameter_825,iPt,,,2
parameter_827,iLn1,,,1
parameter_828,iLn2,,,2
parameter_830,iPt1,,,1
parameter_831,iPt2,,,2
parameter_832,iPt3,,,3
parameter_834,iPlane,,,1
parameter_835,iRevolAxis,,,2
parameter_836,iAngle,,,3
parameter_837,angle,,,4
parameter_838,iOrientation,,,5
parameter_840,iObject,,,1
parameter_842,iA_Coeff,,,1
parameter_843,iB_Coeff,,,2
parameter_844,iC_Coeff,,,3
parameter_845,iD_Coeff,,,4
parameter_848,iNbPoint,,,2
parameter_850,iCurve,,,1
parameter_851,iPt,,,2
parameter_853,iPlane,,,1
parameter_854,iOffset,,,2
parameter_855,iOrientation,,,3
parameter_857,iPlane,,,1
parameter_858,iPt,,,2
parameter_860,iSurface,,,1
parameter_861,iPt,,,2
parameter_863,iSketch,,,1
parameter_864,iDepth,,,2
parameter_865,iProfileElt,,,1
parameter_866,iDepth,,,2
parameter_867,iPoint1,,,1
parameter_868,iPoint2,,,2
parameter_869,iRatio,,,3
parameter_870,iOrientation,,,4
parameter_872,iCurve,,,1
parameter_874,iX,,,1
parameter_875,iY,,,2
parameter_876,iZ,,,3
parameter_878,iX,,,1
parameter_879,iY,,,2
parameter_880,iZ,,,3
parameter_881,iPt,,,4
parameter_883,iObject,,,1
parameter_885,iCrv,,,1
parameter_886,iLong,,,2
parameter_887,iOrientation,,,3
parameter_888,iDirection,,,4
parameter_890,iCrv,,,1
parameter_891,iLong,,,2
parameter_892,iOrientation,,,3
parameter_894,iCrv,,,1
parameter_895,iLong,,,2
parameter_896,iOrientation,,,3
parameter_898,iCrv,,,1
parameter_899,iPt,,,2
parameter_900,iLong,,,3
parameter_901,iOrientation,,,4
parameter_902,iDirection,,,5
parameter_904,iCrv,,,1
parameter_905,iPt,,,2
parameter_906,iLong,,,3
parameter_907,iOrientation,,,4
parameter_909,iCrv,,,1
parameter_910,iPt,,,2
parameter_911,iLong,,,3
parameter_912,iOrientation,,,4
parameter_914,iPlane,,,1
parameter_915,iX,,,2
parameter_916,iY,,,3
parameter_918,iPlane,,,1
parameter_919,iPt,,,2
parameter_920,iX,,,3
parameter_921,iY,,,4
parameter_923,iSurface,,,1
parameter_924,iDirection,,,2
parameter_925,iX,,,3
parameter_927,iSurface,,,1
parameter_928,iPt,,,2
parameter_929,iDirection,,,3
parameter_930,iX,,,4
parameter_932,iCurve,,,1
parameter_933,iDirection,,,2
parameter_936,iMode,,,1
parameter_938,iPartNumber,,,1
parameter_939,iElement,,,1
parameter_940,iSupport,,,2
parameter_942,iControllerIdentifier,,,1
parameter_943,iShapeToCopy,,,1
parameter_944,iNbOfCopiesInDir1,,,2
parameter_945,iNbOfCopiesInDir2,,,3
parameter_946,iStepInDir1,,,4
parameter_947,iStepInDir2,,,5
parameter_948,iShapeToCopyPositionAlongDir1,,,6
parameter_949,iShapeToCopyPositionAlongDir2,,,7
parameter_950,iDir1,,,8
parameter_951,direction,,,9
parameter_952,iDir2,,,10
parameter_953,direction,,,11
parameter_954,iIsReversedDir1,,,12
parameter_955,iIsReversedDir2,,,13
parameter_956,iRotationAngle,,,14
parameter_957,iShapeToCopy,,,1
parameter_958,iNbOfCopiesInDir1,,,2
parameter_959,iNbOfCopiesInDir2,,,3
parameter_960,iStepInDir1,,,4
parameter_961,iStepInDir2,,,5
parameter_962,iShapeToCopyPositionAlongDir1,,,6
parameter_963,iShapeToCopyPositionAlongDir2,,,7
parameter_964,iDir1,,,8
parameter_965,direction,,,9
parameter_966,iDir2,,,10
parameter_967,direction,,,11
parameter_968,iIsReversedDir1,,,12
parameter_969,iIsReversedDir2,,,13
parameter_970,iRotationAngle,,,14
parameter_971,iSupport,,,1
parameter_972,iAngle,,,2
parameter_973,iOrientationSupport,,,3
parameter_974,iOrientationDirection,,,4
parameter_976,iSupport,,,1
parameter_977,iAngle,,,2
parameter_978,iOrientationSupport,,,3
parameter_979,iOrientationDirection,,,4
parameter_980,iType,,,5
parameter_982,iBodyToRemove,,,1
parameter_983,iKeepFaces,,,1
parameter_984,iRemoveFaces,,,2
parameter_985,iSplitPlane,,,1
parameter_986,iRemoveFace,,,2
parameter_987,iSplittingSide,,,3
parameter_988,iObjectToExtrude,,,1
parameter_989,iOffsetDebut,,,2
parameter_990,iOffsetFin,,,3
parameter_991,iAxis,,,4
parameter_993,iSketch,,,1
parameter_994,iCenterCurve,,,2
parameter_995,iProfile,,,1
parameter_996,iCenterCurve,,,2
parameter_997,iToRotate,,,1
parameter_998,iAxis,,,2
parameter_999,iAngle,,,3
parameter_1001,iScalingReference,,,1
parameter_1002,iFactor,,,2
parameter_1003,iName,,,1
parameter_1004,iReferenceProduct,,,2
parameter_1006,iSewingElement,,,1
parameter_1007,iSewingSide,,,2
parameter_1008,iSketch,,,1
parameter_1009,iProfileElt,,,1
parameter_1010,iFaceToRemove,,,1
parameter_1011,iInternalThickness,,,2
parameter_1012,iExternaThickness,,,3
parameter_1013,iSketch,,,1
parameter_1014,iCenterCurve,,,2
parameter_1015,iProfile,,,1
parameter_1016,iCenterCurve,,,2
parameter_1017,iProfileEltFirst,,,1
parameter_1018,iProfileEltSecond,,,2
parameter_1019,iEdgeToFillet,,,1
parameter_1020,iPropagMode,,,2
parameter_1021,iRadius,,,3
parameter_1022,iEdgeToFillet,,,1
parameter_1023,iPropagMode,,,2
parameter_1024,iVariationMode,,,3
parameter_1025,iDefaultRadius,,,4
parameter_1026,iF1,,,1
parameter_1027,iF2,,,2
parameter_1028,iRadius,,,3
parameter_1029,iF1,,,1
parameter_1030,iF2,,,2
parameter_1031,iRemovedFace,,,3
parameter_1032,Face,,,4
parameter_1033,iCenter,,,1
parameter_1034,iAxis,,,2
parameter_1035,iRadius,,,3
parameter_1036,Radius,,,4
parameter_1037,iBeginParallelAngle,,,5
parameter_1038,iEndParallelAngle,,,6
parameter_1039,iBeginMeridianAngle,,,7
parameter_1040,iEndMeridianAngle,,,8
parameter_1043,iType,,,1
parameter_1044,iSupport,,,2
parameter_1045,iCenterPoint,,,3
parameter_1046,iAxis,,,4
parameter_1047,iStartingRadius,,,5
parameter_1048,iClockwiseRevolution,,,6
parameter_1051,iSplittingElement,,,1
parameter_1052,iSplitSide,,,2
parameter_1053,iSketch,,,1
parameter_1054,iProfileElt,,,1
parameter_1055,iObject,,,1
parameter_1057,iEdgeToFillet,,,1
parameter_1058,iPropagMode,,,2
parameter_1059,iRadius,,,3
parameter_1060,iEdgeToFillet,,,1
parameter_1061,iPropagMode,,,2
parameter_1062,iVariationMode,,,3
parameter_1063,iDefaultRadius,,,4
parameter_1064,iF1,,,1
parameter_1065,iF2,,,2
parameter_1066,iRadius,,,3
parameter_1067,iF1,,,1
parameter_1068,iF2,,,2
parameter_1069,iRemovedFace,,,3
parameter_1070,Face,,,4
parameter_1071,iFilletRadius,,,1
parameter_1072,iShapeToCopy,,,1
parameter_1073,iNbOfInstancesInRadialDir,,,2
parameter_1074,iNbOfInstancesInAngularDir,,,3
parameter_1075,iStepInRadialDir,,,4
parameter_1076,iStepInAngularDir,,,5
parameter_1077,iShapeToCopyPositionAlongRadialDir,,,6
parameter_1078,iShapeToCopyPositionAlongAngularDir,,,7
parameter_1079,iRotationCenter,,,8
parameter_1080,iRotationAxis,,,9
parameter_1081,iIsReversedRotationAxis,,,10
parameter_1082,iRotationAngle,,,11
parameter_1083,iIsRadiusAligned,,,12
parameter_1084,iCompleteCrown,,,13
parameter_1085,iShapeToCopy,,,1
parameter_1086,iNbOfCopiesInDir1,,,2
parameter_1087,iNbOfCopiesInDir2,,,3
parameter_1088,iStepInDir1,,,4
parameter_1089,iStepInDir2,,,5
parameter_1090,iShapeToCopyPositionAlongDir1,,,6
parameter_1091,iShapeToCopyPositionAlongDir2,,,7
parameter_1092,iDir1,,,8
parameter_1093,direction,,,9
parameter_1094,iDir2,,,10
parameter_1095,direction,,,11
parameter_1096,iIsReversedDir1,,,12
parameter_1097,iIsReversedDir2,,,13
parameter_1098,iRotationAngle,,,14
parameter_1099,iShapeToCopy,,,1
parameter_1100,iNbOfCopies,,,2
parameter_1101,iGuide1,,,1
parameter_1103,iGuide1,,,1
parameter_1105,iProfile,,,1
parameter_1106,iGuide,,,2
parameter_1108,iGuide1,,,1
parameter_1110,iObject,,,1
parameter_1111,iReference,,,2
parameter_1113,iOffsetElement,,,1
parameter_1114,iIsensOffset,,,2
parameter_1115,iTopOffset,,,3
parameter_1116,iBotOffset,,,4
parameter_1117,iFaceToThicken,,,1
parameter_1118,iOffset,,,2
parameter_1119,iLateralFace,,,1
parameter_1120,iLimitFacee,,,2
parameter_1121,iElementToTransfer,,,1
parameter_1122,iTypeOfTransfer,,,2
parameter_1124,iElement,,,1
parameter_1125,iDirection,,,2
parameter_1126,iDistance,,,3
parameter_1129,HybridShapeTranslate,,,6
parameter_1130,iBodyToTrim,,,1
parameter_1132,iShapeToCopy,,,1
parameter_1133,iNbOfCopies,,,2
parameter_1134,iShapeToCopy,,,1
parameter_1135,iNbOfCopies,,,2
parameter_1136,iBody1,,,1
parameter_1137,iBody2,,,2
parameter_1138,iType,,,3
parameter_1139,iCloseElement,,,1
parameter_1140,iObject,,,1
parameter_1142,iBody1,,,1
parameter_1143,iBody2,,,2
parameter_1144,iType,,,3
parameter_1145,iBody1,,,1
parameter_1146,iBody2,,,2
parameter_1147,iType,,,3
parameter_1148,iType,,,1
parameter_1149,iSupportVolume,,,2
parameter_1150,iSewingElement,,,3
parameter_1151,iSewingSide,,,4
parameter_1152,iFacesToRemove,,,1
parameter_1153,iFacesToThicken,,,2
parameter_1154,iInternalThickness,,,3
parameter_1155,iExternaThickness,,,4
parameter_1156,iVolumeSupport,,,5
parameter_1157,iOffsetElement,,,1
parameter_1158,iIsensOffset,,,2
parameter_1159,iTopOffset,,,3
parameter_1160,iBotOffset,,,4
parameter_1161,iFaceToThicken,,,1
parameter_1162,iOffset,,,2
parameter_1163,iType,,,3
parameter_1164,iVolumeSupport,,,4
parameter_1165,iSupportVolume,,,1
parameter_1166,iCutttingVolume,,,2
parameter_1167,iFaceToDraft,,,1
parameter_1168,iNeutral,,,2
parameter_1169,iNeutralMode,,,3
parameter_1170,iParting,,,4
parameter_1171,iMode,,,5
parameter_1172,iAngle,,,6
parameter_1173,iType,,,7
parameter_1174,iVolumeSupport,,,8
parameter_1177,profile,,,1
parameter_1178,iObject,,,1
parameter_1179,iObjectToFillet,,,1
parameter_1180,iObject,,,1
parameter_1181,iObject,,,1
parameter_1182,iObject,,,1
parameter_1183,iObject,,,1
parameter_1184,iObject,,,1
parameter_1185,iItem,,,1
parameter_1186,iPartSurface,,,1
parameter_1187,iProduct,,,2
parameter_1188,iNotify,,,3
parameter_1189,iRelAxis,,,1
parameter_1190,iListofMathPoints,,,2
parameter_1191,iMathDirection,,,3
parameter_1192,iSupport,,,1
parameter_1193,iThickness,,,2
parameter_1194,iOrientation,,,3
parameter_1195,iContour,,,4
parameter_1196,iOffset,,,5
parameter_1197,iType,,,6
parameter_1198,iNum,,,1
parameter_1199,iX,,,2
parameter_1200,iY,,,3
parameter_1201,iNum,,,1
parameter_1202,iX,,,2
parameter_1203,iY,,,3
parameter_1204,iPoint,,,1
parameter_1205,iPassingPoint,,,1
parameter_1206,ipIAPoint,,,1
parameter_1207,ipIADirTangency,,,2
parameter_1208,iTangencyNorm,,,3
parameter_1209,iInverseTangency,,,4
parameter_1210,ipIADirCurvature,,,5
parameter_1211,iCurvatureRadius,,,6
parameter_1212,ipIAPoint,,,1
parameter_1213,ipIACurveCst,,,2
parameter_1214,iTangencyNorm,,,3
parameter_1215,iInvertValue,,,4
parameter_1216,iCrvCstType,,,5
parameter_1217,iGeometry,,,1
parameter_1218,iProduct,,,2
parameter_1219,iShapes,,,3
parameter_1220,iGeometry,,,1
parameter_1221,iProduct,,,2
parameter_1222,iShapes,,,3
parameter_1223,iNotify,,,4
parameter_1224,iGeometry,,,1
parameter_1225,iProduct,,,2
parameter_1226,iShapes,,,3
parameter_1227,iGeometry,,,1
parameter_1228,iProduct,,,2
parameter_1229,iShapes,,,3
parameter_1230,iNotify,,,4
parameter_1231,iGRR,,,1
parameter_1232,iLDbPtPathToAdd,,,2
parameter_1233,iAfterWhichPtNum,,,3
parameter_1234,iLDbPtPathToAdd,,,1
parameter_1235,iAfterWhichPtNum,,,2
parameter_1236,iPosition,,,1
parameter_1237,iProduct,,,2
parameter_1238,iNotify,,,3
parameter_1239,iPressure,,,1
parameter_1240,iOverclosure,,,2
parameter_1241,iX,,,1
parameter_1242,iY,,,2
parameter_1243,iPrinterDir,,,1
parameter_1244,iPrinterDirState,,,2
parameter_1245,iPrinterGroupName,,,1
parameter_1246,iPrinterNames,,,2
parameter_1247,iProduct,,,1
parameter_1249,iName,,,1
parameter_1250,iReferenceProducts,,,2
parameter_1251,iName,,,1
parameter_1252,iReferenceProducts,,,2
parameter_1253,iRelAxis,,,1
parameter_1254,iPosition,,,2
parameter_1255,iWidth,,,3
parameter_1256,iLength,,,4
parameter_1257,iRectangle,,,1
parameter_1258,iMember,,,1
parameter_1259,iSide,,,2
parameter_1260,iThickness,,,3
parameter_1261,iHeight,,,4
parameter_1262,iWidth,,,5
parameter_1263,iOrientation,,,6
parameter_1264,iType,,,7
parameter_1265,iSupport,,,1
parameter_1266,iProdInst,,,1
parameter_1267,iSupport,,,2
parameter_1268,iReferenceView,,,1
parameter_1269,iSide,,,2
parameter_1270,iX,,,3
parameter_1271,iY,,,4
parameter_1272,iRootFacts,,,1
parameter_1273,iRow,,,1
parameter_1274,iRelAxis,,,1
parameter_1275,iListofMathPoints,,,2
parameter_1276,iMathDirection,,,3
parameter_1277,iChannel,,,1
parameter_1278,iCurrentTime,,,2
parameter_1279,iPosition,,,3
parameter_1280,iSection,,,1
parameter_1281,iPart,,,1
parameter_1282,iCatalogName,,,1
parameter_1283,iFamilyName,,,2
parameter_1284,iSectionName,,,3
parameter_1285,iPart,,,4
parameter_1286,iCrv,,,1
parameter_1287,iOri,,,2
parameter_1289,iPoint,,,4
parameter_1290,iShapePathName,,,1
parameter_1291,iShapeName,,,2
parameter_1292,iRepBehavior,,,3
parameter_1293,iContext,,,4
parameter_1294,iSolutionType,,,1
parameter_1295,iSubElement,,,1
parameter_1296,iManager,,,1
parameter_1297,iProductSupport,,,2
parameter_1298,iSupports,,,3
parameter_1299,iBoundary,,,1
parameter_1300,iSupport,,,2
parameter_1301,iProduct,,,1
parameter_1302,iBody,,,2
parameter_1303,iProduct,,,1
parameter_1304,iEntity,,,2
parameter_1305,iProduct,,,1
parameter_1306,iBody,,,2
parameter_1307,iConstraintProduct,,,1
parameter_1308,iConstraint,,,2
parameter_1309,iProduct,,,1
parameter_1310,iConstraint,,,2
parameter_1311,iConstraintProduct,,,1
parameter_1312,iConstraint,,,2
parameter_1313,iProduct,,,1
parameter_1314,iSupport,,,2
parameter_1315,iPartProduct,,,1
parameter_1316,iPart,,,2
parameter_1317,iProduct,,,1
parameter_1318,iSupport,,,2
parameter_1319,iProduct,,,1
parameter_1320,iSupport,,,2
parameter_1321,iProduct,,,1
parameter_1322,iSupport,,,2
parameter_1323,iProduct,,,1
parameter_1324,iSupport,,,2
parameter_1325,iProduct,,,1
parameter_1326,iSupport,,,2
parameter_1327,iProduct,,,1
parameter_1328,iSupport,,,2
parameter_1329,iProduct,,,1
parameter_1330,iSupport,,,2
parameter_1331,iProduct,,,1
parameter_1332,iSupport,,,2
parameter_1333,iProduct,,,1
parameter_1334,iSupport,,,2
parameter_1335,iProduct,,,1
parameter_1336,iPublication,,,2
parameter_1337,iProduct,,,1
parameter_1338,iPublication,,,2
parameter_1339,iProduct,,,1
parameter_1340,iPublication,,,2
parameter_1341,iProduct,,,1
parameter_1342,iPublication,,,2
parameter_1343,iProduct,,,1
parameter_1344,iPublication,,,2
parameter_1345,iProduct,,,1
parameter_1346,iPublication,,,2
parameter_1347,iProduct,,,1
parameter_1348,iPublication,,,2
parameter_1349,iProduct,,,1
parameter_1350,iPublication,,,2
parameter_1351,iProduct,,,1
parameter_1352,iPublication,,,2
parameter_1353,iProduct,,,1
parameter_1354,iPublication,,,2
parameter_1355,iProduct,,,1
parameter_1356,iPublication,,,2
parameter_1357,iProduct,,,1
parameter_1358,iPublication,,,2
parameter_1359,iProduct,,,1
parameter_1360,iPublication,,,2
parameter_1361,iName,,,1
parameter_1362,iProduct,,,2
parameter_1363,iPublication,,,3
parameter_1364,iReference,,,1
parameter_1365,iSupport,,,2
parameter_1366,iReference,,,1
parameter_1367,iSupport,,,2
parameter_1368,iReference,,,1
parameter_1369,iSupport,,,2
parameter_1370,Reference,,,3
parameter_1371,iReference,,,1
parameter_1372,iSupport,,,2
parameter_1373,iProduct,,,1
parameter_1374,iSupport,,,2
parameter_1375,iReference,,,1
parameter_1376,iSupport,,,2
parameter_1377,iReference,,,1
parameter_1378,iSupport,,,2
parameter_1379,Reference,,,3
parameter_1380,iReference,,,1
parameter_1381,iSupport,,,2
parameter_1382,iReference,,,1
parameter_1383,iSupport,,,2
parameter_1384,iProduct,,,1
parameter_1385,iSupport,,,2
parameter_1386,iReference,,,1
parameter_1387,iSupport,,,2
parameter_1388,iReference,,,1
parameter_1389,iSupport,,,2
parameter_1390,iName,,,1
parameter_1391,iProduct,,,2
parameter_1392,iSupport,,,3
parameter_1393,iFilmCoeff,,,1
parameter_1394,iTemperature,,,2
parameter_1395,iTime,,,1
parameter_1396,iAmplitude,,,2
parameter_1397,iTime,,,1
parameter_1398,iAmplitude,,,2
parameter_1399,profile,,,1
parameter_1400,iCstType,,,1
parameter_1401,iFirstElem,,,2
parameter_1402,iSecondElem,,,3
parameter_1403,iThirdElem,,,4
parameter_1404,iUrl,,,1
parameter_1405,iUrl,,,1
parameter_1406,iUrl,,,1
parameter_1407,iName,,,1
parameter_1408,iIconName,,,2
parameter_1409,iUserSurf,,,1
parameter_1410,iAnnotatedView,,,1
parameter_1411,iViewOptions,,,2
parameter_1412,iCntrToAdd,,,1
parameter_1413,connection,,,2
parameter_1414,iClassType,,,1
parameter_1416,iImage,,,1
parameter_1417,iAppCntblToAdd,,,1
parameter_1419,iTheOtherRoute,,,1
parameter_1421,iCntrToConnect,,,1
parameter_1423,iCntrToConnect,,,1
parameter_1425,iAppCompClassType,,,1
parameter_1427,iAppCompClassType,,,1
parameter_1428,iDoc,,,2
parameter_1431,iAppCntnClassType,,,1
parameter_1433,iAppCntnClassType,,,1
parameter_1434,iDoc,,,2
parameter_1436,iAppGroupClassType,,,1
parameter_1438,iAppGroupClassType,,,1
parameter_1439,iDoc,,,2
parameter_1441,iDocumentToPutCopyIn,,,1
parameter_1443,iDocToCopyTo,,,1
parameter_1445,iAppRouteClassType,,,1
parameter_1447,iLogLineID,,,3
parameter_1448,iAppRouteClassType,,,1
parameter_1449,iDoc,,,2
parameter_1450,iLogLineID,,,3
parameter_1452,iAppRouteRef,,,1
parameter_1454,iLogLineID,,,3
parameter_1455,iAppRouteRef,,,1
parameter_1456,iDoc,,,2
parameter_1457,iLogLineID,,,3
parameter_1459,iAppRouteClassType,,,1
parameter_1460,iAppInfo,,,2
parameter_1462,iAppZoneClassType,,,1
parameter_1464,iAppZoneClassType,,,1
parameter_1465,iDoc,,,2
parameter_1467,iCntrToDisconnect,,,1
parameter_1468,iLAppData,,,1
parameter_1469,iLAppNlsData,,,2
parameter_1479,V5R18,,,1
parameter_1480,Use,,,2
parameter_1497,iDoc,,,1
parameter_1499,iSchConnector,,,1
parameter_1501,iImageDoc,,,1
parameter_1505,iLCompSourceCntrs,,,1
parameter_1508,iLCompSourceCntrs,,,1
parameter_1511,iRouteCntrClassType,,,1
parameter_1515,iSchConnector,,,1
parameter_1516,iPublicationName,,,1
parameter_1532,iLFilter,,,1
parameter_1535,iLAppData,,,1
parameter_1536,iLAppNlsData,,,2
parameter_1540,iBranchClassType,,,1
parameter_1549,route,,,2
parameter_1552,iSchObjectToBeReplacedByThis,,,1
parameter_1559,iDocumentName,,,1
parameter_1560,iDocumentUuid,,,2
parameter_1562,iOldAppRoute,,,1
parameter_1563,iNewAppRoute,,,2
parameter_1564,iSchRoute2,,,1
parameter_1565,iNewCompInst,,,1
parameter_1566,iCntbleConnectedTo,,,2
parameter_1567,iNewObject,,,1
parameter_1568,iCntbleConnectedTo,,,1
parameter_1569,iOldAppRoute1,,,1
parameter_1570,iOldAppRoute2,,,2
parameter_1571,iNewAppRoute,,,3
parameter_1572,iCntrToRemove,,,1
parameter_1573,iCntrToRemove,,,1
parameter_1574,iAppCntblToRemove,,,1
parameter_1575,iLAppData,,,1
parameter_1576,iEFlowCapability,,,1
parameter_1577,iEFlowReality,,,1
parameter_1578,iReferenceName,,,1
parameter_1580,iUnpublish,,,1
parameter_1581,iMasterImage,,,1
parameter_1583,iShot,,,1
parameter_1584,iBSTR,,,1
parameter_1585,iBSTR,,,1
parameter_1586,iLong,,,1
parameter_1587,iLong,,,1
parameter_1588,iObject,,,1
parameter_1589,iDouble,,,1
parameter_1590,iObject,,,1
parameter_1591,iDouble,,,1
parameter_1592,iPosition,,,1
parameter_1593,iConstraint,,,1
parameter_1594,iPosition,,,1
parameter_1595,iElement,,,1
parameter_1596,Reference,,,2
parameter_1597,iHybriShape,,,1
parameter_1598,iHybridShape,,,1
parameter_1599,iFace,,,1
parameter_1600,iPoint,,,1
parameter_1601,iParam,,,2
parameter_1602,TransformationArray,,,1
parameter_1603,newMode,,,1
parameter_1604,iStyle,,,1
parameter_1605,iGeometricFeature,,,1
parameter_1606,iFTA,,,2
parameter_1607,iOperation,,,3
parameter_1608,iType,,,4
parameter_1609,iFTA,,,1
parameter_1610,iOperation,,,2
parameter_1611,iType,,,3
parameter_1612,iLink,,,1
parameter_1613,iAttachedProd,,,2
parameter_1614,Nothing,,,3
parameter_1615,iParent,,,1
parameter_1616,iChild,,,2
parameter_1618,iIndex,,,1
parameter_1620,iIndex,,,1
parameter_1621,iNameOfReference,,,1
parameter_1622,iDocumentFileName,,,2
parameter_1623,iObject,,,1
parameter_1624,iAnalysisMode,,,2
parameter_1625,CatSampledAnalysisOff,,,3
parameter_1626,CatSampledAnalysisStop,,,4
parameter_1627,CatSampledAnalysisVerbose,,,5
parameter_1628,iMonitorMode,,,6
parameter_1629,iGRRMain,,,1
parameter_1630,iSchBranchRoute,,,2
parameter_1631,iSchBranchRouteCntr,,,3
parameter_1634,iGRR,,,1
parameter_1635,iDb2Pt1,,,2
parameter_1636,iDb2Pt2,,,3
parameter_1638,iDb2Pt1,,,1
parameter_1639,iDb2Pt2,,,2
parameter_1641,iobjectId,,,1
parameter_1642,iclassId,,,2
parameter_1643,iobjectId,,,1
parameter_1644,iclassId,,,2
parameter_1645,iFolder,,,1
parameter_1646,iTitle,,,2
parameter_1647,iAddCreatedImages,,,3
parameter_1648,iDirectory,,,1
parameter_1649,iPrefix,,,2
parameter_1650,iData,,,3
parameter_1651,iDirectory,,,1
parameter_1652,iFormat,,,1
parameter_1653,iFile,,,2
parameter_1654,iRow,,,1
parameter_1655,iColumn,,,2
parameter_1656,iElem,,,1
parameter_1657,Name,,,2
parameter_1658,iReferencePart,,,1
parameter_1659,iPartType,,,2
parameter_1660,iPartNumber,,,3
parameter_1661,iReference,,,1
parameter_1662,iUnsetGaps,,,1
parameter_1663,GroupOfSelectedProducts,,,1
parameter_1664,GroupOfSelectedProducts,,,1
parameter_1665,iReferenceProduct,,,2
parameter_1666,GroupOfSelectedProducts,,,1
parameter_1667,iViewPoints,,,2
parameter_1668,iAccuracy,,,3
parameter_1669,iAccuracyForSimplification,,,4
parameter_1670,iGroupOfSelectedProducts,,,1
parameter_1671,iReferenceProduct,,,2
parameter_1672,iViewPoints,,,3
parameter_1673,iAccuracy,,,4
parameter_1674,iAccuracyForSimplification,,,5
parameter_1675,GroupOfSelectedProducts,,,1
parameter_1676,iThickness1,,,2
parameter_1677,iThickness2,,,3
parameter_1678,iUseConstraints,,,4
parameter_1679,iConstraints,,,5
parameter_1680,iGroupOfSelectedProducts,,,1
parameter_1681,iReferenceProduct,,,2
parameter_1682,iThickness1,,,3
parameter_1683,iThickness2,,,4
parameter_1684,iUseConstraints,,,5
parameter_1685,iConstraints,,,6
parameter_1686,GroupOfSelectedProducts,,,1
parameter_1687,iAccuracy,,,2
parameter_1688,iRation,,,3
parameter_1689,iAccuracyForSimplification,,,4
parameter_1690,GroupOfSelectedProducts,,,1
parameter_1691,iReferenceProduct,,,2
parameter_1692,iAccuracy,,,3
parameter_1693,iRation,,,4
parameter_1694,iAccuracyForSimplification,,,5
parameter_1695,GroupOfSelectedProducts,,,1
parameter_1696,iOffset,,,2
parameter_1697,iUseConstraints,,,3
parameter_1698,iConstraints,,,4
parameter_1699,GroupOfSelectedProducts,,,1
parameter_1700,iOffsetVectors,,,2
parameter_1701,iOffsetValues,,,3
parameter_1702,iGroupOfSelectedProducts,,,1
parameter_1703,iReferenceProduct,,,2
parameter_1704,iOffsetVectors,,,3
parameter_1705,iOffsetValues,,,4
parameter_1706,iGroupOfSelectedProducts,,,1
parameter_1707,iReferenceProduct,,,2
parameter_1708,iOffset,,,3
parameter_1709,iUseConstraints,,,4
parameter_1710,iConstraints,,,5
parameter_1711,GroupOfSelectedProducts,,,1
parameter_1712,iAccuracyForSimplification,,,2
parameter_1713,iKeepEdges,,,3
parameter_1714,iDecoration,,,4
parameter_1715,GroupOfSelectedProducts,,,1
parameter_1716,iAccuracy,,,2
parameter_1717,iGroupOfSelectedProducts,,,1
parameter_1718,iReferenceProduct,,,2
parameter_1719,iAccuracy,,,3
parameter_1720,iReplay,,,1
parameter_1721,iSweptAble,,,2
parameter_1722,iProductsToSwept,,,3
parameter_1723,iProductReference,,,4
parameter_1724,iLODMode,,,5
parameter_1725,iAccuracy,,,6
parameter_1726,iPerformWrapping,,,7
parameter_1727,iPerformSimplif,,,8
parameter_1728,iWrappingGrain,,,9
parameter_1729,iWrappingRatio,,,10
parameter_1730,iSimplifAccuracy,,,11
parameter_1731,iReplay,,,1
parameter_1732,iProductsToSwept,,,2
parameter_1733,iProductReference,,,3
parameter_1734,iLODMode,,,4
parameter_1735,iAccuracy,,,5
parameter_1736,iPerformWrapping,,,6
parameter_1737,iPerformSimplif,,,7
parameter_1738,iWrappingGrain,,,8
parameter_1739,iWrappingRatio,,,9
parameter_1740,iSimplifAccuracy,,,10
parameter_1741,iSweptAble,,,1
parameter_1742,iProductsToSwept,,,2
parameter_1743,iProductReference,,,3
parameter_1744,iLODMode,,,4
parameter_1745,iAccuracy,,,5
parameter_1746,iPerformWrapping,,,6
parameter_1747,iPerformSimplif,,,7
parameter_1748,iWrappingGrain,,,8
parameter_1749,iWrappingRatio,,,9
parameter_1750,iSimplifAccuracy,,,10
parameter_1751,GroupOfSelectedProducts,,,1
parameter_1752,iThickness1,,,2
parameter_1753,iThickness2,,,3
parameter_1754,iUseConstraints,,,4
parameter_1755,iConstraints,,,5
parameter_1756,iGroupOfSelectedProducts,,,1
parameter_1757,iReferenceProduct,,,2
parameter_1758,iThickness1,,,3
parameter_1759,iThickness2,,,4
parameter_1760,iUseConstraints,,,5
parameter_1761,iConstraints,,,6
parameter_1762,GroupOfSelectedProducts,,,1
parameter_1763,PositionsFilePath,,,2
parameter_1764,iAccuracy,,,3
parameter_1765,iSimplifAccuracy,,,4
parameter_1766,GroupOfSelectedProducts,,,1
parameter_1767,iSweptAble,,,2
parameter_1768,iAccuracy,,,3
parameter_1769,iSimplifAccuracy,,,4
parameter_1770,GroupOfSelectedProducts,,,1
parameter_1771,iReferenceProduct,,,2
parameter_1772,iSweptAble,,,3
parameter_1773,iAccuracy,,,4
parameter_1774,iSimplifAccuracy,,,5
parameter_1775,iGroupOfSelectedProducts,,,1
parameter_1776,iReferenceProduct,,,2
parameter_1777,PositionsFilePath,,,3
parameter_1778,iAccuracy,,,4
parameter_1779,iSimplifAccuracy,,,5
parameter_1780,iSchRoute1Cntr,,,1
parameter_1781,iSchRoute2,,,2
parameter_1782,iSchRoute2Cntr,,,3
parameter_1783,iWhichEnd1,,,1
parameter_1784,iGRRRoute2,,,2
parameter_1785,iWhichEnd2,,,3
parameter_1786,iWhichEnd1,,,1
parameter_1787,iGRRRoute2,,,2
parameter_1788,iWhichEnd2,,,3
parameter_1789,iSchRoute1Cntr,,,1
parameter_1790,iSchRoute2,,,2
parameter_1791,iSchRoute2Cntr,,,3
parameter_1792,iPathChunk1,,,1
parameter_1793,iPathChunk2,,,2
parameter_1795,iUserLogin,,,1
parameter_1796,iUserPassword,,,2
parameter_1797,iCntrToConnect,,,1
parameter_1798,iUsername,,,1
parameter_1799,iPassword,,,2
parameter_1800,iArrProduct,,,1
parameter_1801,Product,,,2
parameter_1802,iValueInThisUnit,,,1
parameter_1804,iValueInStorageUnit,,,1
parameter_1806,iNRLFileName,,,1
parameter_1807,iParserName,,,2
parameter_1809,iProduct,,,1
parameter_1810,Product,,,2
parameter_1811,iValueInThisUnit,,,1
parameter_1813,iValueInThisUnit,,,1
parameter_1815,iXMLFileName,,,1
parameter_1816,iXSLTFileName,,,2
parameter_1818,iType,,,1
parameter_1819,iSourcePath,,,1
parameter_1820,iDestinationPath,,,2
parameter_1821,iOverwrite,,,3
parameter_1822,iSourcePath,,,1
parameter_1823,iDestinationPath,,,2
parameter_1824,iTagGroup,,,1
parameter_1825,ioTagGroup,,,2
parameter_1826,iAssignmentType,,,1
parameter_1827,i3DZone,,,1
parameter_1829,CATBSTR,,,1
parameter_1831,iAfterOperation,,,1
parameter_1833,S_OK,,,3
parameter_1834,E_FAIL,,,4
parameter_1835,iPrevAct,,,1
parameter_1836,iPrevAct,,,1
parameter_1837,iRoot,,,1
parameter_1839,iName,,,1
parameter_1840,iValue,,,2
parameter_1841,iRobotTask,,,1
parameter_1842,iAfterOperation,,,2
parameter_1843,iWhere,,,3
parameter_1845,S_OK,,,5
parameter_1846,E_FAIL,,,6
parameter_1848,iLibraryPath,,,1
parameter_1849,iProjectPath,,,2
parameter_1850,iCatalogPath,,,3
parameter_1851,iTablePath,,,4
parameter_1852,iConvFormat,,,5
parameter_1853,iBatchMode,,,6
parameter_1854,iBatchMode,,,7
parameter_1855,iInitData,,,1
parameter_1856,iNewCatalog,,,2
parameter_1857,iChapterName,,,1
parameter_1858,iDocumentContainingDT,,,2
parameter_1859,iName,,,1
parameter_1860,iComment,,,2
parameter_1861,iCheckBody,,,3
parameter_1862,iName,,,1
parameter_1863,iCheckVariables,,,2
parameter_1864,iCheckBody,,,3
parameter_1865,iRuleSet,,,4
parameter_1866,iTypeOfChild,,,1
parameter_1868,iCenterX,,,1
parameter_1869,iCenterY,,,2
parameter_1870,iRadius,,,3
parameter_1871,iStartParam,,,4
parameter_1872,iEndParam,,,5
parameter_1873,iCenterX,,,1
parameter_1874,iCenterY,,,2
parameter_1875,iRadius,,,3
parameter_1876,iCenterX,,,1
parameter_1877,iCenterY,,,2
parameter_1878,iMajorX,,,3
parameter_1879,iMajorY,,,4
parameter_1880,iMajorRadius,,,5
parameter_1881,iMinorRadius,,,6
parameter_1882,iPrevAct,,,1
parameter_1883,iArrArea,,,2
parameter_1884,iNumPoints,,,3
parameter_1885,iSearchInt,,,4
parameter_1886,iClearance,,,5
parameter_1887,iPoints,,,6
parameter_1888,iPrevAct,,,1
parameter_1889,iArrArea,,,2
parameter_1890,iNumPoints,,,3
parameter_1891,iSearchInt,,,4
parameter_1892,iClearance,,,5
parameter_1893,iPoints,,,6
parameter_1894,iPrevAct,,,1
parameter_1895,iPlaneProd,,,2
parameter_1896,iPlaneDef,,,3
parameter_1897,iNumPoints,,,4
parameter_1898,iSearchInt,,,5
parameter_1899,iClearance,,,6
parameter_1900,iPoints,,,7
parameter_1901,iPrevAct,,,1
parameter_1902,iPlaneProd,,,2
parameter_1903,iPlaneDef,,,3
parameter_1904,iNumPoints,,,4
parameter_1905,iSearchInt,,,5
parameter_1906,iClearance,,,6
parameter_1907,iPoints,,,7
parameter_1908,iPrevAct,,,1
parameter_1909,iArrArea,,,2
parameter_1910,iNumPoints,,,3
parameter_1911,iSearchInt,,,4
parameter_1912,iClearance,,,5
parameter_1913,iPoints,,,6
parameter_1914,iPrevAct,,,1
parameter_1915,iArrArea,,,2
parameter_1916,iNumPoints,,,3
parameter_1917,iSearchInt,,,4
parameter_1918,iClearance,,,5
parameter_1919,iPoints,,,6
parameter_1920,iPrevAct,,,1
parameter_1921,iPlaneProd,,,2
parameter_1922,iPlaneDef,,,3
parameter_1923,iNumPoints,,,4
parameter_1924,iSearchInt,,,5
parameter_1925,iClearance,,,6
parameter_1926,iPoints,,,7
parameter_1927,iPrevAct,,,1
parameter_1928,iPlaneProd,,,2
parameter_1929,iPlaneDef,,,3
parameter_1930,iNumPoints,,,4
parameter_1931,iSearchInt,,,5
parameter_1932,iClearance,,,6
parameter_1933,iPoints,,,7
parameter_1934,iRoot,,,1
parameter_1935,iElecPackageNumber,,,2
parameter_1936,iElecPartNumber,,,3
parameter_1937,iElecType,,,4
parameter_1939,iGRR,,,1
parameter_1940,iDb6Axis,,,2
parameter_1942,iName,,,1
parameter_1943,iComment,,,2
parameter_1944,iFormulaBody,,,3
parameter_1945,iX,,,1
parameter_1946,iY,,,2
parameter_1947,iMember,,,1
parameter_1948,iCutback,,,2
parameter_1949,iOffset,,,3
parameter_1950,iSurf,,,1
parameter_1952,iSurf,,,1
parameter_1953,iDatum,,,2
parameter_1955,iName,,,1
parameter_1956,iComment,,,2
parameter_1957,iCopyMode,,,3
parameter_1958,iName,,,1
parameter_1959,iMagnitude,,,2
parameter_1960,The,,,3
parameter_1961,iValue,,,4
parameter_1962,iDocType,,,1
parameter_1963,iBInteractive,,,2
parameter_1965,iCenterX,,,1
parameter_1966,iCenterY,,,2
parameter_1967,iMajorX,,,3
parameter_1968,iMajorY,,,4
parameter_1969,iMajorRadius,,,5
parameter_1970,iMinorRadius,,,6
parameter_1971,iStartParam,,,7
parameter_1972,iEndParam,,,8
parameter_1973,iSurf,,,1
parameter_1974,iX,,,2
parameter_1975,iY,,,3
parameter_1976,iZ,,,4
parameter_1977,iWithLeader,,,5
parameter_1979,iSurf,,,1
parameter_1980,iX,,,2
parameter_1981,iY,,,3
parameter_1982,iZ,,,4
parameter_1983,iWithLeader,,,5
parameter_1985,iPath,,,1
parameter_1986,iOverwrite,,,2
parameter_1987,iFilterName,,,1
parameter_1988,iFilterDefinition,,,2
parameter_1989,iSurf,,,1
parameter_1991,iPath,,,1
parameter_1992,iName,,,1
parameter_1993,iComment,,,2
parameter_1994,iOutputParameter,,,3
parameter_1995,iFormulaBody,,,4
parameter_1997,iLPrimitives,,,1
parameter_1999,iLDbPtPath,,,1
parameter_2001,iDbXYSeedPt,,,1
parameter_2003,iLPrimitives,,,1
parameter_2006,iActionType,,,1
parameter_2007,iBefore,,,2
parameter_2008,iReferenceActivitiy,,,3
parameter_2010,S_OK,,,5
parameter_2011,E_FAIL,,,6
parameter_2012,E_NOINTERFACE,,,7
parameter_2013,E_OUTOFMEMORY,,,8
parameter_2017,iCurrentProduct,,,1
parameter_2018,iGroupType,,,2
parameter_2019,iGroupID,,,3
parameter_2020,iName,,,1
parameter_2021,iComment,,,2
parameter_2022,iCopyMode,,,3
parameter_2023,iPrevAct,,,1
parameter_2024,iPrevAct,,,1
parameter_2025,iCalledTask,,,2
parameter_2026,iCenterX,,,1
parameter_2027,iCenterY,,,2
parameter_2028,iAxisX,,,3
parameter_2029,iAxisY,,,4
parameter_2030,iMajorRadius,,,5
parameter_2031,iMinorRadius,,,6
parameter_2032,iName,,,1
parameter_2033,iValue,,,2
parameter_2034,iGeometry,,,1
parameter_2035,iGeometry,,,1
parameter_2036,iName,,,1
parameter_2037,iComment,,,2
parameter_2038,iLawBody,,,3
parameter_2039,iX1,,,1
parameter_2040,iY1,,,2
parameter_2041,iX2,,,3
parameter_2042,iY2,,,4
parameter_2043,iX1,,,1
parameter_2044,iY1,,,2
parameter_2045,iUX,,,3
parameter_2046,iUY,,,4
parameter_2047,iSecondActivity,,,1
parameter_2048,iName,,,1
parameter_2050,iDocumentToPutCopyIn,,,1
parameter_2053,iPrevAct,,,1
parameter_2054,iPrevAct,,,1
parameter_2055,iLCntbl,,,1
parameter_2056,iLCntbl,,,2
parameter_2058,iSurf,,,1
parameter_2059,iDimensionType,,,2
parameter_2060,iLinearDimSubType,,,3
parameter_2062,iReferenceOperation,,,1
parameter_2063,iAfterOperation,,,2
parameter_2065,S_OK,,,4
parameter_2066,E_FAIL,,,5
parameter_2067,iRoot,,,1
parameter_2069,iCenterX,,,1
parameter_2070,iCenterY,,,2
parameter_2071,iAxisX,,,3
parameter_2072,iAxisY,,,4
parameter_2073,iFocalDistance,,,5
parameter_2074,iPrevAct,,,1
parameter_2075,iPickType,,,2
parameter_2076,bCreateCstWithPickingHand,,,3
parameter_2077,iPickingHand,,,4
parameter_2078,iPickedProducts,,,5
parameter_2079,iPrevAct,,,1
parameter_2080,iPickType,,,2
parameter_2081,bCreateCstWithPickingHand,,,3
parameter_2082,iPickingHand,,,4
parameter_2083,iPickedProducts,,,5
parameter_2084,iPrevAct,,,1
parameter_2085,iPlacedProducts,,,2
parameter_2086,iPlaceOffset,,,3
parameter_2087,iPrevAct,,,1
parameter_2088,iPickedProducts,,,2
parameter_2089,iPlaceOffset,,,3
parameter_2090,iX,,,1
parameter_2091,iY,,,2
parameter_2092,iProfileType,,,1
parameter_2093,iInstanceName,,,2
parameter_2095,Next,,,4
parameter_2096,iName,,,1
parameter_2097,iComment,,,2
parameter_2098,iProgramBody,,,3
parameter_2099,iGeometry,,,1
parameter_2100,iGeometry,,,1
parameter_2101,iName,,,1
parameter_2102,iValue,,,2
parameter_2103,iLabel,,,1
parameter_2104,iObjectContext,,,2
parameter_2105,iProduct,,,1
parameter_2106,iGeometry,,,2
parameter_2107,iLabel,,,1
parameter_2108,iLabel,,,1
parameter_2109,iLabel,,,1
parameter_2110,iObject,,,1
parameter_2111,iObject,,,1
parameter_2112,iRefAct,,,1
parameter_2113,iBefore,,,2
parameter_2115,S_OK,,,4
parameter_2116,E_FAIL,,,5
parameter_2117,iName,,,1
parameter_2119,S_OK,,,3
parameter_2120,E_FAIL,,,4
parameter_2121,iSurf,,,1
parameter_2123,iAppRoute,,,1
parameter_2124,iCntrCompFrom,,,2
parameter_2125,iCntrCompTo,,,3
parameter_2126,iGRRCompFrom,,,4
parameter_2127,iGRRCompTo,,,5
parameter_2128,iLDb2PtPath,,,6
parameter_2129,iERouteMode,,,7
parameter_2131,iSegNum,,,1
parameter_2132,iSegParm,,,2
parameter_2133,iGRRSymbol,,,3
parameter_2135,iName,,,1
parameter_2136,iRuleVariables,,,2
parameter_2137,iRuleBody,,,3
parameter_2138,iRuleSet,,,4
parameter_2139,RuleSet,,,5
parameter_2140,iName,,,1
parameter_2141,ExpertRuleBase,,,2
parameter_2142,iName,,,1
parameter_2143,iRuleSet,,,2
parameter_2144,iAppGroup,,,1
parameter_2145,iLGRR,,,2
parameter_2146,iLMembers,,,3
parameter_2148,iAppComponentRef,,,1
parameter_2149,iLGRR,,,2
parameter_2151,iAppRoute,,,1
parameter_2152,iLDbPt,,,2
parameter_2154,iAppRoute,,,1
parameter_2155,iLGRR,,,2
parameter_2157,iAppZone,,,1
parameter_2158,iLGRR,,,2
parameter_2160,iSelSetName,,,1
parameter_2162,iName,,,1
parameter_2163,iComment,,,2
parameter_2164,iFormulaBody,,,3
parameter_2165,iParent,,,1
parameter_2166,iXMLInput,,,1
parameter_2167,iPrevAct,,,1
parameter_2168,iArrArea,,,2
parameter_2169,iStartPt,,,3
parameter_2170,iEndPt,,,4
parameter_2171,iPrevAct,,,1
parameter_2172,iArrArea,,,2
parameter_2173,iStartPt,,,3
parameter_2174,iEndPt,,,4
parameter_2175,iPrevAct,,,1
parameter_2176,iPlaneProd,,,2
parameter_2177,iPlaneDef,,,3
parameter_2178,iStartPt,,,4
parameter_2179,iEndPt,,,5
parameter_2180,iPrevAct,,,1
parameter_2181,iPlaneProd,,,2
parameter_2182,iPlaneDef,,,3
parameter_2183,iStartPt,,,4
parameter_2184,iEndPt,,,5
parameter_2185,iType,,,1
parameter_2186,iPoles,,,1
parameter_2187,iStandardType,,,1
parameter_2188,iStandardType,,,1
parameter_2189,iName,,,1
parameter_2190,iValue,,,2
parameter_2191,iLocation,,,1
parameter_2194,iTagName,,,1
parameter_2196,S_OK,,,3
parameter_2197,E_FAIL,,,4
parameter_2198,E_NOINTERFACE,,,5
parameter_2199,E_OUTOFMEMORY,,,6
parameter_2200,iTagGroupName,,,1
parameter_2201,iModifyReference,,,2
parameter_2202,iProduct,,,3
parameter_2204,S_OK,,,5
parameter_2205,E_FAIL,,,6
parameter_2206,E_NOINTERFACE,,,7
parameter_2207,E_OUTOFMEMORY,,,8
parameter_2208,iTagGroupName,,,1
parameter_2210,S_OK,,,3
parameter_2211,E_FAIL,,,4
parameter_2212,E_NOINTERFACE,,,5
parameter_2213,E_OUTOFMEMORY,,,6
parameter_2214,iRefTag,,,1
parameter_2215,iLocation,,,2
parameter_2217,iAnnotation,,,1
parameter_2219,iSurf,,,1
parameter_2221,iText,,,1
parameter_2222,iAnnot,,,2
parameter_2224,iStandardName,,,1
parameter_2225,iPath,,,2
parameter_2226,iStandardName,,,1
parameter_2227,iPath,,,2
parameter_2228,iPlane,,,1
parameter_2229,iViewType,,,2
parameter_2230,iPrevAct,,,1
parameter_2231,iArrArea,,,2
parameter_2232,iNumPoints,,,3
parameter_2233,iPoints,,,4
parameter_2234,iPrevAct,,,1
parameter_2235,iArrArea,,,2
parameter_2236,iNumPoints,,,3
parameter_2237,iPoints,,,4
parameter_2238,iPrevAct,,,1
parameter_2239,iPlaneProd,,,2
parameter_2240,iPlaneDef,,,3
parameter_2241,iNumPoints,,,4
parameter_2242,iPoints,,,5
parameter_2243,iPrevAct,,,1
parameter_2244,iPlaneProd,,,2
parameter_2245,iPlaneDef,,,3
parameter_2246,iNumPoints,,,4
parameter_2247,iPoints,,,5
parameter_2248,iPrevAct,,,1
parameter_2249,iArrArea,,,2
parameter_2250,iNumPoints,,,3
parameter_2251,iPoints,,,4
parameter_2252,iPrevAct,,,1
parameter_2253,iArrArea,,,2
parameter_2254,iNumPoints,,,3
parameter_2255,iPoints,,,4
parameter_2256,iPrevAct,,,1
parameter_2257,iPlaneProd,,,2
parameter_2258,iPlaneDef,,,3
parameter_2259,iNumPoints,,,4
parameter_2260,iPoints,,,5
parameter_2261,iPrevAct,,,1
parameter_2262,iPlaneProd,,,2
parameter_2263,iPlaneDef,,,3
parameter_2264,iNumPoints,,,4
parameter_2265,iPoints,,,5
parameter_2266,iHole,,,1
parameter_2267,iplatingStyle,,,2
parameter_2268,iAssociatedPartName,,,3
parameter_2269,iHoleType,,,4
parameter_2270,iHoleOwner,,,5
parameter_2271,iPattern,,,1
parameter_2272,iplatingStyle,,,2
parameter_2273,iAssociatedPartName,,,3
parameter_2274,iHoleType,,,4
parameter_2275,iHoleOwner,,,5
parameter_2276,zonetype,,,1
parameter_2277,iGRR,,,1
parameter_2278,iDb2WhereAt,,,2
parameter_2279,iPointNumber,,,1
parameter_2280,iSideToDraw,,,1
parameter_2281,iParentViewGenerativeBehavior,,,2
parameter_2282,iBoxableObject,,,1
parameter_2283,Profil,,,1
parameter_2284,Plane1,,,2
parameter_2285,Plane2,,,3
parameter_2286,iBrokenLinesExtremities,,,1
parameter_2287,Radius,,,1
parameter_2288,iRadius,,,1
parameter_2289,iParentViewGenerativeBehavior,,,2
parameter_2290,Radius,,,1
parameter_2291,system,,,1
parameter_2292,system,,,2
parameter_2293,system,,,1
parameter_2294,system,,,2
parameter_2295,profil,,,1
parameter_2296,iProfile,,,1
parameter_2297,iParentViewGenerativeBehavior,,,2
parameter_2298,profil,,,1
parameter_2299,iParentViewGenerativeBehavior,,,1
parameter_2300,iType,,,2
parameter_2301,iProfile,,,1
parameter_2302,iSectionType,,,2
parameter_2303,iProfileType,,,3
parameter_2304,iSideToDraw,,,4
parameter_2305,iParentViewGenerativeBehavior,,,5
parameter_2306,system,,,6
parameter_2307,profil,,,1
parameter_2308,type_of_section,,,2
parameter_2309,SectionCut,,,3
parameter_2310,SectionView,,,4
parameter_2311,type_of_profile,,,5
parameter_2312,Aligned,,,6
parameter_2314,iPlane,,,8
parameter_2315,iSide,,,9
parameter_2316,iProfile,,,1
parameter_2317,iSectionType,,,2
parameter_2318,iProfileType,,,3
parameter_2319,iSideToDraw,,,4
parameter_2320,iParentViewGenerativeBehavior,,,5
parameter_2321,system,,,6
parameter_2322,system,,,1
parameter_2323,system,,,2
parameter_2324,iCompartment,,,1
parameter_2325,iPath,,,1
parameter_2326,iPath,,,1
parameter_2327,iGroup,,,1
parameter_2328,iLogicalLine,,,1
parameter_2329,iObject,,,1
parameter_2330,iObject,,,1
parameter_2331,iOperationList,,,1
parameter_2332,S_OK,,,2
parameter_2333,E_FAIL,,,3
parameter_2334,iProduct,,,1
parameter_2335,ioParameterProfile,,,1
parameter_2336,iRobotTask,,,1
parameter_2337,S_OK,,,2
parameter_2338,E_FAIL,,,3
parameter_2339,iSelSetName,,,1
parameter_2340,ioTag,,,1
parameter_2341,iTagGroup,,,1
parameter_2342,iPosU,,,1
parameter_2343,iPosV,,,2
parameter_2344,ShapeName,,,1
parameter_2346,iAttachedProd,,,1
parameter_2347,Nothing,,,2
parameter_2350,iCntrToDisconnect,,,1
parameter_2352,iRobotTask,,,1
parameter_2354,iIsPartCoordinates,,,3
parameter_2355,iIsSimulated,,,4
parameter_2356,iIsSubRoutines,,,5
parameter_2357,lListOfTasks,,,1
parameter_2358,sPathToXSLTTranslator,,,2
parameter_2359,sContext,,,3
parameter_2360,bIsPartCoordinates,,,4
parameter_2361,bIsSubroutine,,,5
parameter_2362,sLogFileName,,,6
parameter_2363,iIndex,,,1
parameter_2364,the,,,2
parameter_2365,iIndex,,,1
parameter_2366,the,,,2
parameter_2367,iIndex,,,1
parameter_2368,the,,,2
parameter_2369,iIndex,,,1
parameter_2370,the,,,2
parameter_2371,iIndex,,,1
parameter_2372,the,,,2
parameter_2373,iIndex,,,1
parameter_2374,the,,,2
parameter_2375,iIndex,,,1
parameter_2376,the,,,2
parameter_2377,iEnvString,,,1
parameter_2378,iScriptText,,,1
parameter_2379,iLanguage,,,2
parameter_2380,iFunctionName,,,3
parameter_2381,iParameters,,,4
parameter_2383,iExecutablePath,,,1
parameter_2384,iExecutablePath,,,1
parameter_2385,iLibraryName,,,1
parameter_2386,iLibraryType,,,2
parameter_2387,iProgramName,,,3
parameter_2388,iFunctionName,,,4
parameter_2389,iParameters,,,5
parameter_2391,iProduct,,,1
parameter_2392,iType,,,1
parameter_2393,iPath,,,2
parameter_2394,iName,,,1
parameter_2396,iType,,,1
parameter_2397,iPath,,,2
parameter_2398,iFullPath,,,1
parameter_2399,iType,,,2
parameter_2400,iOccurrences,,,3
parameter_2401,iManager,,,4
parameter_2402,fileName,,,1
parameter_2403,format,,,2
parameter_2404,iFolder,,,1
parameter_2405,iFileName,,,2
parameter_2406,iExtensionType,,,3
parameter_2407,iFolder,,,1
parameter_2408,iFileName,,,2
parameter_2409,iExtensionType,,,3
parameter_2410,iAxisOrientationType,,,4
parameter_2411,iExportMeshPartID,,,5
parameter_2412,iFolder,,,1
parameter_2413,iFileName,,,2
parameter_2414,iExtensionType,,,3
parameter_2415,iOrigin,,,4
parameter_2416,iXDirection,,,5
parameter_2417,iYDirection,,,6
parameter_2418,iZDirection,,,7
parameter_2419,iAxisOrientationType,,,8
parameter_2420,iExportMeshPartID,,,9
parameter_2421,iFolder,,,1
parameter_2422,iFileName,,,2
parameter_2423,iExtensionType,,,3
parameter_2424,iAxisSystem,,,4
parameter_2425,iProduct,,,5
parameter_2426,iAxisOrientationType,,,6
parameter_2427,iExportMeshPartID,,,7
parameter_2428,iFolder,,,1
parameter_2429,iFileName,,,2
parameter_2430,iExtensionType,,,3
parameter_2431,iDocumentToExportFrom,,,1
parameter_2432,iXMLOutputFileName,,,2
parameter_2433,iSheet,,,1
parameter_2434,iClass,,,1
parameter_2435,iFileType,,,1
parameter_2436,iFile,,,2
parameter_2437,iFolder,,,1
parameter_2438,iTitle,,,2
parameter_2439,iIndex,,,1
parameter_2440,the,,,2
parameter_2441,iIndex,,,1
parameter_2443,iPath,,,1
parameter_2444,iTitle,,,1
parameter_2445,iExtension,,,2
parameter_2446,iMode,,,3
parameter_2448,iFilterType,,,1
parameter_2450,next,,,3
parameter_2451,loop,,,4
parameter_2452,next,,,5
parameter_2453,else,,,6
parameter_2454,next,,,7
parameter_2455,next,,,8
parameter_2456,loop,,,9
parameter_2457,next,,,10
parameter_2458,iInterfaceName,,,1
parameter_2459,iObject,,,2
parameter_2461,iInterfaceName,,,1
parameter_2462,iObject,,,2
parameter_2463,iObjName,,,1
parameter_2465,iFromObject,,,1
parameter_2466,iToObject,,,2
parameter_2470,iGRR,,,1
parameter_2471,iGRR,,,1
parameter_2472,iGRR,,,1
parameter_2473,iGRR,,,1
parameter_2474,iPath,,,1
parameter_2478,iElem,,,1
parameter_2479,Show,,,2
parameter_2481,iSupport,,,1
parameter_2482,iProduct,,,1
parameter_2483,iProdInst,,,2
parameter_2484,iSupport,,,3
parameter_2485,iXMLFileName,,,1
parameter_2486,iReportFileName,,,2
parameter_2487,iReportType,,,3
parameter_2488,iOutDTD,,,4
parameter_2489,iInputFormatFile,,,1
parameter_2490,iOutputfile,,,2
parameter_2491,iName,,,1
parameter_2492,iColorIndex,,,1
parameter_2493,iColorIndex,,,1
parameter_2494,iAttribute,,,1
parameter_2495,ioAdminLevel,,,1
parameter_2496,ioLocked,,,2
parameter_2497,ioAdminLevel,,,1
parameter_2498,ioLocked,,,2
parameter_2499,iIndex,,,1
parameter_2500,ioAdminLevel,,,1
parameter_2501,ioLocked,,,2
parameter_2502,ioAdminLevel,,,1
parameter_2503,ioLocked,,,2
parameter_2504,value,,,1
parameter_2506,S_OK,,,2
parameter_2507,E_FAIL,,,3
parameter_2508,name,,,1
parameter_2509,profile,,,2
parameter_2510,count,,,1
parameter_2511,profiles,,,1
parameter_2512,accurancy,,,1
parameter_2513,value,,,1
parameter_2515,S_OK,,,2
parameter_2516,E_FAIL,,,3
parameter_2517,ioAdminLevel,,,1
parameter_2518,ioLocked,,,2
parameter_2519,iResource,,,1
parameter_2521,S_OK,,,3
parameter_2522,E_FAIL,,,4
parameter_2524,iWeld,,,1
parameter_2525,iGRR,,,1
parameter_2528,iRelAxis,,,1
parameter_2530,iRelAxis,,,1
parameter_2532,ioAdminLevel,,,1
parameter_2533,ioLocked,,,2
parameter_2534,ioAdminLevel,,,1
parameter_2535,ioLocked,,,2
parameter_2537,S_OK,,,2
parameter_2538,E_FAIL,,,3
parameter_2540,Next,,,2
parameter_2541,ioAdminLevel,,,1
parameter_2542,ioLocked,,,2
parameter_2544,S_OK,,,2
parameter_2545,E_FAIL,,,3
parameter_2546,ioTagList,,,1
parameter_2548,S_OK,,,2
parameter_2549,E_FAIL,,,3
parameter_2550,ioAdminLevel,,,1
parameter_2551,ioLocked,,,2
parameter_2553,R19,,,1
parameter_2554,AdminLevel,,,2
parameter_2557,iAttribute,,,1
parameter_2558,AdminLevel,,,1
parameter_2561,ioAdminLevel,,,1
parameter_2562,ioLocked,,,2
parameter_2563,ioAdminLevel,,,1
parameter_2564,ioLocked,,,2
parameter_2565,AdminLevel,,,1
parameter_2568,AdminLevel,,,1
parameter_2571,iI,,,1
parameter_2572,iI,,,1
parameter_2575,ioAdminLevel,,,1
parameter_2576,ioLocked,,,2
parameter_2577,ioAdminLevel,,,1
parameter_2578,ioLocked,,,2
parameter_2579,ioAdminLevel,,,1
parameter_2580,ioLocked,,,2
parameter_2581,iI,,,1
parameter_2583,Angle,,,3
parameter_2584,HybridShapeFactory,,,4
parameter_2585,ioAdminLevel,,,1
parameter_2586,ioLocked,,,2
parameter_2587,value,,,1
parameter_2591,value,,,1
parameter_2594,AdminLevel,,,1
parameter_2597,ioAdminLevel,,,1
parameter_2598,ioLocked,,,2
parameter_2599,ioAdminLevel,,,1
parameter_2600,ioLocked,,,2
parameter_2601,ioAdminLevel,,,1
parameter_2602,ioLocked,,,2
parameter_2603,ioAdminLevel,,,1
parameter_2604,ioLocked,,,2
parameter_2605,ioAdminLevel,,,1
parameter_2606,ioLocked,,,2
parameter_2607,ioAdminLevel,,,1
parameter_2608,ioLocked,,,2
parameter_2609,ioAdminLevel,,,1
parameter_2610,ioLocked,,,2
parameter_2611,ioAdminLevel,,,1
parameter_2612,ioLocked,,,2
parameter_2613,ioAdminLevel,,,1
parameter_2614,ioLocked,,,2
parameter_2615,ioAdminLevel,,,1
parameter_2616,ioLocked,,,2
parameter_2617,ioAdminLevel,,,1
parameter_2618,ioLocked,,,2
parameter_2619,ioAdminLevel,,,1
parameter_2620,ioLocked,,,2
parameter_2621,ioAdminLevel,,,1
parameter_2622,ioLocked,,,2
parameter_2623,iLocked,,,1
parameter_2624,ioAdminLevel,,,1
parameter_2625,ioLocked,,,2
parameter_2626,ioAdminLevel,,,1
parameter_2627,ioLocked,,,2
parameter_2628,ioAdminLevel,,,1
parameter_2629,ioLocked,,,2
parameter_2630,ioAdminLevel,,,1
parameter_2631,ioLocked,,,2
parameter_2632,ioAdminLevel,,,1
parameter_2633,ioLocked,,,2
parameter_2634,R19,,,1
parameter_2635,AdminLevel,,,2
parameter_2638,AdminLevel,,,1
parameter_2641,ioAdminLevel,,,1
parameter_2642,ioLocked,,,2
parameter_2643,CatPspIDLApplicationID,,,1
parameter_2645,ioAdminLevel,,,1
parameter_2646,ioLocked,,,2
parameter_2648,ioAdminLevel,,,1
parameter_2649,ioLocked,,,2
parameter_2650,ioAdminLevel,,,1
parameter_2651,ioLocked,,,2
parameter_2653,ioAdminLevel,,,1
parameter_2654,ioLocked,,,2
parameter_2655,iOperation,,,1
parameter_2656,iType,,,2
parameter_2658,ioAdminLevel,,,1
parameter_2659,ioLocked,,,2
parameter_2661,IndexOfPointedGeom,,,1
parameter_2663,IndexOfPointedGeom,,,1
parameter_2666,Next,,,2
parameter_2667,ioAdminLevel,,,1
parameter_2668,ioLocked,,,2
parameter_2669,ioAdminLevel,,,1
parameter_2670,ioLocked,,,2
parameter_2671,ioAdminLevel,,,1
parameter_2672,ioLocked,,,2
parameter_2673,ioAdminLevel,,,1
parameter_2674,ioLocked,,,2
parameter_2675,ioAdminLevel,,,1
parameter_2676,ioLocked,,,2
parameter_2677,ioAdminLevel,,,1
parameter_2678,ioLocked,,,2
parameter_2679,ioAdminLevel,,,1
parameter_2680,ioLocked,,,2
parameter_2681,ioAdminLevel,,,1
parameter_2682,ioLocked,,,2
parameter_2684,S_OK,,,2
parameter_2685,E_FAIL,,,3
parameter_2686,ioAdminLevel,,,1
parameter_2687,ioLocked,,,2
parameter_2688,ioAdminLevel,,,1
parameter_2689,ioLocked,,,2
parameter_2690,ioAdminLevel,,,1
parameter_2691,ioLocked,,,2
parameter_2692,ioAdminLevel,,,1
parameter_2693,ioLocked,,,2
parameter_2694,ioAdminLevel,,,1
parameter_2695,ioLocked,,,2
parameter_2696,ioAdminLevel,,,1
parameter_2697,ioLocked,,,2
parameter_2698,ioAdminLevel,,,1
parameter_2699,ioLocked,,,2
parameter_2700,ioAdminLevel,,,1
parameter_2701,ioLocked,,,2
parameter_2702,ioAdminLevel,,,1
parameter_2703,ioLocked,,,2
parameter_2704,ioAdminLevel,,,1
parameter_2705,ioLocked,,,2
parameter_2706,ioAdminLevel,,,1
parameter_2707,ioLocked,,,2
parameter_2708,ioAdminLevel,,,1
parameter_2709,ioLocked,,,2
parameter_2710,ioAdminLevel,,,1
parameter_2711,ioLocked,,,2
parameter_2712,ioAdminLevel,,,1
parameter_2713,ioLocked,,,2
parameter_2714,ioAdminLevel,,,1
parameter_2715,ioLocked,,,2
parameter_2716,ioAdminLevel,,,1
parameter_2717,ioLocked,,,2
parameter_2718,ioAdminLevel,,,1
parameter_2719,ioLocked,,,2
parameter_2720,ioAdminLevel,,,1
parameter_2721,ioLocked,,,2
parameter_2722,ioAdminLevel,,,1
parameter_2723,ioLocked,,,2
parameter_2724,ioAdminLevel,,,1
parameter_2725,ioLocked,,,2
parameter_2726,ioAdminLevel,,,1
parameter_2727,ioLocked,,,2
parameter_2728,ioAdminLevel,,,1
parameter_2729,ioLocked,,,2
parameter_2730,ioAdminLevel,,,1
parameter_2731,ioLocked,,,2
parameter_2732,ioAdminLevel,,,1
parameter_2733,ioLocked,,,2
parameter_2734,ioAdminLevel,,,1
parameter_2735,ioLocked,,,2
parameter_2739,iAttrName,,,1
parameter_2740,iAttrValue,,,2
parameter_2741,iAttribute,,,1
parameter_2742,iAttributeName,,,1
parameter_2743,iAttributeName,,,1
parameter_2745,Name,,,1
parameter_2746,Value,,,2
parameter_2747,Name,,,1
parameter_2748,Value,,,2
parameter_2749,ioAdminLevel,,,1
parameter_2750,ioLocked,,,2
parameter_2751,ioAdminLevel,,,1
parameter_2752,ioLocked,,,2
parameter_2753,ioAdminLevel,,,1
parameter_2754,ioLocked,,,2
parameter_2755,ioAdminLevel,,,1
parameter_2756,ioLocked,,,2
parameter_2757,ioAdminLevel,,,1
parameter_2758,ioLocked,,,2
parameter_2759,ioAdminLevel,,,1
parameter_2760,ioLocked,,,2
parameter_2761,ioAdminLevel,,,1
parameter_2762,ioLocked,,,2
parameter_2763,ioAdminLevel,,,1
parameter_2764,ioLocked,,,2
parameter_2765,ioAdminLevel,,,1
parameter_2766,ioLocked,,,2
parameter_2767,ioAdminLevel,,,1
parameter_2768,ioLocked,,,2
parameter_2769,ioAdminLevel,,,1
parameter_2770,ioLocked,,,2
parameter_2771,ioAdminLevel,,,1
parameter_2772,ioLocked,,,2
parameter_2773,ioAdminLevel,,,1
parameter_2774,ioLocked,,,2
parameter_2775,iIndex,,,1
parameter_2780,iDevice,,,1
parameter_2781,iAuxillaryAxis,,,2
parameter_2783,S_OK,,,4
parameter_2784,E_FAIL,,,5
parameter_2785,iDevice,,,1
parameter_2786,iAuxillaryAxis,,,2
parameter_2788,S_OK,,,4
parameter_2789,E_FAIL,,,5
parameter_2791,iType,,,1
parameter_2794,ioAdminLevel,,,1
parameter_2795,ioLocked,,,2
parameter_2798,ioAdminLevel,,,1
parameter_2799,ioLocked,,,2
parameter_2800,ioAdminLevel,,,1
parameter_2801,ioLocked,,,2
parameter_2802,ioAdminLevel,,,1
parameter_2803,ioLocked,,,2
parameter_2804,ioAdminLevel,,,1
parameter_2805,ioLocked,,,2
parameter_2807,S_OK,,,2
parameter_2808,E_FAIL,,,3
parameter_2809,ioAdminLevel,,,1
parameter_2810,ioLocked,,,2
parameter_2811,iIndex,,,1
parameter_2816,ioAdminLevel,,,1
parameter_2817,ioLocked,,,2
parameter_2818,iDb2PlacementPt,,,1
parameter_2819,iGRR,,,2
parameter_2820,iLOKCntrs,,,3
parameter_2823,iDb2PlacementPt,,,1
parameter_2824,iInsertCompatInfo,,,2
parameter_2825,ioInsertInfo,,,3
parameter_2826,iBYesCycleAllSolns,,,4
parameter_2828,iDb2PlacementPt,,,1
parameter_2829,iPlaceCompatInfo,,,2
parameter_2830,ioPlaceInfo,,,3
parameter_2831,iBYesCycleAllSolns,,,4
parameter_2832,ioAdminLevel,,,1
parameter_2833,ioLocked,,,2
parameter_2834,Position,,,1
parameter_2835,Body,,,2
parameter_2836,iAttrName,,,1
parameter_2838,iBlendLimit,,,1
parameter_2839,iPos,,,1
parameter_2840,iBoundary,,,1
parameter_2842,ioAdminLevel,,,1
parameter_2843,ioLocked,,,2
parameter_2844,ioAdminLevel,,,1
parameter_2845,ioLocked,,,2
parameter_2846,ioAdminLevel,,,1
parameter_2847,ioLocked,,,2
parameter_2848,ioAdminLevel,,,1
parameter_2849,ioLocked,,,2
parameter_2850,iLabel,,,1
parameter_2851,iLabel,,,1
parameter_2852,iLabel,,,1
parameter_2854,iPos,,,1
parameter_2857,ioAdminLevel,,,1
parameter_2858,ioLocked,,,2
parameter_2859,PV,,,1
parameter_2861,ioAdminLevel,,,1
parameter_2862,ioLocked,,,2
parameter_2863,ioAdminLevel,,,1
parameter_2864,ioLocked,,,2
parameter_2865,ioAdminLevel,,,1
parameter_2866,ioLocked,,,2
parameter_2867,ioAdminLevel,,,1
parameter_2868,ioLocked,,,2
parameter_2869,ioAdminLevel,,,1
parameter_2870,ioLocked,,,2
parameter_2871,ioAdminLevel,,,1
parameter_2872,ioLocked,,,2
parameter_2875,iCalibReferenceFile,,,1
parameter_2876,ioAdminLevel,,,1
parameter_2877,ioLocked,,,2
parameter_2879,S_OK,,,2
parameter_2880,E_FAIL,,,3
parameter_2881,ioAdminLevel,,,1
parameter_2882,ioLocked,,,2
parameter_2883,ioAdminLevel,,,1
parameter_2884,ioLocked,,,2
parameter_2885,iRow,,,1
parameter_2886,iCol,,,2
parameter_2888,iRow,,,1
parameter_2889,iCol,,,2
parameter_2891,iRow,,,1
parameter_2892,iCol,,,2
parameter_2894,iRow,,,1
parameter_2895,iCol,,,2
parameter_2897,iRow,,,1
parameter_2898,iCol,,,2
parameter_2902,iProduct,,,1
parameter_2906,ioAdminLevel,,,1
parameter_2907,ioLocked,,,2
parameter_2917,val3,,,3
parameter_2918,ioAdminLevel,,,1
parameter_2919,ioLocked,,,2
parameter_2920,ioAdminLevel,,,1
parameter_2921,ioLocked,,,2
parameter_2922,ioAdminLevel,,,1
parameter_2923,ioLocked,,,2
parameter_2924,ioAdminLevel,,,1
parameter_2925,ioLocked,,,2
parameter_2929,ioAdminLevel,,,1
parameter_2930,ioLocked,,,2
parameter_2931,V5R18,,,1
parameter_2932,ioAdminLevel,,,2
parameter_2933,ioLocked,,,3
parameter_2934,ioAdminLevel,,,1
parameter_2935,ioLocked,,,2
parameter_2936,ioAdminLevel,,,1
parameter_2937,ioLocked,,,2
parameter_2938,ioAdminLevel,,,1
parameter_2939,ioLocked,,,2
parameter_2940,ioAdminLevel,,,1
parameter_2941,ioLocked,,,2
parameter_2942,iBlendLimit,,,1
parameter_2944,ioAdminLevel,,,1
parameter_2945,ioLocked,,,2
parameter_2946,iRep,,,1
parameter_2952,ioAdminLevel,,,1
parameter_2953,ioLocked,,,2
parameter_2954,ioAdminLevel,,,1
parameter_2955,ioLocked,,,2
parameter_2956,iCol,,,1
parameter_2959,ioCmdValues,,,1
parameter_2960,ioAdminLevel,,,1
parameter_2961,ioLocked,,,2
parameter_2962,iCurrentProduct,,,1
parameter_2963,iCompartmentID,,,2
parameter_2964,ioAdminLevel,,,1
parameter_2965,ioLocked,,,2
parameter_2966,iuStandard,,,1
parameter_2968,GroupOfSelectedProducts,,,1
parameter_2969,GroupOfSelectedProducts,,,1
parameter_2970,iReferenceProduct,,,2
parameter_2971,ioAdminLevel,,,1
parameter_2972,ioLocked,,,2
parameter_2975,S_OK,,,2
parameter_2976,E_FAIL,,,3
parameter_2977,iConnectorName,,,1
parameter_2978,iRelAxis,,,1
parameter_2980,iIndex,,,1
parameter_2981,iPos,,,1
parameter_2982,iElementNumber,,,1
parameter_2984,iPos,,,1
parameter_2988,ioAdminLevel,,,1
parameter_2989,ioLocked,,,2
parameter_2990,ioAdminLevel,,,1
parameter_2991,ioLocked,,,2
parameter_2992,ioAdminLevel,,,1
parameter_2993,ioLocked,,,2
parameter_2995,ioAdminLevel,,,1
parameter_2996,ioLocked,,,2
parameter_2997,iBlendLimit,,,1
parameter_2998,iContourNumber,,,1
parameter_3004,ioAdminLevel,,,1
parameter_3005,ioLocked,,,2
parameter_3007,HybridShapeFactory,,,2
parameter_3010,DrawingDocument,,,2
parameter_3012,roll,,,1
parameter_3013,pitch,,,2
parameter_3014,yaw,,,3
parameter_3015,roll,,,1
parameter_3016,pitch,,,2
parameter_3017,yaw,,,3
parameter_3019,ioAdminLevel,,,1
parameter_3020,ioLocked,,,2
parameter_3021,ioAdminLevel,,,1
parameter_3022,ioLocked,,,2
parameter_3023,profile,,,1
parameter_3026,profile,,,1
parameter_3027,profile,,,1
parameter_3028,ioAdminLevel,,,1
parameter_3029,ioLocked,,,2
parameter_3030,profile,,,1
parameter_3031,iParam,,,1
parameter_3032,iPos,,,1
parameter_3034,iBlendLimit,,,1
parameter_3035,iPosition,,,1
parameter_3038,ioAdminLevel,,,1
parameter_3039,ioLocked,,,2
parameter_3040,ioAdminLevel,,,1
parameter_3041,ioLocked,,,2
parameter_3042,ioAdminLevel,,,1
parameter_3043,ioLocked,,,2
parameter_3044,ioAdminLevel,,,1
parameter_3045,ioLocked,,,2
parameter_3046,iFactoryIID,,,1
parameter_3048,iRank,,,2
parameter_3049,iDLName,,,1
parameter_3052,iFather,,,4
parameter_3053,iDLName,,,1
parameter_3056,iFather,,,4
parameter_3057,iDLName,,,1
parameter_3058,ioAdminLevel,,,2
parameter_3059,ioLocked,,,3
parameter_3061,iDLName,,,1
parameter_3064,ioAdminLevel,,,1
parameter_3065,ioLocked,,,2
parameter_3066,ioAdminLevel,,,1
parameter_3067,ioLocked,,,2
parameter_3068,ioAdminLevel,,,1
parameter_3069,ioLocked,,,2
parameter_3070,ioAdminLevel,,,1
parameter_3071,ioLocked,,,2
parameter_3072,ioAdminLevel,,,1
parameter_3073,ioLocked,,,2
parameter_3074,ioAdminLevel,,,1
parameter_3075,ioLocked,,,2
parameter_3076,ioAdminLevel,,,1
parameter_3077,ioLocked,,,2
parameter_3078,ioAdminLevel,,,1
parameter_3079,ioLocked,,,2
parameter_3080,ioAdminLevel,,,1
parameter_3081,ioLocked,,,2
parameter_3082,ioAdminLevel,,,1
parameter_3083,ioLocked,,,2
parameter_3084,ioAdminLevel,,,1
parameter_3085,ioLocked,,,2
parameter_3086,ioAdminLevel,,,1
parameter_3087,ioLocked,,,2
parameter_3088,ioAdminLevel,,,1
parameter_3089,ioLocked,,,2
parameter_3090,ioAdminLevel,,,1
parameter_3091,ioLocked,,,2
parameter_3092,ioAdminLevel,,,1
parameter_3093,ioLocked,,,2
parameter_3094,ioAdminLevel,,,1
parameter_3095,ioLocked,,,2
parameter_3096,ioAdminLevel,,,1
parameter_3097,ioLocked,,,2
parameter_3098,ioAdminLevel,,,1
parameter_3099,ioLocked,,,2
parameter_3100,ioAdminLevel,,,1
parameter_3101,ioLocked,,,2
parameter_3102,ioAdminLevel,,,1
parameter_3103,ioLocked,,,2
parameter_3104,ioAdminLevel,,,1
parameter_3105,ioLocked,,,2
parameter_3106,iDOF,,,1
parameter_3109,Next,,,2
parameter_3111,Next,,,2
parameter_3112,Next,,,3
parameter_3113,iIndex,,,1
parameter_3115,ioAdminLevel,,,1
parameter_3116,ioLocked,,,2
parameter_3117,AdminLevel,,,1
parameter_3120,AdminLevel,,,1
parameter_3123,AdminLevel,,,1
parameter_3126,ioAdminLevel,,,1
parameter_3127,ioLocked,,,2
parameter_3128,ioAdminLevel,,,1
parameter_3129,ioLocked,,,2
parameter_3130,ioAdminLevel,,,1
parameter_3131,ioLocked,,,2
parameter_3132,ioAdminLevel,,,1
parameter_3133,ioLocked,,,2
parameter_3134,ioAdminLevel,,,1
parameter_3135,ioLocked,,,2
parameter_3136,iProduct,,,1
parameter_3137,iRelAxis,,,1
parameter_3138,ioAdminLevel,,,1
parameter_3139,ioLocked,,,2
parameter_3140,iParam,,,1
parameter_3141,iProduct,,,1
parameter_3142,AdminLevel,,,1
parameter_3145,ioAdminLevel,,,1
parameter_3146,ioLocked,,,2
parameter_3147,ioAdminLevel,,,1
parameter_3148,ioLocked,,,2
parameter_3154,Next,,,2
parameter_3155,AdminLevel,,,1
parameter_3158,AdminLevel,,,1
parameter_3161,AdminLevel,,,1
parameter_3164,AdminLevel,,,1
parameter_3167,AdminLevel,,,1
parameter_3170,AdminLevel,,,1
parameter_3173,ioItemResDimensions,,,1
parameter_3175,HybridShapeFactory,,,2
parameter_3177,ioDirection,,,1
parameter_3178,ioDirection,,,1
parameter_3179,IndexOfPointedGeom,,,1
parameter_3181,iPos,,,2
parameter_3182,ioAdminLevel,,,1
parameter_3183,ioLocked,,,2
parameter_3184,ioAdminLevel,,,1
parameter_3185,ioLocked,,,2
parameter_3186,ioAdminLevel,,,1
parameter_3187,ioLocked,,,2
parameter_3188,ioAdminLevel,,,1
parameter_3189,ioLocked,,,2
parameter_3190,ioAdminLevel,,,1
parameter_3191,ioLocked,,,2
parameter_3192,ioAdminLevel,,,1
parameter_3193,ioLocked,,,2
parameter_3194,ioAdminLevel,,,1
parameter_3195,ioLocked,,,2
parameter_3196,ioAdminLevel,,,1
parameter_3197,ioLocked,,,2
parameter_3198,ioAdminLevel,,,1
parameter_3199,ioLocked,,,2
parameter_3200,ioAdminLevel,,,1
parameter_3201,ioLocked,,,2
parameter_3202,ioAdminLevel,,,1
parameter_3203,ioLocked,,,2
parameter_3204,ioAdminLevel,,,1
parameter_3205,ioLocked,,,2
parameter_3206,Index,,,1
parameter_3208,ioAdminLevel,,,1
parameter_3209,ioLocked,,,2
parameter_3210,ioAdminLevel,,,1
parameter_3211,ioLocked,,,2
parameter_3212,ioAdminLevel,,,1
parameter_3213,ioLocked,,,2
parameter_3214,iAttrName,,,1
parameter_3216,iAttributeLabel,,,1
parameter_3217,iLoc,,,1
parameter_3221,ioAdminLevel,,,1
parameter_3222,ioLocked,,,2
parameter_3226,Position,,,1
parameter_3227,Edge,,,2
parameter_3228,iRank,,,1
parameter_3229,ioAdminLevel,,,1
parameter_3230,ioLocked,,,2
parameter_3231,iRank,,,1
parameter_3233,iRank,,,1
parameter_3234,iPosition,,,1
parameter_3236,ioRadius,,,3
parameter_3237,iElemID,,,1
parameter_3238,TET_LINEAR,,,2
parameter_3239,TET_PARABOLIC,,,3
parameter_3240,HEX_LINEAR,,,4
parameter_3241,HEX_PARABOLIC,,,5
parameter_3242,WEDG_LINEAR,,,6
parameter_3243,WEDG_PARABOLIC,,,7
parameter_3244,TRI_LINEAR,,,8
parameter_3245,TRI_PARABOLIC,,,9
parameter_3246,QUAD_LINEAR,,,10
parameter_3247,QUAD_PARABOLIC,,,11
parameter_3248,LINE_LINEAR,,,12
parameter_3249,LINE_PARABOLIC,,,13
parameter_3251,SHELL,,,15
parameter_3252,MEMBRANE,,,16
parameter_3253,SOLID3D,,,17
parameter_3254,CONTINUUM_SHELL,,,18
parameter_3255,BEAM,,,19
parameter_3256,GASKET,,,20
parameter_3258,true,,,22
parameter_3259,false,,,23
parameter_3261,true,,,25
parameter_3262,false,,,26
parameter_3264,true,,,28
parameter_3265,false,,,29
parameter_3267,true,,,31
parameter_3268,false,,,32
parameter_3270,true,,,34
parameter_3271,false,,,35
parameter_3272,Position,,,1
parameter_3273,Element,,,2
parameter_3275,ioAdminLevel,,,1
parameter_3276,ioLocked,,,2
parameter_3277,ioAdminLevel,,,1
parameter_3278,ioLocked,,,2
parameter_3282,ioAdminLevel,,,1
parameter_3283,ioLocked,,,2
parameter_3284,iErrorCode,,,1
parameter_3288,ioAdminLevel,,,1
parameter_3289,ioLocked,,,2
parameter_3290,ioAdminLevel,,,1
parameter_3291,ioLocked,,,2
parameter_3292,ioAdminLevel,,,1
parameter_3293,ioLocked,,,2
parameter_3294,ioAdminLevel,,,1
parameter_3295,ioLocked,,,2
parameter_3296,ioAdminLevel,,,1
parameter_3297,ioLocked,,,2
parameter_3298,AdminLevel,,,1
parameter_3301,ioAdminLevel,,,1
parameter_3302,ioLocked,,,2
parameter_3303,iGRR,,,1
parameter_3309,iPos,,,2
parameter_3312,iIndex,,,1
parameter_3314,index,,,1
parameter_3316,bJoiningFasteners,,,1
parameter_3317,iRank,,,1
parameter_3319,Reference,,,3
parameter_3320,Size,,,1
parameter_3321,iType,,,1
parameter_3324,iPath,,,1
parameter_3325,iWeld,,,1
parameter_3326,ioAdminLevel,,,1
parameter_3327,ioLocked,,,2
parameter_3331,HybridShapeFactory,,,1
parameter_3339,iIndex,,,1
parameter_3340,the,,,2
parameter_3342,iPath,,,1
parameter_3343,iFirst,,,1
parameter_3344,inbCharacter,,,2
parameter_3345,iFirst,,,1
parameter_3346,inbCharacter,,,2
parameter_3347,ioAdminLevel,,,1
parameter_3348,ioLocked,,,2
parameter_3349,ioAdminLevel,,,1
parameter_3350,ioLocked,,,2
parameter_3351,iIndex,,,1
parameter_3354,iIndex,,,1
parameter_3356,iIndex,,,1
parameter_3358,iIndex,,,1
parameter_3360,Index,,,1
parameter_3371,The,,,4
parameter_3372,iPos,,,1
parameter_3374,iPos,,,1
parameter_3376,ioAdminLevel,,,1
parameter_3377,ioLocked,,,2
parameter_3378,iIndex,,,1
parameter_3383,ioGPSName,,,1
parameter_3384,E_FAIL,,,2
parameter_3387,iIndex,,,1
parameter_3392,iAssignmentType,,,1
parameter_3393,iAssignmentType,,,2
parameter_3395,iIndex,,,1
parameter_3397,iOpOrAcr,,,1
parameter_3398,iAssignedEIIndex,,,2
parameter_3399,iAssignmentType,,,3
parameter_3400,iElem,,,1
parameter_3402,iGeometryType,,,1
parameter_3403,iGeometryNumber,,,2
parameter_3404,AdminLevel,,,1
parameter_3407,iGrabbedObjects,,,1
parameter_3408,iGrabbedObjects,,,1
parameter_3409,Coordinates,,,1
parameter_3410,ioAdminLevel,,,1
parameter_3411,ioLocked,,,2
parameter_3412,ioAdminLevel,,,1
parameter_3413,ioLocked,,,2
parameter_3414,ioAdminLevel,,,1
parameter_3415,ioLocked,,,2
parameter_3416,ioAdminLevel,,,1
parameter_3417,ioLocked,,,2
parameter_3418,ioAdminLevel,,,1
parameter_3419,ioLocked,,,2
parameter_3420,ioAdminLevel,,,1
parameter_3421,ioLocked,,,2
parameter_3422,iPos,,,1
parameter_3425,iIdx,,,1
parameter_3433,ioAdminLevel,,,1
parameter_3434,ioLocked,,,2
parameter_3435,ioAdminLevel,,,1
parameter_3436,ioLocked,,,2
parameter_3437,ioAdminLevel,,,1
parameter_3438,ioLocked,,,2
parameter_3440,ioAdminLevel,,,1
parameter_3441,ioLocked,,,2
parameter_3442,ioPath,,,1
parameter_3443,iObject,,,1
parameter_3445,ioAdminLevel,,,1
parameter_3446,ioLocked,,,2
parameter_3447,ioAdminLevel,,,1
parameter_3448,ioLocked,,,2
parameter_3449,ioAdminLevel,,,1
parameter_3450,ioLocked,,,2
parameter_3451,ioAdminLevel,,,1
parameter_3452,ioLocked,,,2
parameter_3453,ioAdminLevel,,,1
parameter_3454,ioLocked,,,2
parameter_3455,ioAdminLevel,,,1
parameter_3456,ioLocked,,,2
parameter_3457,ioAdminLevel,,,1
parameter_3458,ioLocked,,,2
parameter_3459,ioAdminLevel,,,1
parameter_3460,ioLocked,,,2
parameter_3463,ioAdminLevel,,,1
parameter_3464,ioLocked,,,2
parameter_3465,ioAdminLevel,,,1
parameter_3466,ioLocked,,,2
parameter_3467,ioAdminLevel,,,1
parameter_3468,ioLocked,,,2
parameter_3469,ioAdminLevel,,,1
parameter_3470,ioLocked,,,2
parameter_3471,ioAdminLevel,,,1
parameter_3472,ioLocked,,,2
parameter_3473,ioAdminLevel,,,1
parameter_3474,ioLocked,,,2
parameter_3475,ioAdminLevel,,,1
parameter_3476,ioLocked,,,2
parameter_3477,ioAdminLevel,,,1
parameter_3478,ioLocked,,,2
parameter_3479,ioAdminLevel,,,1
parameter_3480,ioLocked,,,2
parameter_3481,ioAdminLevel,,,1
parameter_3482,ioLocked,,,2
parameter_3483,ioAdminLevel,,,1
parameter_3484,ioLocked,,,2
parameter_3485,ioAdminLevel,,,1
parameter_3486,ioLocked,,,2
parameter_3487,ioAdminLevel,,,1
parameter_3488,ioLocked,,,2
parameter_3489,ioAdminLevel,,,1
parameter_3490,ioLocked,,,2
parameter_3491,ioAdminLevel,,,1
parameter_3492,ioLocked,,,2
parameter_3493,ioAdminLevel,,,1
parameter_3494,ioLocked,,,2
parameter_3495,ioAdminLevel,,,1
parameter_3496,ioLocked,,,2
parameter_3497,ioAdminLevel,,,1
parameter_3498,ioLocked,,,2
parameter_3499,ioAdminLevel,,,1
parameter_3500,ioLocked,,,2
parameter_3501,ioAdminLevel,,,1
parameter_3502,ioLocked,,,2
parameter_3503,iIndex,,,1
parameter_3504,NbInParameters,,,2
parameter_3507,pName,,,1
parameter_3508,iName,,,1
parameter_3509,iName,,,1
parameter_3510,iName,,,1
parameter_3511,iName,,,1
parameter_3512,iPosition,,,1
parameter_3513,iPosition,,,1
parameter_3514,iPosition,,,1
parameter_3515,iPosition,,,1
parameter_3516,ioAdminLevel,,,1
parameter_3517,ioLocked,,,2
parameter_3518,ioAdminLevel,,,1
parameter_3519,ioLocked,,,2
parameter_3521,iInterfaceName,,,1
parameter_3522,iObject,,,2
parameter_3523,iIndexPoint,,,1
parameter_3525,iIndexPoint,,,1
parameter_3527,iIndexPoint,,,1
parameter_3530,iPos,,,2
parameter_3531,iIndex,,,1
parameter_3536,Intersection,,,2
parameter_3537,iRank,,,3
parameter_3539,IDName,,,1
parameter_3540,IDName,,,1
parameter_3541,ioAdminLevel,,,1
parameter_3542,ioLocked,,,2
parameter_3543,ioAdminLevel,,,1
parameter_3544,ioLocked,,,2
parameter_3545,ioAdminLevel,,,1
parameter_3546,ioLocked,,,2
parameter_3547,ioAdminLevel,,,1
parameter_3548,ioLocked,,,2
parameter_3550,joint,,,1
parameter_3551,expr,,,2
parameter_3553,S_OK,,,2
parameter_3554,E_FAIL,,,3
parameter_3557,iRank,,,2
parameter_3559,iRank,,,2
parameter_3560,ioAdminLevel,,,1
parameter_3561,ioLocked,,,2
parameter_3563,iBHoriz,,,2
parameter_3567,ioAdminLevel,,,1
parameter_3568,ioLocked,,,2
parameter_3569,AdminLevel,,,1
parameter_3572,ioAdminLevel,,,1
parameter_3573,ioLocked,,,2
parameter_3580,ioAdminLevel,,,1
parameter_3581,ioLocked,,,2
parameter_3582,iType,,,1
parameter_3584,iProduct,,,1
parameter_3585,iI,,,1
parameter_3586,iFromParam,,,1
parameter_3587,iToParam,,,2
parameter_3589,bCurrManikinPosition,,,1
parameter_3592,ioAdminLevel,,,1
parameter_3593,ioLocked,,,2
parameter_3594,ioAdminLevel,,,1
parameter_3595,ioLocked,,,2
parameter_3603,iLicense,,,1
parameter_3604,iLicense,,,1
parameter_3605,iDefaultLicenses,,,1
parameter_3606,False,,,1
parameter_3608,ioAdminLevel,,,1
parameter_3609,ioLocked,,,2
parameter_3610,ioAdminLevel,,,1
parameter_3611,ioLocked,,,2
parameter_3612,ioAdminLevel,,,1
parameter_3613,ioLocked,,,2
parameter_3614,ioAdminLevel,,,1
parameter_3615,ioLocked,,,2
parameter_3618,ioAdminLevel,,,1
parameter_3619,ioLocked,,,2
parameter_3620,iDof,,,1
parameter_3621,U1_DOF,,,2
parameter_3622,U2_DOF,,,3
parameter_3623,U3_DOF,,,4
parameter_3624,UR1_DOF,,,5
parameter_3625,UR2_DOF,,,6
parameter_3626,UR3_DOF,,,7
parameter_3631,ioAdminLevel,,,1
parameter_3632,ioLocked,,,2
parameter_3635,ioAdminLevel,,,1
parameter_3636,ioLocked,,,2
parameter_3637,ioAdminLevel,,,1
parameter_3638,ioLocked,,,2
parameter_3639,ioAdminLevel,,,1
parameter_3640,ioLocked,,,2
parameter_3641,ioListOfAttributeUnits,,,1
parameter_3642,ioListOfAttributes,,,1
parameter_3645,ioPath,,,1
parameter_3646,ioAdminLevel,,,1
parameter_3647,ioLocked,,,2
parameter_3651,ioAdminLevel,,,1
parameter_3652,ioLocked,,,2
parameter_3653,ioAdminLevel,,,1
parameter_3654,ioLocked,,,2
parameter_3655,ioAdminLevel,,,1
parameter_3656,ioLocked,,,2
parameter_3657,ioAdminLevel,,,1
parameter_3658,ioLocked,,,2
parameter_3659,ioAdminLevel,,,1
parameter_3660,ioLocked,,,2
parameter_3661,ioAdminLevel,,,1
parameter_3662,ioLocked,,,2
parameter_3663,ioAdminLevel,,,1
parameter_3664,ioLocked,,,2
parameter_3665,ioAdminLevel,,,1
parameter_3666,ioLocked,,,2
parameter_3667,ioAdminLevel,,,1
parameter_3668,ioLocked,,,2
parameter_3669,ioAdminLevel,,,1
parameter_3670,ioLocked,,,2
parameter_3671,ioAdminLevel,,,1
parameter_3672,ioLocked,,,2
parameter_3674,ioAdminLevel,,,1
parameter_3675,ioLocked,,,2
parameter_3676,ioAdminLevel,,,1
parameter_3677,ioLocked,,,2
parameter_3678,ioAdminLevel,,,1
parameter_3679,ioLocked,,,2
parameter_3690,iPointNumber,,,1
parameter_3694,xx,,,1
parameter_3695,yy,,,2
parameter_3696,ioAdminLevel,,,1
parameter_3697,ioLocked,,,2
parameter_3698,ioAdminLevel,,,1
parameter_3699,ioLocked,,,2
parameter_3700,ioAdminLevel,,,1
parameter_3701,ioLocked,,,2
parameter_3702,ioAdminLevel,,,1
parameter_3703,ioLocked,,,2
parameter_3704,iCurrentProduct,,,1
parameter_3705,iLogicalLineID,,,2
parameter_3706,iAttrName,,,1
parameter_3712,ioAdminLevel,,,1
parameter_3713,ioLocked,,,2
parameter_3714,ioAdminLevel,,,1
parameter_3715,ioLocked,,,2
parameter_3718,ioAdminLevel,,,1
parameter_3719,ioLocked,,,2
parameter_3720,ioAdminLevel,,,1
parameter_3721,ioLocked,,,2
parameter_3722,R17,,,1
parameter_3723,ioAdminLevel,,,2
parameter_3724,ioLocked,,,3
parameter_3725,ioAdminLevel,,,1
parameter_3726,ioLocked,,,2
parameter_3727,R17,,,1
parameter_3728,ioAdminLevel,,,2
parameter_3729,ioLocked,,,3
parameter_3730,ioAdminLevel,,,1
parameter_3731,ioLocked,,,2
parameter_3732,ioAdminLevel,,,1
parameter_3733,ioLocked,,,2
parameter_3734,R17,,,1
parameter_3735,ioAdminLevel,,,2
parameter_3736,ioLocked,,,3
parameter_3737,ioAdminLevel,,,1
parameter_3738,ioLocked,,,2
parameter_3739,R17,,,1
parameter_3740,ioAdminLevel,,,2
parameter_3741,ioLocked,,,3
parameter_3742,R17,,,1
parameter_3743,ioAdminLevel,,,2
parameter_3744,ioLocked,,,3
parameter_3745,R17,,,1
parameter_3746,ioAdminLevel,,,2
parameter_3747,ioLocked,,,3
parameter_3748,ioAdminLevel,,,1
parameter_3749,ioLocked,,,2
parameter_3750,R17,,,1
parameter_3751,ioAdminLevel,,,2
parameter_3752,ioLocked,,,3
parameter_3753,ioAdminLevel,,,1
parameter_3754,ioLocked,,,2
parameter_3755,ioAdminLevel,,,1
parameter_3756,ioLocked,,,2
parameter_3757,R17,,,1
parameter_3758,ioAdminLevel,,,2
parameter_3759,ioLocked,,,3
parameter_3760,ioAdminLevel,,,1
parameter_3761,ioLocked,,,2
parameter_3762,ioAdminLevel,,,1
parameter_3763,ioLocked,,,2
parameter_3764,R17,,,1
parameter_3765,ioAdminLevel,,,2
parameter_3766,ioLocked,,,3
parameter_3767,ioAdminLevel,,,1
parameter_3768,ioLocked,,,2
parameter_3769,ioAdminLevel,,,1
parameter_3770,ioLocked,,,2
parameter_3771,ioAdminLevel,,,1
parameter_3772,ioLocked,,,2
parameter_3773,ioAdminLevel,,,1
parameter_3774,ioLocked,,,2
parameter_3775,ioAdminLevel,,,1
parameter_3776,ioLocked,,,2
parameter_3777,ioAdminLevel,,,1
parameter_3778,ioLocked,,,2
parameter_3779,R17,,,1
parameter_3780,ioAdminLevel,,,2
parameter_3781,ioLocked,,,3
parameter_3782,mass,,,1
parameter_3783,iProduct,,,1
parameter_3784,iLoadIfNecessary,,,1
parameter_3785,iLoadIfNecessary,,,1
parameter_3786,iProduct,,,1
parameter_3789,ioAdminLevel,,,1
parameter_3790,ioLocked,,,2
parameter_3791,R19,,,1
parameter_3792,AdminLevel,,,2
parameter_3796,ioAdminLevel,,,1
parameter_3797,ioLocked,,,2
parameter_3798,ioAdminLevel,,,1
parameter_3799,ioLocked,,,2
parameter_3800,ioAdminLevel,,,1
parameter_3801,ioLocked,,,2
parameter_3802,iRow,,,1
parameter_3803,iFirstRow,,,2
parameter_3804,iNbRowMerge,,,3
parameter_3805,iNbColMerge,,,4
parameter_3806,ioAdminLevel,,,1
parameter_3807,ioLocked,,,2
parameter_3808,iMacroType,,,1
parameter_3811,ioAdminLevel,,,1
parameter_3812,ioLocked,,,2
parameter_3813,basis,,,1
parameter_3815,S_OK,,,2
parameter_3816,E_FAIL,,,3
parameter_3817,name,,,1
parameter_3818,profile,,,2
parameter_3819,count,,,1
parameter_3820,profiles,,,1
parameter_3821,index,,,1
parameter_3822,S_OK,,,2
parameter_3823,E_FAIL,,,3
parameter_3825,S_OK,,,2
parameter_3826,E_FAIL,,,3
parameter_3827,iProduct,,,1
parameter_3828,iAttributeName,,,1
parameter_3831,S_OK,,,2
parameter_3832,E_FAIL,,,3
parameter_3837,name,,,1
parameter_3842,ioAdminLevel,,,1
parameter_3843,ioLocked,,,2
parameter_3864,iChannel,,,1
parameter_3871,ioAdminLevel,,,1
parameter_3872,ioLocked,,,2
parameter_3873,ioAdminLevel,,,1
parameter_3874,ioLocked,,,2
parameter_3875,ioAdminLevel,,,1
parameter_3876,ioLocked,,,2
parameter_3877,ioAdminLevel,,,1
parameter_3878,ioLocked,,,2
parameter_3879,ioAdminLevel,,,1
parameter_3880,ioLocked,,,2
parameter_3883,iRank,,,3
parameter_3884,iProduct,,,1
parameter_3885,roll,,,1
parameter_3886,pitch,,,2
parameter_3887,yaw,,,3
parameter_3888,roll,,,1
parameter_3889,pitch,,,2
parameter_3890,yaw,,,3
parameter_3891,iDof,,,1
parameter_3892,U1_DOF,,,2
parameter_3893,U2_DOF,,,3
parameter_3894,U3_DOF,,,4
parameter_3895,UR1_DOF,,,5
parameter_3896,UR2_DOF,,,6
parameter_3897,UR3_DOF,,,7
parameter_3901,ioAdminLevel,,,1
parameter_3902,ioLocked,,,2
parameter_3904,bJoiningFasteners,,,1
parameter_3909,name,,,1
parameter_3910,profile,,,2
parameter_3911,count,,,1
parameter_3912,profiles,,,1
parameter_3913,iInterfaceName,,,1
parameter_3915,iIndex,,,1
parameter_3918,S_OK,,,2
parameter_3919,E_FAIL,,,3
parameter_3921,ioAdminLevel,,,1
parameter_3922,ioLocked,,,2
parameter_3923,ioAdminLevel,,,1
parameter_3924,ioLocked,,,2
parameter_3925,ioAdminLevel,,,1
parameter_3926,ioLocked,,,2
parameter_3928,ioAdminLevel,,,1
parameter_3929,ioLocked,,,2
parameter_3930,iObject,,,1
parameter_3932,iBlendLimit,,,1
parameter_3935,iRank,,,3
parameter_3937,ioAdminLevel,,,1
parameter_3938,ioLocked,,,2
parameter_3939,index,,,1
parameter_3940,S_OK,,,2
parameter_3941,E_FAIL,,,3
parameter_3942,iRelAxis,,,1
parameter_3945,HybridShapeFactory,,,2
parameter_3946,HybridShapeFactory,,,1
parameter_3948,ioOrigin,,,1
parameter_3950,iRelAxis,,,1
parameter_3952,IndexOfPointedGeom,,,1
parameter_3955,iIndex,,,1
parameter_3956,NbOutParameters,,,2
parameter_3957,pName,,,1
parameter_3958,iName,,,1
parameter_3959,iName,,,1
parameter_3960,iPosition,,,1
parameter_3961,iPosition,,,1
parameter_3962,ioAdminLevel,,,1
parameter_3963,ioLocked,,,2
parameter_3964,ioAdminLevel,,,1
parameter_3965,ioLocked,,,2
parameter_3966,ioAdminLevel,,,1
parameter_3967,ioLocked,,,2
parameter_3968,ioAdminLevel,,,1
parameter_3969,ioLocked,,,2
parameter_3970,ioAdminLevel,,,1
parameter_3971,ioLocked,,,2
parameter_3973,ioAdminLevel,,,1
parameter_3974,ioLocked,,,2
parameter_3975,ioAdminLevel,,,1
parameter_3976,ioLocked,,,2
parameter_3977,iIndex,,,1
parameter_3980,ioParentProduct,,,1
parameter_3981,AdminLevel,,,1
parameter_3984,ioAdminLevel,,,1
parameter_3985,ioLocked,,,2
parameter_3986,ioAdminLevel,,,1
parameter_3987,ioLocked,,,2
parameter_3988,ioAdminLevel,,,1
parameter_3989,ioLocked,,,2
parameter_3990,ioAdminLevel,,,1
parameter_3991,ioLocked,,,2
parameter_3992,iIndex,,,1
parameter_3995,ioAdminLevel,,,1
parameter_3996,ioLocked,,,2
parameter_3997,ioAdminLevel,,,1
parameter_3998,ioLocked,,,2
parameter_4002,iFromParam,,,1
parameter_4003,iLength,,,2
parameter_4005,iAttributeName,,,1
parameter_4006,iName,,,1
parameter_4007,iName,,,1
parameter_4008,iName,,,1
parameter_4009,iPosition,,,1
parameter_4010,iPosition,,,1
parameter_4011,ioAdminLevel,,,1
parameter_4012,ioLocked,,,2
parameter_4013,iParam,,,1
parameter_4014,iFirst,,,2
parameter_4015,inbCharacter,,,3
parameter_4016,ioAdminLevel,,,1
parameter_4017,ioLocked,,,2
parameter_4018,ioAdminLevel,,,1
parameter_4019,ioLocked,,,2
parameter_4020,iPath,,,1
parameter_4021,iPath,,,1
parameter_4022,iPath,,,1
parameter_4023,ioAdminLevel,,,1
parameter_4024,ioLocked,,,2
parameter_4027,idbTrans,,,2
parameter_4028,index,,,1
parameter_4029,index,,,1
parameter_4030,iProduct,,,1
parameter_4031,ioAdminLevel,,,1
parameter_4032,ioLocked,,,2
parameter_4034,ioAdminLevel,,,1
parameter_4035,ioLocked,,,2
parameter_4036,ioAdminLevel,,,1
parameter_4037,ioLocked,,,2
parameter_4038,iGRR,,,1
parameter_4041,iIndex,,,1
parameter_4043,ioAdminLevel,,,1
parameter_4044,ioLocked,,,2
parameter_4048,See,,,2
parameter_4050,iCoorIdx,,,1
parameter_4051,iI,,,1
parameter_4052,CATGSMAxisInversionMode_None,,,2
parameter_4053,CATGSMAxisInversionMode_X,,,3
parameter_4054,CATGSMAxisInversionMode_Y,,,4
parameter_4055,CATGSMAxisInversionMode_Both,,,5
parameter_4059,ioAdminLevel,,,1
parameter_4060,ioLocked,,,2
parameter_4063,ioAdminLevel,,,1
parameter_4064,ioLocked,,,2
parameter_4065,ioAdminLevel,,,1
parameter_4066,ioLocked,,,2
parameter_4067,ioAdminLevel,,,1
parameter_4068,ioLocked,,,2
parameter_4069,ioAdminLevel,,,1
parameter_4070,ioLocked,,,2
parameter_4071,ioAdminLevel,,,1
parameter_4072,ioLocked,,,2
parameter_4073,ioAdminLevel,,,1
parameter_4074,ioLocked,,,2
parameter_4076,iNum,,,1
parameter_4079,iNum,,,1
parameter_4082,iRelAxis,,,1
parameter_4083,ioNodeLocation,,,2
parameter_4084,iPos,,,1
parameter_4086,iRank,,,1
parameter_4088,iPos,,,1
parameter_4091,iParam,,,1
parameter_4093,iPos,,,1
parameter_4099,iPos,,,1
parameter_4104,ipIAPoint,,,1
parameter_4105,Point,,,2
parameter_4112,iRank,,,2
parameter_4113,iPoint,,,1
parameter_4114,point,,,2
parameter_4116,iI,,,1
parameter_4118,Angle,,,3
parameter_4119,HybridShapeFactory,,,4
parameter_4120,iI,,,1
parameter_4122,iI,,,1
parameter_4124,Length,,,3
parameter_4125,HybridShapeFactory,,,4
parameter_4126,iI,,,1
parameter_4128,iI,,,1
parameter_4130,Reference,,,3
parameter_4131,HybridShapeFactory,,,4
parameter_4132,iI,,,1
parameter_4134,Reference,,,3
parameter_4135,HybridShapeFactory,,,4
parameter_4136,iI,,,1
parameter_4138,iI,,,1
parameter_4140,HybridShapeFactory,,,3
parameter_4141,iI,,,1
parameter_4143,CATGSMAxisInversionMode_None,,,3
parameter_4144,CATGSMAxisInversionMode_X,,,4
parameter_4145,CATGSMAxisInversionMode_Y,,,5
parameter_4146,CATGSMAxisInversionMode_Both,,,6
parameter_4147,iProduct,,,1
parameter_4156,iGRR,,,1
parameter_4158,iRelAxis,,,1
parameter_4161,iI,,,1
parameter_4165,R19,,,1
parameter_4166,AdminLevel,,,2
parameter_4171,ioAdminLevel,,,1
parameter_4172,ioLocked,,,2
parameter_4173,ioAdminLevel,,,1
parameter_4174,ioLocked,,,2
parameter_4175,ioAdminLevel,,,1
parameter_4176,ioLocked,,,2
parameter_4177,ioAdminLevel,,,1
parameter_4178,ioLocked,,,2
parameter_4179,ioAdminLevel,,,1
parameter_4180,ioLocked,,,2
parameter_4181,ioAdminLevel,,,1
parameter_4182,ioLocked,,,2
parameter_4183,ioAdminLevel,,,1
parameter_4184,ioLocked,,,2
parameter_4185,ioAdminLevel,,,1
parameter_4186,ioLocked,,,2
parameter_4187,ioAdminLevel,,,1
parameter_4188,ioLocked,,,2
parameter_4189,ioAdminLevel,,,1
parameter_4190,ioLocked,,,2
parameter_4191,iRank,,,1
parameter_4196,iPrinterGroupName,,,1
parameter_4199,iPrinterDir,,,1
parameter_4202,ioAdminLevel,,,1
parameter_4203,ioLocked,,,2
parameter_4204,ioAdminLevel,,,1
parameter_4205,ioLocked,,,2
parameter_4206,ioAdminLevel,,,1
parameter_4207,ioLocked,,,2
parameter_4208,ioAdminLevel,,,1
parameter_4209,ioLocked,,,2
parameter_4210,ioAdminLevel,,,1
parameter_4211,ioLocked,,,2
parameter_4212,ioAdminLevel,,,1
parameter_4213,ioLocked,,,2
parameter_4214,ioAdminLevel,,,1
parameter_4215,ioLocked,,,2
parameter_4216,ioAdminLevel,,,1
parameter_4217,ioLocked,,,2
parameter_4218,index,,,1
parameter_4220,ioAdminLevel,,,1
parameter_4221,ioLocked,,,2
parameter_4223,iChannel,,,1
parameter_4225,iIndex,,,1
parameter_4227,HRESULT,,,3
parameter_4228,iIndex,,,1
parameter_4229,the,,,2
parameter_4231,iProduct,,,1
parameter_4232,ioMotion,,,2
parameter_4233,Move,,,3
parameter_4234,CATSafeArrayVariant,,,1
parameter_4235,ioAdminLevel,,,1
parameter_4236,ioLocked,,,2
parameter_4237,iInstanceName,,,1
parameter_4239,iProfileType,,,1
parameter_4241,Next,,,3
parameter_4242,system,,,1
parameter_4243,system,,,2
parameter_4244,ioAdminLevel,,,1
parameter_4245,ioLocked,,,2
parameter_4246,ioAdminLevel,,,1
parameter_4247,ioLocked,,,2
parameter_4248,ioAdminLevel,,,1
parameter_4249,ioLocked,,,2
parameter_4250,ioAdminLevel,,,1
parameter_4251,ioLocked,,,2
parameter_4252,ioList,,,1
parameter_4253,ioAdminLevel,,,1
parameter_4254,ioLocked,,,2
parameter_4255,ioAdminLevel,,,1
parameter_4256,ioLocked,,,2
parameter_4257,ioAdminLevel,,,1
parameter_4258,ioLocked,,,2
parameter_4259,iControllerIdentifier,,,1
parameter_4260,iControllerIdentifier,,,2
parameter_4261,ioAdminLevel,,,1
parameter_4262,ioLocked,,,2
parameter_4263,ioAdminLevel,,,1
parameter_4264,ioLocked,,,2
parameter_4265,ioAdminLevel,,,1
parameter_4266,ioLocked,,,2
parameter_4267,ioAdminLevel,,,1
parameter_4268,ioLocked,,,2
parameter_4269,ioAdminLevel,,,1
parameter_4270,ioLocked,,,2
parameter_4271,ioAdminLevel,,,1
parameter_4272,ioLocked,,,2
parameter_4273,ioAdminLevel,,,1
parameter_4274,ioLocked,,,2
parameter_4275,ioAdminLevel,,,1
parameter_4276,ioLocked,,,2
parameter_4277,ioAdminLevel,,,1
parameter_4278,ioLocked,,,2
parameter_4279,ioAdminLevel,,,1
parameter_4280,ioLocked,,,2
parameter_4281,ioAdminLevel,,,1
parameter_4282,ioLocked,,,2
parameter_4283,ioAdminLevel,,,1
parameter_4284,ioLocked,,,2
parameter_4285,ioAdminLevel,,,1
parameter_4286,ioLocked,,,2
parameter_4287,ioAdminLevel,,,1
parameter_4288,ioLocked,,,2
parameter_4289,ioAdminLevel,,,1
parameter_4290,ioLocked,,,2
parameter_4291,ioAdminLevel,,,1
parameter_4292,ioLocked,,,2
parameter_4293,ioAdminLevel,,,1
parameter_4294,ioLocked,,,2
parameter_4295,iI,,,1
parameter_4296,iMacroType,,,1
parameter_4298,ioAdminLevel,,,1
parameter_4299,ioLocked,,,2
parameter_4300,ioAdminLevel,,,1
parameter_4301,ioLocked,,,2
parameter_4306,catVisPropertyDefined,,,5
parameter_4307,catVisPropertyUnDefined,,,6
parameter_4308,iRed,,,1
parameter_4309,iGreen,,,2
parameter_4310,iBlue,,,3
parameter_4311,iInheritance,,,4
parameter_4312,Heritance,,,5
parameter_4313,iPropertyType,,,1
parameter_4315,Heritance,,,3
parameter_4317,catVisPropertyDefined,,,5
parameter_4318,catVisPropertyUnDefined,,,6
parameter_4321,catVisPropertyDefined,,,3
parameter_4322,catVisPropertyUnDefined,,,4
parameter_4325,catVisPropertyDefined,,,3
parameter_4326,catVisPropertyUnDefined,,,4
parameter_4329,catVisPropertyDefined,,,3
parameter_4330,catVisPropertyUnDefined,,,4
parameter_4331,ioAdminLevel,,,1
parameter_4332,ioLocked,,,2
parameter_4333,ioAdminLevel,,,1
parameter_4334,ioLocked,,,2
parameter_4335,iComponent,,,1
parameter_4336,iLabel,,,2
parameter_4337,iLineIndex,,,3
parameter_4338,iColumnIndex,,,4
parameter_4339,iLayerIndex,,,5
parameter_4340,iComponent,,,1
parameter_4341,iLabel,,,2
parameter_4342,iLineIndex,,,3
parameter_4343,iColumnIndex,,,4
parameter_4344,iLayerIndex,,,5
parameter_4345,roll,,,1
parameter_4346,pitch,,,2
parameter_4347,yaw,,,3
parameter_4356,iRelationName,,,1
parameter_4357,iAssignedObject,,,2
parameter_4359,ioAdminLevel,,,1
parameter_4360,ioLocked,,,2
parameter_4361,ioAdminLevel,,,1
parameter_4362,ioLocked,,,2
parameter_4363,ioAdminLevel,,,1
parameter_4364,ioLocked,,,2
parameter_4366,ioRelPath,,,1
parameter_4383,iGeometryType,,,1
parameter_4389,iRank,,,2
parameter_4391,iRank,,,2
parameter_4392,ioAdminLevel,,,1
parameter_4393,ioLocked,,,2
parameter_4394,ioAdminLevel,,,1
parameter_4395,ioLocked,,,2
parameter_4396,ioAdminLevel,,,1
parameter_4397,ioLocked,,,2
parameter_4398,ioAdminLevel,,,1
parameter_4399,ioLocked,,,2
parameter_4400,ioAdminLevel,,,1
parameter_4401,ioLocked,,,2
parameter_4402,ioAdminLevel,,,1
parameter_4403,ioLocked,,,2
parameter_4404,ioAdminLevel,,,1
parameter_4405,ioLocked,,,2
parameter_4406,ioAdminLevel,,,1
parameter_4407,ioLocked,,,2
parameter_4408,ioAdminLevel,,,1
parameter_4409,ioLocked,,,2
parameter_4411,ioAdminLevel,,,1
parameter_4412,ioLocked,,,2
parameter_4414,S_OK,,,2
parameter_4415,E_FAIL,,,3
parameter_4416,ioAdminLevel,,,1
parameter_4417,ioLocked,,,2
parameter_4418,iResourceName,,,1
parameter_4420,iResourceName,,,1
parameter_4421,ioAdminLevel,,,1
parameter_4422,ioLocked,,,2
parameter_4423,iProduct,,,1
parameter_4424,ioAdminLevel,,,1
parameter_4425,ioLocked,,,2
parameter_4427,S_OK,,,2
parameter_4428,E_FAIL,,,3
parameter_4429,doc,,,1
parameter_4432,ioAdminLevel,,,1
parameter_4433,ioLocked,,,2
parameter_4434,ioAdminLevel,,,1
parameter_4435,ioLocked,,,2
parameter_4436,ioAdminLevel,,,1
parameter_4437,ioLocked,,,2
parameter_4438,ioAdminLevel,,,1
parameter_4439,ioLocked,,,2
parameter_4441,iRow,,,1
parameter_4443,iBlendLimit,,,1
parameter_4445,ioAdminLevel,,,1
parameter_4446,ioLocked,,,2
parameter_4447,ioAdminLevel,,,1
parameter_4448,ioLocked,,,2
parameter_4449,ioAdminLevel,,,1
parameter_4450,ioLocked,,,2
parameter_4451,ioAdminLevel,,,1
parameter_4452,ioLocked,,,2
parameter_4453,ioAdminLevel,,,1
parameter_4454,ioLocked,,,2
parameter_4455,ioAdminLevel,,,1
parameter_4456,ioLocked,,,2
parameter_4457,ioAdminLevel,,,1
parameter_4458,ioLocked,,,2
parameter_4459,ioAdminLevel,,,1
parameter_4460,ioLocked,,,2
parameter_4461,ioAdminLevel,,,1
parameter_4462,ioLocked,,,2
parameter_4463,ioAdminLevel,,,1
parameter_4464,ioLocked,,,2
parameter_4465,ioAdminLevel,,,1
parameter_4466,ioLocked,,,2
parameter_4467,ioAdminLevel,,,1
parameter_4468,ioLocked,,,2
parameter_4469,iStiDBItem,,,1
parameter_4470,iStiDBItem,,,1
parameter_4471,ioAdminLevel,,,1
parameter_4472,ioLocked,,,2
parameter_4473,ioAdminLevel,,,1
parameter_4474,ioLocked,,,2
parameter_4475,iChannel,,,1
parameter_4476,iSample,,,2
parameter_4478,iChannel,,,1
parameter_4479,iSample,,,2
parameter_4481,iCollectionName,,,1
parameter_4482,ioAdminLevel,,,1
parameter_4483,ioLocked,,,2
parameter_4484,ioAdminLevel,,,1
parameter_4485,ioLocked,,,2
parameter_4486,ioAdminLevel,,,1
parameter_4487,ioLocked,,,2
parameter_4488,ioAdminLevel,,,1
parameter_4489,ioLocked,,,2
parameter_4490,ioAdminLevel,,,1
parameter_4491,ioLocked,,,2
parameter_4492,ioAdminLevel,,,1
parameter_4493,ioLocked,,,2
parameter_4494,ioAdminLevel,,,1
parameter_4495,ioLocked,,,2
parameter_4496,ioAdminLevel,,,1
parameter_4497,ioLocked,,,2
parameter_4499,ioAdminLevel,,,1
parameter_4500,ioLocked,,,2
parameter_4501,iProduct,,,1
parameter_4503,iDoc,,,1
parameter_4506,iIndex,,,1
parameter_4512,HybridShapeFactory,,,1
parameter_4513,HybridShapeDirection,,,1
parameter_4515,HybridShapeDirection,,,2
parameter_4523,iIdx,,,1
parameter_4525,ioAdminLevel,,,1
parameter_4526,ioLocked,,,2
parameter_4527,iRank,,,1
parameter_4531,R19,,,1
parameter_4532,AdminLevel,,,2
parameter_4535,ioAdminLevel,,,1
parameter_4536,ioLocked,,,2
parameter_4538,inSegName,,,1
parameter_4542,ioAdminLevel,,,1
parameter_4543,ioLocked,,,2
parameter_4544,iShapeName,,,1
parameter_4545,iLoadIfNecessary,,,1
parameter_4546,iShapeName,,,2
parameter_4547,iRepBehavior,,,3
parameter_4548,iContext,,,4
parameter_4549,ioAdminLevel,,,1
parameter_4550,ioLocked,,,2
parameter_4551,ioAdminLevel,,,1
parameter_4552,ioLocked,,,2
parameter_4553,ioAdminLevel,,,1
parameter_4554,ioLocked,,,2
parameter_4555,ioAdminLevel,,,1
parameter_4556,ioLocked,,,2
parameter_4557,ioAdminLevel,,,1
parameter_4558,ioLocked,,,2
parameter_4559,ioAdminLevel,,,1
parameter_4560,ioLocked,,,2
parameter_4563,ioAdminLevel,,,1
parameter_4564,ioLocked,,,2
parameter_4567,ioAdminLevel,,,1
parameter_4568,ioLocked,,,2
parameter_4569,ioAdminLevel,,,1
parameter_4570,ioLocked,,,2
parameter_4571,ioAdminLevel,,,1
parameter_4572,ioLocked,,,2
parameter_4573,iProduct,,,1
parameter_4575,iBHoriz,,,2
parameter_4576,value,,,1
parameter_4580,ioAdminLevel,,,1
parameter_4581,ioLocked,,,2
parameter_4591,iAnyObject,,,1
parameter_4592,CATIAStiDBItem,,,1
parameter_4593,iFullPath,,,2
parameter_4594,iAttrName,,,1
parameter_4595,ioAdminLevel,,,1
parameter_4596,ioLocked,,,2
parameter_4597,iAttributeLabel,,,1
parameter_4598,ioAdminLevel,,,1
parameter_4599,ioLocked,,,2
parameter_4600,ioAdminLevel,,,1
parameter_4601,ioLocked,,,2
parameter_4602,iRank,,,1
parameter_4604,iBlendLimit,,,1
parameter_4607,iPos,,,1
parameter_4616,iProduct,,,1
parameter_4617,AdminLevel,,,1
parameter_4620,ioAdminLevel,,,1
parameter_4621,ioLocked,,,2
parameter_4622,Index,,,1
parameter_4624,Index,,,1
parameter_4626,Index,,,1
parameter_4630,iWeld,,,1
parameter_4634,catVisPropertyDefined,,,3
parameter_4635,catVisPropertiesUnDefined,,,4
parameter_4642,ioAdminLevel,,,1
parameter_4643,ioLocked,,,2
parameter_4644,ioAdminLevel,,,1
parameter_4645,ioLocked,,,2
parameter_4647,index,,,1
parameter_4649,Next,,,3
parameter_4650,ioTagList,,,1
parameter_4652,S_OK,,,2
parameter_4653,E_FAIL,,,3
parameter_4658,iParam,,,1
parameter_4660,iPos,,,1
parameter_4663,poTargetLineCoord,,,1
parameter_4664,poTargetLineCoord,,,1
parameter_4665,poTargetPtCoord,,,1
parameter_4666,index,,,1
parameter_4667,S_OK,,,2
parameter_4668,E_FAIL,,,3
parameter_4669,iTaskName,,,1
parameter_4671,S_OK,,,3
parameter_4672,E_FAIL,,,4
parameter_4673,iStiDBItem,,,1
parameter_4674,ioAdminLevel,,,1
parameter_4675,ioLocked,,,2
parameter_4676,iApplicationType,,,1
parameter_4677,iApplicationType,,,1
parameter_4678,iApplicationType,,,1
parameter_4680,iApplicationType,,,1
parameter_4681,iApplicationType,,,1
parameter_4683,iApplicationType,,,1
parameter_4685,iApplicationType,,,1
parameter_4687,iApplicationType,,,1
parameter_4689,iApplicationType,,,1
parameter_4693,ioAdminLevel,,,1
parameter_4694,ioLocked,,,2
parameter_4695,iAttrName,,,1
parameter_4697,S_OK,,,3
parameter_4698,iAttrName,,,1
parameter_4700,S_OK,,,3
parameter_4701,iAttrName,,,1
parameter_4703,S_OK,,,3
parameter_4704,iAttrName,,,1
parameter_4706,S_OK,,,3
parameter_4707,iBlendLimit,,,1
parameter_4708,iRank,,,2
parameter_4709,iBlendLimit,,,1
parameter_4710,ioAdminLevel,,,1
parameter_4711,ioLocked,,,2
parameter_4712,ioAdminLevel,,,1
parameter_4713,ioLocked,,,2
parameter_4714,iField,,,1
parameter_4715,iStart,,,1
parameter_4716,iEnd,,,2
parameter_4717,iRep,,,1
parameter_4719,ioAdminLevel,,,1
parameter_4720,ioLocked,,,2
parameter_4723,ioAdminLevel,,,1
parameter_4724,ioLocked,,,2
parameter_4738,S_OK,,,2
parameter_4739,E_FAIL,,,3
parameter_4740,name,,,1
parameter_4741,profile,,,2
parameter_4742,count,,,1
parameter_4743,profiles,,,1
parameter_4744,ioAdminLevel,,,1
parameter_4745,ioLocked,,,2
parameter_4746,ioAdminLevel,,,1
parameter_4747,ioLocked,,,2
parameter_4748,ioAdminLevel,,,1
parameter_4749,ioLocked,,,2
parameter_4750,ioAdminLevel,,,1
parameter_4751,ioLocked,,,2
parameter_4752,ioAdminLevel,,,1
parameter_4753,ioLocked,,,2
parameter_4754,ioAdminLevel,,,1
parameter_4755,ioLocked,,,2
parameter_4756,ioAdminLevel,,,1
parameter_4757,ioLocked,,,2
parameter_4758,ioAdminLevel,,,1
parameter_4759,ioLocked,,,2
parameter_4760,ioAdminLevel,,,1
parameter_4761,ioLocked,,,2
parameter_4762,ioAdminLevel,,,1
parameter_4763,ioLocked,,,2
parameter_4764,ioAdminLevel,,,1
parameter_4765,ioLocked,,,2
parameter_4766,ioAdminLevel,,,1
parameter_4767,ioLocked,,,2
parameter_4768,ioAdminLevel,,,1
parameter_4769,ioLocked,,,2
parameter_4770,ioAdminLevel,,,1
parameter_4771,ioLocked,,,2
parameter_4772,iGRRCntr,,,1
parameter_4775,iBlendLimit,,,1
parameter_4776,ioAdminLevel,,,1
parameter_4777,ioLocked,,,2
parameter_4779,ioAdminLevel,,,1
parameter_4780,ioLocked,,,2
parameter_4781,ioAdminLevel,,,1
parameter_4782,ioLocked,,,2
parameter_4783,iBlendLimit,,,1
parameter_4784,ioAdminLevel,,,1
parameter_4785,ioLocked,,,2
parameter_4786,ioAdminLevel,,,1
parameter_4787,ioLocked,,,2
parameter_4788,ioAdminLevel,,,1
parameter_4789,ioLocked,,,2
parameter_4791,S_OK,,,2
parameter_4792,E_FAIL,,,3
parameter_4794,Custom,,,2
parameter_4796,iRep,,,1
parameter_4798,iAttributeName,,,1
parameter_4800,ioAdminLevel,,,1
parameter_4801,ioLocked,,,2
parameter_4802,ioAdminLevel,,,1
parameter_4803,ioLocked,,,2
parameter_4804,ioAdminLevel,,,1
parameter_4805,ioLocked,,,2
parameter_4806,ioAdminLevel,,,1
parameter_4807,ioLocked,,,2
parameter_4808,ioAdminLevel,,,1
parameter_4809,ioLocked,,,2
parameter_4810,ioAdminLevel,,,1
parameter_4811,ioLocked,,,2
parameter_4812,ioAdminLevel,,,1
parameter_4813,ioLocked,,,2
parameter_4814,ioAdminLevel,,,1
parameter_4815,ioLocked,,,2
parameter_4816,ioAdminLevel,,,1
parameter_4817,ioLocked,,,2
parameter_4818,ioAdminLevel,,,1
parameter_4819,ioLocked,,,2
parameter_4820,ioAdminLevel,,,1
parameter_4821,ioLocked,,,2
parameter_4822,ioAdminLevel,,,1
parameter_4823,ioLocked,,,2
parameter_4825,iRelAxis,,,1
parameter_4827,ioAdminLevel,,,1
parameter_4828,ioLocked,,,2
parameter_4829,ioAdminLevel,,,1
parameter_4830,ioLocked,,,2
parameter_4831,ioAdminLevel,,,1
parameter_4832,ioLocked,,,2
parameter_4833,ioAdminLevel,,,1
parameter_4834,ioLocked,,,2
parameter_4835,ioAdminLevel,,,1
parameter_4836,ioLocked,,,2
parameter_4837,ioAdminLevel,,,1
parameter_4838,ioLocked,,,2
parameter_4839,ioAdminLevel,,,1
parameter_4840,ioLocked,,,2
parameter_4841,iProfileType,,,1
parameter_4843,S_OK,,,3
parameter_4844,E_FAIL,,,4
parameter_4845,ioAdminLevel,,,1
parameter_4846,ioLocked,,,2
parameter_4847,iLabel,,,1
parameter_4848,iLineIndex,,,2
parameter_4849,iColumnIndex,,,3
parameter_4850,iLayerIndex,,,4
parameter_4851,iComponent,,,1
parameter_4852,iLabel,,,2
parameter_4853,iLineIndex,,,3
parameter_4854,iColumnIndex,,,4
parameter_4855,iLayerIndex,,,5
parameter_4856,iComponent,,,1
parameter_4857,iLabel,,,2
parameter_4858,iLineIndex,,,3
parameter_4859,iColumnIndex,,,4
parameter_4860,iLayerIndex,,,5
parameter_4861,ioAdminLevel,,,1
parameter_4862,ioLocked,,,2
parameter_4865,ioAdminLevel,,,1
parameter_4866,ioLocked,,,2
parameter_4867,ioAdminLevel,,,1
parameter_4868,ioLocked,,,2
parameter_4870,index,,,1
parameter_4871,S_OK,,,2
parameter_4872,E_FAIL,,,3
parameter_4873,AdminLevel,,,1
parameter_4876,AdminLevel,,,1
parameter_4879,ioAdminLevel,,,1
parameter_4880,ioLocked,,,2
parameter_4881,ioAdminLevel,,,1
parameter_4882,ioLocked,,,2
parameter_4883,ioAdminLevel,,,1
parameter_4884,ioLocked,,,2
parameter_4885,ioAdminLevel,,,1
parameter_4886,ioLocked,,,2
parameter_4887,ioAdminLevel,,,1
parameter_4888,ioLocked,,,2
parameter_4889,ioAdminLevel,,,1
parameter_4890,ioLocked,,,2
parameter_4891,ioAdminLevel,,,1
parameter_4892,ioLocked,,,2
parameter_4893,ioAdminLevel,,,1
parameter_4894,ioLocked,,,2
parameter_4895,ioAdminLevel,,,1
parameter_4896,ioLocked,,,2
parameter_4897,iRep,,,1
parameter_4899,iIndex,,,1
parameter_4905,catVisPropertyDefined,,,5
parameter_4906,catVisPropertyUnDefined,,,6
parameter_4907,iPropertyType,,,1
parameter_4910,catVisPropertyDefined,,,4
parameter_4911,catVisPropertyUnDefined,,,5
parameter_4914,catVisPropertyDefined,,,3
parameter_4915,catVisPropertyUnDefined,,,4
parameter_4918,catVisPropertyDefined,,,3
parameter_4919,catVisPropertyUnDefined,,,4
parameter_4922,catVisPropertyDefined,,,3
parameter_4923,catVisPropertyUnDefined,,,4
parameter_4924,ioAdminLevel,,,1
parameter_4925,ioLocked,,,2
parameter_4926,ioAdminLevel,,,1
parameter_4927,ioLocked,,,2
parameter_4928,iProduct,,,1
parameter_4929,ioAdminLevel,,,1
parameter_4930,ioLocked,,,2
parameter_4931,ioAdminLevel,,,1
parameter_4932,ioLocked,,,2
parameter_4933,ioAdminLevel,,,1
parameter_4934,ioLocked,,,2
parameter_4935,ioAdminLevel,,,1
parameter_4936,ioLocked,,,2
parameter_4937,iNumPoints,,,1
parameter_4938,adPoints,,,2
parameter_4939,ioAdminLevel,,,1
parameter_4940,ioLocked,,,2
parameter_4941,ioAdminLevel,,,1
parameter_4942,ioLocked,,,2
parameter_4944,iProduct,,,1
parameter_4945,ioAdminLevel,,,1
parameter_4946,ioLocked,,,2
parameter_4947,ioAdminLevel,,,1
parameter_4948,ioLocked,,,2
parameter_4949,ioAdminLevel,,,1
parameter_4950,ioLocked,,,2
parameter_4951,AdminLevel,,,1
parameter_4954,workbenchName,,,1
parameter_4955,document,,,2
parameter_4960,ioXYZ,,,1
parameter_4963,ioYPR,,,1
parameter_4969,iProduct,,,1
parameter_4970,name,,,1
parameter_4971,flag,,,2
parameter_4972,name,,,1
parameter_4973,flag,,,2
parameter_4974,name,,,1
parameter_4975,flag,,,2
parameter_4978,iShapeName,,,1
parameter_4979,iRepBehavior,,,2
parameter_4980,iContext,,,3
parameter_4981,name,,,1
parameter_4982,flag,,,2
parameter_4983,iHelpID,,,1
parameter_4984,iRuleSet,,,1
parameter_4985,iForce,,,2
parameter_4986,iFatherCase,,,1
parameter_4987,iFullPath,,,2
parameter_4988,iManager,,,3
parameter_4989,iAxis,,,4
parameter_4990,iFatherCase,,,1
parameter_4991,iFullPath,,,2
parameter_4992,iManager,,,3
parameter_4993,iAxis,,,4
parameter_4994,iPath,,,1
parameter_4995,iForce,,,2
parameter_4996,iRoot,,,1
parameter_4997,iForce,,,2
parameter_4998,iImposedVertex,,,1
parameter_5000,iObject,,,1
parameter_5001,iMessage,,,1
parameter_5004,iPlanarGeometricObject,,,1
parameter_5005,iMessage,,,2
parameter_5009,iMessage,,,1
parameter_5010,iFilterType,,,2
parameter_5011,iObjectSelectionBeforeCommandUsePossibility,,,3
parameter_5012,See,,,4
parameter_5013,iTooltip,,,5
parameter_5014,iTriggeringOnMouseMove,,,6
parameter_5018,loop,,,10
parameter_5019,iPlanarGeometricObject,,,1
parameter_5020,iMessage,,,2
parameter_5021,iFilterType,,,3
parameter_5022,iObjectSelectionBeforeCommandUsePossibility,,,4
parameter_5023,See,,,5
parameter_5024,iTooltip,,,6
parameter_5025,iTriggeringOnMouseMove,,,7
parameter_5030,loop,,,12
parameter_5031,iFormat,,,1
parameter_5032,iFileName,,,2
parameter_5034,iStepType,,,1
parameter_5035,iIndex,,,2
parameter_5036,iActivityType,,,1
parameter_5037,iReferencedActivity,,,2
parameter_5039,iIndex,,,1
parameter_5040,iShot,,,2
parameter_5041,iString,,,1
parameter_5042,iIndex,,,1
parameter_5043,iTag,,,2
parameter_5044,iString,,,1
parameter_5045,iBoundary,,,1
parameter_5046,iPos,,,2
parameter_5047,iCtrlPoint,,,1
parameter_5048,iPosition,,,2
parameter_5049,iPosition,,,1
parameter_5050,iPosition,,,1
parameter_5051,iCouplingIndex,,,1
parameter_5052,iPosition,,,2
parameter_5053,iPoint,,,3
parameter_5054,iCouplingIndex,,,1
parameter_5055,iPosition,,,2
parameter_5056,iPoint,,,3
parameter_5057,iPosition,,,1
parameter_5058,iReferenceCurve,,,2
parameter_5059,iTargetCurve,,,3
parameter_5060,iElem,,,1
parameter_5061,iAngle,,,2
parameter_5062,iPos,,,3
parameter_5063,iPoint,,,1
parameter_5064,iPosition,,,2
parameter_5065,iHybriShape,,,1
parameter_5066,iHybridShape,,,1
parameter_5067,iInsertInfo,,,1
parameter_5070,iPosition,,,1
parameter_5071,iReferenceCurve,,,2
parameter_5072,iType,,,1
parameter_5073,iCrv,,,2
parameter_5074,iOri,,,3
parameter_5076,iPoint,,,5
parameter_5077,iSectionRef,,,6
parameter_5078,iFirst,,,1
parameter_5079,inbCharacter,,,2
parameter_5080,iParameter,,,3
parameter_5081,iFirst,,,1
parameter_5082,ioText,,,2
parameter_5083,iFirst,,,1
parameter_5084,ioText,,,2
parameter_5085,iNOA,,,1
parameter_5086,iSurf,,,2
parameter_5088,iFeature,,,1
parameter_5089,iProduct,,,2
parameter_5090,iPos,,,1
parameter_5095,iChildMA,,,1
parameter_5096,iContourNumber,,,1
parameter_5097,iAttributeName,,,1
parameter_5098,iDevice,,,1
parameter_5099,iIsMounted,,,2
parameter_5100,S_OK,,,3
parameter_5101,E_FAIL,,,4
parameter_5102,iAttributeName,,,1
parameter_5104,iValueToCompare,,,1
parameter_5105,True,,,2
parameter_5106,False,,,3
parameter_5111,iSetup,,,1
parameter_5115,iObject,,,1
parameter_5116,iGRR,,,1
parameter_5118,iParentMA,,,1
parameter_5120,iProductName,,,1
parameter_5122,iName,,,1
parameter_5123,iCompInfo,,,1
parameter_5126,iGRRTarget,,,1
parameter_5127,iCompInfo,,,2
parameter_5130,iRouteCntrClassType,,,1
parameter_5131,iGRRTarget,,,2
parameter_5134,iObject,,,1
parameter_5135,iIndex,,,1
parameter_5136,the,,,2
parameter_5137,iIndex,,,1
parameter_5138,the,,,2
parameter_5139,iIndex,,,1
parameter_5140,iIndex,,,1
parameter_5141,the,,,2
parameter_5142,iIndex,,,1
parameter_5143,iIndex,,,1
parameter_5144,the,,,2
parameter_5145,iIndex,,,1
parameter_5146,the,,,2
parameter_5147,iIndex,,,1
parameter_5148,the,,,2
parameter_5149,iIndex,,,1
parameter_5150,iIndex,,,1
parameter_5151,iIndex,,,1
parameter_5152,the,,,2
parameter_5153,iIndex,,,1
parameter_5154,iIndex,,,1
parameter_5155,the,,,2
parameter_5156,iIndex,,,1
parameter_5157,the,,,2
parameter_5158,iIndex,,,1
parameter_5159,the,,,2
parameter_5160,iIndex,,,1
parameter_5161,iIndex,,,1
parameter_5162,iIndex,,,1
parameter_5163,iIndex,,,1
parameter_5164,the,,,2
parameter_5165,iIndex,,,1
parameter_5166,iIndex,,,1
parameter_5167,iIndex,,,1
parameter_5168,iIndex,,,1
parameter_5169,the,,,2
parameter_5170,iIndex,,,1
parameter_5171,iIndex,,,1
parameter_5172,the,,,2
parameter_5173,iIndex,,,1
parameter_5174,iIndex,,,1
parameter_5175,iIndex,,,1
parameter_5176,iIndex,,,1
parameter_5177,the,,,2
parameter_5178,iIndex,,,1
parameter_5179,iIndex,,,1
parameter_5180,iIndex,,,1
parameter_5181,iIndex,,,1
parameter_5182,iIndex,,,1
parameter_5183,the,,,2
parameter_5184,iIndex,,,1
parameter_5185,the,,,2
parameter_5186,iIndex,,,1
parameter_5187,the,,,2
parameter_5188,iIndex,,,1
parameter_5189,the,,,2
parameter_5190,iIndex,,,1
parameter_5191,the,,,2
parameter_5192,iIndex,,,1
parameter_5193,the,,,2
parameter_5194,iIndex,,,1
parameter_5195,the,,,2
parameter_5196,iIndex,,,1
parameter_5197,iIndex,,,1
parameter_5198,iIndex,,,1
parameter_5199,Next,,,2
parameter_5200,iIndex,,,1
parameter_5201,iIndex,,,1
parameter_5202,the,,,2
parameter_5203,iIndex,,,1
parameter_5204,the,,,2
parameter_5205,iIndex,,,1
parameter_5206,the,,,2
parameter_5207,iIndex,,,1
parameter_5208,the,,,2
parameter_5209,iIndex,,,1
parameter_5210,iIndex,,,1
parameter_5211,the,,,2
parameter_5212,iIndex,,,1
parameter_5213,the,,,2
parameter_5214,iIndex,,,1
parameter_5215,iIndex,,,1
parameter_5216,the,,,2
parameter_5217,iIndex,,,1
parameter_5218,the,,,2
parameter_5219,iSerachType,,,3
parameter_5220,iIdentifier,,,1
parameter_5222,iIndex,,,1
parameter_5223,iIndex,,,1
parameter_5224,iIndex,,,1
parameter_5225,iIndex,,,1
parameter_5226,the,,,2
parameter_5227,iIndex,,,1
parameter_5228,iIndex,,,1
parameter_5229,iIndex,,,1
parameter_5230,iIndex,,,1
parameter_5231,the,,,2
parameter_5232,iIndex,,,1
parameter_5233,the,,,2
parameter_5234,iIndex,,,1
parameter_5235,the,,,2
parameter_5236,iIndex,,,1
parameter_5237,iIndex,,,1
parameter_5238,iIndex,,,1
parameter_5239,iIndex,,,1
parameter_5240,iIndex,,,1
parameter_5241,the,,,2
parameter_5242,iIndex,,,1
parameter_5243,the,,,2
parameter_5244,iIndex,,,1
parameter_5245,iIndex,,,1
parameter_5246,iIndex,,,1
parameter_5247,iIndex,,,1
parameter_5248,iIndex,,,1
parameter_5249,iIndex,,,1
parameter_5250,the,,,2
parameter_5251,iIndex,,,1
parameter_5252,iIndex,,,1
parameter_5253,the,,,2
parameter_5254,iIndex,,,1
parameter_5255,the,,,2
parameter_5256,iIndex,,,1
parameter_5257,iIndex,,,1
parameter_5258,iIndex,,,1
parameter_5259,iIndex,,,1
parameter_5260,the,,,2
parameter_5261,iIndex,,,1
parameter_5262,iIndex,,,1
parameter_5263,the,,,2
parameter_5264,iIndex,,,1
parameter_5265,the,,,2
parameter_5266,iIndex,,,1
parameter_5267,the,,,2
parameter_5268,iIndex,,,1
parameter_5269,iInterfaceName,,,2
parameter_5270,iIndex,,,1
parameter_5271,iIndex,,,1
parameter_5272,iInterfaceName,,,2
parameter_5273,iIndex,,,1
parameter_5274,iIndex,,,1
parameter_5275,iIndex,,,1
parameter_5276,the,,,2
parameter_5277,iIndex,,,1
parameter_5278,iIndex,,,1
parameter_5279,the,,,2
parameter_5280,iIndex,,,1
parameter_5281,the,,,2
parameter_5282,iIndex,,,1
parameter_5283,the,,,2
parameter_5284,iItem,,,1
parameter_5285,iIndex,,,1
parameter_5288,iIndex,,,1
parameter_5289,the,,,2
parameter_5290,iIndex,,,1
parameter_5291,the,,,2
parameter_5292,iIndex,,,1
parameter_5293,the,,,2
parameter_5294,iIndex,,,1
parameter_5295,the,,,2
parameter_5296,iIndex,,,1
parameter_5297,the,,,2
parameter_5298,iIndex,,,1
parameter_5299,iIndex,,,1
parameter_5300,iIndex,,,1
parameter_5301,iIndex,,,1
parameter_5302,the,,,2
parameter_5303,iIndex,,,1
parameter_5304,the,,,2
parameter_5305,iIndex,,,1
parameter_5306,the,,,2
parameter_5307,iIndex,,,1
parameter_5308,the,,,2
parameter_5309,iIndex,,,1
parameter_5310,the,,,2
parameter_5311,iIndex,,,1
parameter_5312,the,,,2
parameter_5313,iIndex,,,1
parameter_5314,iIndex,,,1
parameter_5315,iIndex,,,1
parameter_5316,the,,,2
parameter_5317,iIndex,,,1
parameter_5318,the,,,2
parameter_5319,iIndex,,,1
parameter_5320,the,,,2
parameter_5321,iIndex,,,1
parameter_5322,the,,,2
parameter_5323,iIndex,,,1
parameter_5324,the,,,2
parameter_5325,iIndex,,,1
parameter_5326,the,,,2
parameter_5327,iIndex,,,1
parameter_5329,The,,,3
parameter_5330,iAssignmentType,,,1
parameter_5331,iType,,,1
parameter_5332,iIndex,,,1
parameter_5333,iIndex,,,1
parameter_5334,iIndex,,,1
parameter_5335,iIndex,,,1
parameter_5336,iIndex,,,1
parameter_5337,iKeep,,,1
parameter_5338,iKeep,,,2
parameter_5339,iStiDBItem,,,1
parameter_5340,iStiDBItem,,,1
parameter_5341,iStiDBItem,,,1
parameter_5342,iStiDBItem,,,1
parameter_5343,iStiDBItem,,,1
parameter_5344,iStiDBItem,,,1
parameter_5345,iStiDBItem,,,1
parameter_5348,iSchConnector,,,1
parameter_5349,iIndex,,,1
parameter_5352,iLink,,,1
parameter_5353,Next,,,2
parameter_5354,iDomainID,,,1
parameter_5356,iCurrentProduct,,,1
parameter_5357,iuPartType,,,1
parameter_5358,iuStandard,,,2
parameter_5359,iuCatalogName,,,3
parameter_5362,iuClassFilter,,,1
parameter_5366,iGRROwner,,,1
parameter_5373,iGRR,,,2
parameter_5375,iRelAxis,,,1
parameter_5378,iAttributeName,,,1
parameter_5380,iAttributeName,,,1
parameter_5392,iCurrentProduct,,,1
parameter_5394,iAttributeName,,,1
parameter_5396,iCurrentProduct,,,1
parameter_5399,Nothing,,,1
parameter_5402,iRefPart,,,1
parameter_5403,iCurrentProduct,,,1
parameter_5404,iDomainID,,,2
parameter_5405,iIndex,,,1
parameter_5409,Nothing,,,1
parameter_5412,iIndex,,,1
parameter_5416,iAttributeName,,,1
parameter_5417,iClassType,,,1
parameter_5419,iLoadParameters,,,1
parameter_5420,iCreateDefaultWindow,,,2
parameter_5421,iIsReadOnly,,,3
parameter_5425,iFirstUserSurf,,,1
parameter_5426,iSecondUserSurf,,,2
parameter_5427,iListOfUserSurfaces,,,1
parameter_5429,iFirstRow,,,1
parameter_5430,iNbRowMerge,,,2
parameter_5431,iNbColMerge,,,3
parameter_5432,iPoint,,,1
parameter_5433,iNormal,,,2
parameter_5434,iValue,,,1
parameter_5435,iGuide,,,1
parameter_5436,iNewGuide,,,2
parameter_5437,ipIAGuide,,,1
parameter_5438,ipIANewGuide,,,2
parameter_5439,iNum,,,1
parameter_5440,iX,,,2
parameter_5441,iY,,,3
parameter_5442,iNum,,,1
parameter_5443,iX,,,2
parameter_5444,iY,,,3
parameter_5445,iPrinterGroupName,,,1
parameter_5446,iPrinterNames,,,2
parameter_5447,iPrinterDir,,,1
parameter_5448,iPrinterDirState,,,2
parameter_5449,iSection,,,1
parameter_5450,iNewSection,,,2
parameter_5454,ipIASection,,,1
parameter_5455,ipIANewSection,,,2
parameter_5456,iSection,,,1
parameter_5457,iOrient,,,2
parameter_5458,iSplittingElement,,,1
parameter_5459,iSplittingElemComp,,,2
parameter_5460,iUrl,,,1
parameter_5461,iIndex,,,2
parameter_5462,iUrl,,,1
parameter_5463,iIndex,,,2
parameter_5464,iDevice,,,1
parameter_5465,iToolProfileName,,,2
parameter_5466,iMountOffset,,,3
parameter_5467,iToolMobility,,,4
parameter_5468,iToolTag,,,5
parameter_5469,iBaseTag,,,6
parameter_5470,S_OK,,,7
parameter_5471,E_FAIL,,,8
parameter_5472,iTransfo,,,1
parameter_5473,iDeltaX,,,1
parameter_5474,ideltaY,,,2
parameter_5475,SubPart,,,1
parameter_5476,DimAngleBehavior,,,2
parameter_5477,The,,,1
parameter_5478,iPartType,,,1
parameter_5479,iPartNumber,,,2
parameter_5482,iGRR,,,1
parameter_5483,iBranchClassType,,,2
parameter_5485,iGRR,,,1
parameter_5487,iGRR,,,1
parameter_5489,iGRRCntr,,,1
parameter_5491,iGRR,,,1
parameter_5493,iGRR,,,1
parameter_5495,iGRR,,,1
parameter_5499,iGRR,,,1
parameter_5501,iGRR,,,1
parameter_5503,iGRR,,,1
parameter_5505,iGRR,,,1
parameter_5507,iGRR,,,1
parameter_5509,iGRR,,,1
parameter_5511,iFileName,,,1
parameter_5512,iGRR,,,1
parameter_5514,iGRR,,,1
parameter_5515,iDoc,,,2
parameter_5517,iPlaceInfo,,,1
parameter_5519,iGRR,,,1
parameter_5520,iObjectToConnect,,,2
parameter_5522,iGRR,,,1
parameter_5523,iObjectToConnect,,,2
parameter_5524,iDoc,,,3
parameter_5526,iuStandard,,,1
parameter_5527,iuFunctionType,,,2
parameter_5528,ipiReferencePart,,,3
parameter_5529,ipiParentProduct,,,4
parameter_5530,ipiLogicalLine,,,5
parameter_5531,iuPlacedPartID,,,6
parameter_5532,iUpDirection,,,7
parameter_5533,iHorizontalOrientation,,,8
parameter_5534,iPosition,,,9
parameter_5535,iNewSchObject,,,1
parameter_5536,iString,,,1
parameter_5537,iFileType,,,1
parameter_5538,iFile,,,2
parameter_5539,iProduct,,,3
parameter_5540,iRenderingMode,,,1
parameter_5541,fileName,,,1
parameter_5542,fileName,,,1
parameter_5543,fileName,,,1
parameter_5544,iRenderingMode,,,2
parameter_5545,fileName,,,1
parameter_5546,iColorIndex,,,1
parameter_5547,i3DTextureColor,,,2
parameter_5548,iColorIndex,,,1
parameter_5549,i3DTextureOrientation,,,1
parameter_5550,i3DTexturePosition,,,1
parameter_5551,i3DTextureScale,,,1
parameter_5553,iBackFaceCullingMode,,,1
parameter_5554,S_OK,,,2
parameter_5555,E_FAIL,,,3
parameter_5556,iCmdValues,,,1
parameter_5557,iCmdValues,,,1
parameter_5558,inbSteps,,,2
parameter_5561,iDirection,,,1
parameter_5562,HybridShapeFactory,,,2
parameter_5563,HybridShapeFactory,,,1
parameter_5564,iName,,,1
parameter_5565,iInput,,,2
parameter_5566,iName,,,1
parameter_5567,iInput,,,2
parameter_5568,iName,,,1
parameter_5569,iInput,,,2
parameter_5570,iName,,,1
parameter_5571,iInput,,,2
parameter_5572,iName,,,1
parameter_5573,iInput,,,2
parameter_5574,iBottom,,,1
parameter_5575,iUp,,,2
parameter_5576,iPath,,,1
parameter_5577,HybridShapeFactory,,,1
parameter_5578,iOrigin,,,1
parameter_5579,pName,,,1
parameter_5581,iNormal,,,1
parameter_5582,iNormal,,,1
parameter_5583,iRelPath,,,1
parameter_5584,HybridShapeFactory,,,1
parameter_5585,iSelSetName,,,1
parameter_5587,iTransparencyColor,,,1
parameter_5588,iVectorX,,,1
parameter_5589,iVectorY,,,2
parameter_5590,iXAxis,,,1
parameter_5591,iYAxis,,,1
parameter_5592,iZAxis,,,1
parameter_5593,iGRR,,,1
parameter_5602,iDevice,,,1
parameter_5603,S_OK,,,2
parameter_5604,E_FAIL,,,3
parameter_5605,iFileName,,,1
parameter_5606,iNumOfChar,,,1
parameter_5607,iIndex,,,1
parameter_5608,the,,,2
parameter_5609,iIndex,,,1
parameter_5610,iScene,,,1
parameter_5611,iIndex,,,1
parameter_5612,Nothing,,,2
parameter_5613,iIndex,,,1
parameter_5614,iIndex,,,1
parameter_5615,iIndex,,,1
parameter_5616,the,,,2
parameter_5617,iIndex,,,1
parameter_5618,iProduct,,,1
parameter_5619,iIndex,,,1
parameter_5620,iIndex,,,1
parameter_5621,iIndex,,,1
parameter_5622,iIndex,,,1
parameter_5623,iIndex,,,1
parameter_5624,iIndex,,,1
parameter_5625,the,,,2
parameter_5626,iIndex,,,1
parameter_5627,Nothing,,,2
parameter_5628,iIndex,,,1
parameter_5629,iIndex,,,1
parameter_5630,iIndex,,,1
parameter_5631,iIndex,,,1
parameter_5632,the,,,2
parameter_5633,iIndex,,,1
parameter_5634,iIndex,,,1
parameter_5635,the,,,2
parameter_5636,iIndex,,,1
parameter_5637,the,,,2
parameter_5638,iIndex,,,1
parameter_5639,Nothing,,,2
parameter_5640,iIndex,,,1
parameter_5641,the,,,2
parameter_5642,iIndex,,,1
parameter_5643,iIndex,,,1
parameter_5644,iIndex,,,1
parameter_5645,the,,,2
parameter_5646,iIndex,,,1
parameter_5647,the,,,2
parameter_5648,iIndex,,,1
parameter_5649,iIndex,,,1
parameter_5650,the,,,2
parameter_5651,iIndex,,,1
parameter_5652,the,,,2
parameter_5653,iIdentifier,,,1
parameter_5654,iIndex,,,1
parameter_5655,iIndex,,,1
parameter_5656,iIndex,,,1
parameter_5657,the,,,2
parameter_5658,iIndex,,,1
parameter_5659,iIndex,,,1
parameter_5660,iScene,,,1
parameter_5661,iIndex,,,1
parameter_5662,the,,,2
parameter_5663,iIndex,,,1
parameter_5664,the,,,2
parameter_5665,iIndex,,,1
parameter_5666,iIndex,,,1
parameter_5667,iIndex,,,1
parameter_5668,the,,,2
parameter_5669,iIndex,,,1
parameter_5670,iIndex,,,1
parameter_5671,iIndex,,,1
parameter_5672,iIndex,,,1
parameter_5673,iIndex,,,1
parameter_5674,iIndex,,,1
parameter_5675,iIndex,,,1
parameter_5676,the,,,2
parameter_5677,iIndex,,,1
parameter_5678,the,,,2
parameter_5679,iIndex,,,1
parameter_5680,iIndex,,,1
parameter_5681,the,,,2
parameter_5682,iIndex,,,1
parameter_5683,iIndex,,,1
parameter_5684,the,,,2
parameter_5685,iIndex,,,1
parameter_5686,the,,,2
parameter_5687,iIndex,,,1
parameter_5688,Nothing,,,2
parameter_5689,iIndex,,,1
parameter_5690,the,,,2
parameter_5691,iAction,,,1
parameter_5692,iIndex,,,1
parameter_5693,iIndex,,,1
parameter_5694,the,,,2
parameter_5695,iIndex,,,1
parameter_5696,the,,,2
parameter_5697,iIndex,,,1
parameter_5698,the,,,2
parameter_5699,iAttachment,,,1
parameter_5700,iIndex,,,1
parameter_5701,the,,,2
parameter_5702,iIndex,,,1
parameter_5703,the,,,2
parameter_5704,iIndex,,,1
parameter_5705,the,,,2
parameter_5706,iIndex,,,1
parameter_5707,iIndex,,,1
parameter_5708,the,,,2
parameter_5709,iIndex,,,1
parameter_5710,the,,,2
parameter_5711,iIndex,,,1
parameter_5712,the,,,2
parameter_5713,iIndex,,,1
parameter_5714,the,,,2
parameter_5715,iIndex,,,1
parameter_5716,name,,,1
parameter_5717,iComponent,,,1
parameter_5718,iStyle,,,1
parameter_5719,iGeometryType,,,1
parameter_5720,iGRRToBeRemoved,,,1
parameter_5721,iSheetColumn,,,1
parameter_5722,Name,,,1
parameter_5723,iIndex,,,1
parameter_5724,iPosition,,,1
parameter_5725,iPos,,,1
parameter_5726,iZoneBndy,,,1
parameter_5727,iItem,,,1
parameter_5728,iAssignmentType,,,2
parameter_5729,iResource,,,1
parameter_5730,iAssignmentType,,,2
parameter_5731,iIndex,,,1
parameter_5732,iIndex,,,1
parameter_5733,iIndex,,,1
parameter_5734,iIndex,,,1
parameter_5735,iIndex,,,1
parameter_5736,iIndex,,,1
parameter_5737,iIndex,,,1
parameter_5738,iIndex,,,1
parameter_5739,iCol,,,1
parameter_5740,iCntrToRemove,,,1
parameter_5741,iGRR,,,2
parameter_5742,iCntrToRemove,,,1
parameter_5743,iPos,,,1
parameter_5744,piConstraint,,,1
parameter_5745,iIndex,,,1
parameter_5746,iPos,,,1
parameter_5747,iPos,,,1
parameter_5748,iPos,,,1
parameter_5749,iPosition,,,1
parameter_5750,iElem,,,1
parameter_5751,iDLName,,,1
parameter_5752,iDof,,,1
parameter_5753,U1_DOF,,,2
parameter_5754,U2_DOF,,,3
parameter_5755,U3_DOF,,,4
parameter_5756,UR1_DOF,,,5
parameter_5757,UR2_DOF,,,6
parameter_5758,UR3_DOF,,,7
parameter_5759,iPos,,,1
parameter_5760,iViewToRemove,,,1
parameter_5761,iGeometricFeature,,,1
parameter_5762,iFTA,,,2
parameter_5763,iOperation,,,3
parameter_5764,iType,,,4
parameter_5765,iFTA,,,1
parameter_5766,iOperation,,,2
parameter_5767,iType,,,3
parameter_5768,iPosition,,,1
parameter_5769,iRank,,,1
parameter_5770,iRank,,,1
parameter_5771,iPosition,,,1
parameter_5772,iRank,,,1
parameter_5773,iPosition,,,1
parameter_5774,Position,,,1
parameter_5775,iRank,,,1
parameter_5776,iRank,,,1
parameter_5777,iRank,,,1
parameter_5778,iRank,,,1
parameter_5779,iIndex,,,1
parameter_5780,iAppExtendedObj,,,1
parameter_5781,iExtensionType,,,2
parameter_5782,iSection,,,1
parameter_5783,iFace,,,1
parameter_5784,iFace,,,1
parameter_5785,iFaceToRemove,,,1
parameter_5786,iFaceToRemove,,,1
parameter_5787,iRank,,,1
parameter_5788,iFile,,,1
parameter_5789,iFilterName,,,1
parameter_5790,iIndex,,,1
parameter_5791,the,,,2
parameter_5792,iName,,,1
parameter_5793,iIndex,,,1
parameter_5794,iCurve,,,1
parameter_5795,iPoint,,,1
parameter_5796,iGRRToRemove,,,1
parameter_5797,iGRRToRemove,,,1
parameter_5798,iGRRToRemove,,,1
parameter_5799,iGRRToRemove,,,1
parameter_5800,iGuide,,,1
parameter_5801,iGuide,,,1
parameter_5802,iInternalFlowToRemove,,,1
parameter_5803,iIndex,,,1
parameter_5804,iNum,,,1
parameter_5805,iNum,,,1
parameter_5806,iSecondActivity,,,1
parameter_5807,iMachinableGeometry,,,1
parameter_5808,iGroupable,,,1
parameter_5809,iCntbleToRemove,,,1
parameter_5810,iMfgAssembly,,,1
parameter_5811,name,,,1
parameter_5812,iGeometryType,,,1
parameter_5813,name,,,1
parameter_5814,iIndex,,,1
parameter_5815,iIndex,,,1
parameter_5816,iItem,,,1
parameter_5817,iIndex,,,1
parameter_5818,TCPPath,,,1
parameter_5819,iNum,,,1
parameter_5820,iNum,,,1
parameter_5821,iSpecPoint,,,1
parameter_5822,iIndex,,,1
parameter_5823,iGRR,,,1
parameter_5824,iNumOfPtsToRemove,,,2
parameter_5825,iAfterWhichPtNum,,,3
parameter_5826,iNumOfPtsToRemove,,,1
parameter_5827,iAfterWhichPtNum,,,2
parameter_5828,iPosition,,,1
parameter_5829,iPrinterDir,,,1
parameter_5830,iPrinterGroupName,,,1
parameter_5831,iIndex,,,1
parameter_5832,the,,,2
parameter_5833,iGeometryType,,,1
parameter_5834,iRootFacts,,,1
parameter_5835,iRow,,,1
parameter_5836,iChannel,,,1
parameter_5837,iSample,,,2
parameter_5838,iSection,,,1
parameter_5839,iSection,,,1
parameter_5840,iSection,,,1
parameter_5841,iSection,,,1
parameter_5842,iShapeName,,,1
parameter_5843,iRepBehavior,,,2
parameter_5844,iContext,,,3
parameter_5845,iRank,,,1
parameter_5846,iPos,,,1
parameter_5847,iPos,,,1
parameter_5848,iPos,,,1
parameter_5849,name,,,1
parameter_5850,iIndex,,,1
parameter_5851,iIndex,,,1
parameter_5852,iName,,,1
parameter_5853,iName,,,1
parameter_5854,iDLName,,,1
parameter_5855,iNewName,,,2
parameter_5856,iOldSelSetName,,,1
parameter_5857,iNewSelSetName,,,2
parameter_5858,iTagGroup,,,1
parameter_5859,ioProduct,,,2
parameter_5860,iModifyReference,,,3
parameter_5861,iGRRToBePlaced,,,1
parameter_5862,iSchCompToBeRemoved,,,2
parameter_5864,iBoundary,,,1
parameter_5865,iPos,,,2
parameter_5866,iDirectory,,,1
parameter_5867,iPrefix,,,2
parameter_5868,iOldComponent,,,1
parameter_5869,iFilePath,,,2
parameter_5871,iPos,,,1
parameter_5872,iConstraint,,,2
parameter_5873,iPos,,,1
parameter_5874,iElement,,,2
parameter_5875,iPoint,,,1
parameter_5876,iPosition,,,2
parameter_5877,iExtractToReplace,,,1
parameter_5878,iNewExtract,,,2
parameter_5879,iPos,,,3
parameter_5881,Point,,,2
parameter_5882,iPos,,,3
parameter_5884,point,,,2
parameter_5885,iPos,,,3
parameter_5886,iOldComponent,,,1
parameter_5887,iNewReference,,,2
parameter_5889,iSupport,,,1
parameter_5890,iPos,,,2
parameter_5891,iIndex,,,1
parameter_5892,iNewHeal,,,2
parameter_5893,reallyStartBrowser,,,1
parameter_5894,iCommand,,,1
parameter_5895,iAttributeName,,,1
parameter_5896,bSetting,,,1
parameter_5897,iAttList,,,1
parameter_5898,iGRR,,,1
parameter_5899,iRouteCntr,,,2
parameter_5900,iDb2DeltaXY,,,3
parameter_5901,iERouteMode,,,1
parameter_5902,iGRR,,,2
parameter_5903,iRouteCntr,,,3
parameter_5904,iDb2PtToMoveCntrTo,,,4
parameter_5905,iAttrMask,,,1
parameter_5906,S_OK,,,2
parameter_5907,E_FAIL,,,3
parameter_5908,iProductLists,,,1
parameter_5909,iAttrMask,,,2
parameter_5910,S_OK,,,3
parameter_5911,E_FAIL,,,4
parameter_5912,iIndex,,,1
parameter_5913,the,,,2
parameter_5914,iNameBSTR,,,1
parameter_5917,iIndex,,,1
parameter_5918,Index,,,2
parameter_5920,Next,,,4
parameter_5921,iDb1RotationAngleInRadian,,,1
parameter_5922,iDeltaAngle,,,1
parameter_5923,iDb1RotationAngleInRadian,,,1
parameter_5924,iDb2CenterPoint,,,2
parameter_5925,iuStandard,,,1
parameter_5926,iuFunctionType,,,2
parameter_5927,ipiReferencePart,,,3
parameter_5928,ipiParentProduct,,,4
parameter_5929,ipiLogicalLine,,,5
parameter_5930,iuPlacedPartID,,,6
parameter_5931,iFirstPointUpDirection,,,7
parameter_5932,ipiListPoints,,,8
parameter_5933,iListBendRadii,,,9
parameter_5934,iData,,,1
parameter_5935,Transition,,,1
parameter_5936,iKeepFace,,,1
parameter_5937,iRemoveFace,,,1
parameter_5938,iStiDBItem,,,1
parameter_5939,fileName,,,1
parameter_5940,iDirectory,,,1
parameter_5941,iPrefix,,,2
parameter_5942,iData,,,3
parameter_5943,iCache,,,4
parameter_5944,iAttrMask,,,1
parameter_5945,S_OK,,,2
parameter_5946,E_FAIL,,,3
parameter_5947,iProductLists,,,1
parameter_5948,iAttrMask,,,2
parameter_5949,S_OK,,,3
parameter_5950,E_FAIL,,,4
parameter_5951,iDetailingName,,,1
parameter_5952,iOverwriteDetailing,,,2
parameter_5955,iDbScaleFactor,,,1
parameter_5956,iDbScaleFactor,,,1
parameter_5957,iLCntblToScale,,,1
parameter_5959,BehaviorName,,,1
parameter_5960,iFilterType,,,1
parameter_5961,iMessage,,,2
parameter_5962,iObjectSelectionBeforeCommandUsePossibility,,,3
parameter_5964,next,,,5
parameter_5965,next,,,6
parameter_5966,else,,,7
parameter_5967,next,,,8
parameter_5968,else,,,9
parameter_5969,next,,,10
parameter_5970,else,,,11
parameter_5971,else,,,12
parameter_5972,next,,,13
parameter_5973,else,,,14
parameter_5974,loop,,,15
parameter_5975,loop,,,16
parameter_5976,loop,,,17
parameter_5977,loop,,,18
parameter_5978,iFilterType,,,1
parameter_5979,iMessage,,,2
parameter_5980,iObjectSelectionBeforeCommandUsePossibility,,,3
parameter_5981,See,,,4
parameter_5982,iMultiSelectionMode,,,5
parameter_5983,iTooltip,,,6
parameter_5985,next,,,8
parameter_5986,next,,,9
parameter_5987,next,,,10
parameter_5988,iFilterType,,,1
parameter_5989,iActiveDocumentMessage,,,2
parameter_5990,iNonActiveDocumentMessage,,,3
parameter_5991,iTooltip,,,4
parameter_5993,next,,,6
parameter_5994,next,,,7
parameter_5995,else,,,8
parameter_5996,else,,,9
parameter_5997,iLocked,,,1
parameter_5998,iLocked,,,1
parameter_5999,iPosition,,,1
parameter_6001,iLocked,,,1
parameter_6002,iLocked,,,1
parameter_6003,value,,,1
parameter_6004,iAccuracyProfile,,,1
parameter_6005,S_OK,,,2
parameter_6006,E_FAIL,,,3
parameter_6007,accurancy,,,1
parameter_6008,value,,,1
parameter_6009,iLocked,,,1
parameter_6010,iActivationStatus,,,1
parameter_6011,iResource,,,1
parameter_6012,iTask,,,2
parameter_6013,S_OK,,,3
parameter_6014,E_FAIL,,,4
parameter_6015,iSymbol,,,1
parameter_6016,iWeld,,,2
parameter_6017,iGRR,,,1
parameter_6018,iDb2AlignVector,,,2
parameter_6019,iAlignCntr,,,1
parameter_6020,ieAlignType,,,2
parameter_6021,iRelAxis,,,1
parameter_6022,iAlignmentDirection,,,2
parameter_6023,iLocked,,,1
parameter_6024,iLocked,,,1
parameter_6025,iLocked,,,1
parameter_6026,iLocked,,,1
parameter_6027,R19,,,1
parameter_6028,iLocked,,,2
parameter_6029,iLocked,,,1
parameter_6030,iLocked,,,1
parameter_6031,iLocked,,,1
parameter_6032,iLocked,,,1
parameter_6033,iLocked,,,1
parameter_6034,iI,,,1
parameter_6035,iElem,,,2
parameter_6036,iI,,,1
parameter_6037,iElem,,,2
parameter_6038,iFirstType,,,1
parameter_6039,iSecondType,,,2
parameter_6040,iLocked,,,1
parameter_6041,iLocked,,,1
parameter_6042,iLocked,,,1
parameter_6043,iI,,,1
parameter_6044,iElem,,,2
parameter_6045,HybridShapeFactory,,,3
parameter_6046,iLocked,,,1
parameter_6047,value,,,1
parameter_6048,iStartAng,,,1
parameter_6049,iEndAng,,,2
parameter_6050,iLawType,,,3
parameter_6051,value,,,1
parameter_6052,iValue,,,1
parameter_6053,iValue,,,1
parameter_6054,iLocked,,,1
parameter_6055,iLocked,,,1
parameter_6056,iLocked,,,1
parameter_6057,iLocked,,,1
parameter_6058,iLocked,,,1
parameter_6059,iLocked,,,1
parameter_6060,iLocked,,,1
parameter_6061,iLocked,,,1
parameter_6062,iLocked,,,1
parameter_6063,iLocked,,,1
parameter_6064,iLocked,,,1
parameter_6065,iLocked,,,1
parameter_6066,iLocked,,,1
parameter_6067,iLocked,,,1
parameter_6068,ioAdminLevel,,,1
parameter_6069,ioLocked,,,2
parameter_6070,iLocked,,,1
parameter_6071,iLocked,,,1
parameter_6072,iLocked,,,1
parameter_6073,iLocked,,,1
parameter_6074,iLocked,,,1
parameter_6075,R19,,,1
parameter_6076,iLocked,,,2
parameter_6077,iLocked,,,1
parameter_6078,iLocked,,,1
parameter_6079,iLocked,,,1
parameter_6080,iLocked,,,1
parameter_6081,iLocked,,,1
parameter_6082,in,,,1
parameter_6083,iGRR,,,1
parameter_6084,iSegNum,,,2
parameter_6085,iLocked,,,1
parameter_6086,iAssemble,,,1
parameter_6087,iLocked,,,1
parameter_6088,iTipList,,,1
parameter_6089,iLocked,,,1
parameter_6090,iLocked,,,1
parameter_6091,iLocked,,,1
parameter_6092,iLocked,,,1
parameter_6093,iLocked,,,1
parameter_6094,iLocked,,,1
parameter_6095,iLocked,,,1
parameter_6096,iLocked,,,1
parameter_6097,iLocked,,,1
parameter_6098,iLocked,,,1
parameter_6099,iLocked,,,1
parameter_6100,iLocked,,,1
parameter_6101,iLocked,,,1
parameter_6102,iLocked,,,1
parameter_6103,iLocked,,,1
parameter_6104,iLocked,,,1
parameter_6105,iLocked,,,1
parameter_6106,iLocked,,,1
parameter_6107,iLocked,,,1
parameter_6108,iLocked,,,1
parameter_6109,iLocked,,,1
parameter_6110,iLocked,,,1
parameter_6111,iLocked,,,1
parameter_6112,iLocked,,,1
parameter_6113,iLocked,,,1
parameter_6114,iLocked,,,1
parameter_6115,iLocked,,,1
parameter_6116,iLocked,,,1
parameter_6117,iLocked,,,1
parameter_6118,iLocked,,,1
parameter_6119,iLocked,,,1
parameter_6120,iLocked,,,1
parameter_6121,iLocked,,,1
parameter_6122,iOwner,,,1
parameter_6123,iOwner,,,1
parameter_6124,iAttrName,,,1
parameter_6125,iAttrValue,,,2
parameter_6126,iName,,,1
parameter_6127,iValue,,,2
parameter_6128,iAttributeName,,,1
parameter_6129,iEncapsulatedAttributeValue,,,2
parameter_6130,Name,,,1
parameter_6131,Value,,,2
parameter_6132,Name,,,1
parameter_6133,Value,,,2
parameter_6134,iLocked,,,1
parameter_6135,iLocked,,,1
parameter_6136,iLocked,,,1
parameter_6137,iLocked,,,1
parameter_6138,iLocked,,,1
parameter_6139,iLocked,,,1
parameter_6140,iLocked,,,1
parameter_6141,iLocked,,,1
parameter_6142,iLocked,,,1
parameter_6143,iLocked,,,1
parameter_6144,iLocked,,,1
parameter_6145,iLocked,,,1
parameter_6146,iLocked,,,1
parameter_6147,iAuxillaryAxisValues,,,1
parameter_6148,iDevice,,,1
parameter_6149,iAuxillaryAxis,,,2
parameter_6150,iHomeName,,,3
parameter_6151,S_OK,,,4
parameter_6152,E_FAIL,,,5
parameter_6153,iDevice,,,1
parameter_6154,iAuxillaryAxis,,,2
parameter_6155,iAuxillaryAxisValues,,,3
parameter_6156,S_OK,,,4
parameter_6157,E_FAIL,,,5
parameter_6158,iLocked,,,1
parameter_6159,iProduct,,,1
parameter_6160,iAxisSysteme,,,2
parameter_6161,iLocked,,,1
parameter_6162,iLocked,,,1
parameter_6163,iLocked,,,1
parameter_6164,iLocked,,,1
parameter_6165,iLocked,,,1
parameter_6166,iIndex,,,1
parameter_6167,iBefore,,,2
parameter_6168,iAfter,,,3
parameter_6169,iUpper,,,4
parameter_6170,iLower,,,5
parameter_6171,iLocked,,,1
parameter_6172,iAngle,,,1
parameter_6173,Angle,,,2
parameter_6174,HybridShapeFactory,,,3
parameter_6175,iAngle,,,1
parameter_6176,Angle,,,2
parameter_6177,HybridShapeFactory,,,3
parameter_6178,iListOfBendRadius,,,1
parameter_6179,iLocked,,,1
parameter_6180,iAttrName,,,1
parameter_6181,iAttrValue,,,2
parameter_6182,iBlendLimit,,,1
parameter_6183,iBorder,,,2
parameter_6184,iLocked,,,1
parameter_6185,iLocked,,,1
parameter_6186,iLocked,,,1
parameter_6187,iLocked,,,1
parameter_6188,iContinuity,,,1
parameter_6189,iPos,,,2
parameter_6193,VX,,,4
parameter_6194,VY,,,5
parameter_6195,VZ,,,6
parameter_6196,iLocked,,,1
parameter_6197,PV,,,1
parameter_6198,iListBranchIDs,,,2
parameter_6199,iLines,,,1
parameter_6200,iLocked,,,1
parameter_6201,iLocked,,,1
parameter_6202,iLocked,,,1
parameter_6203,iLocked,,,1
parameter_6204,iLocked,,,1
parameter_6205,iLocked,,,1
parameter_6206,iCalibReferenceFile,,,1
parameter_6207,iTargetTask,,,1
parameter_6208,iLocked,,,1
parameter_6209,iCartesianTarget,,,1
parameter_6210,S_OK,,,2
parameter_6211,E_FAIL,,,3
parameter_6212,iLocked,,,1
parameter_6213,iLocked,,,1
parameter_6214,iRow,,,1
parameter_6215,iCol,,,2
parameter_6216,iAlign,,,3
parameter_6217,iRow,,,1
parameter_6218,iCol,,,2
parameter_6219,iType,,,3
parameter_6220,iRow,,,1
parameter_6221,iCol,,,2
parameter_6222,iName,,,3
parameter_6223,iRow,,,1
parameter_6224,iCol,,,2
parameter_6225,iText,,,3
parameter_6226,iRow,,,1
parameter_6227,iCol,,,2
parameter_6228,iString,,,3
parameter_6229,iLocked,,,1
parameter_6230,iSurfOri1,,,1
parameter_6231,iSurfOri2,,,2
parameter_6232,iSurfCouplOri1,,,3
parameter_6233,iSurfCouplOri2,,,4
parameter_6234,iNo,,,5
parameter_6235,iVal1,,,1
parameter_6236,iVal2,,,2
parameter_6237,iVal3,,,3
parameter_6238,iLocked,,,1
parameter_6239,iLocked,,,1
parameter_6240,iLocked,,,1
parameter_6241,iLocked,,,1
parameter_6242,iX,,,1
parameter_6243,iY,,,2
parameter_6244,iKeptSide,,,3
parameter_6245,iLocked,,,1
parameter_6246,V5R18,,,1
parameter_6247,iLocked,,,2
parameter_6248,iLocked,,,1
parameter_6249,iLocked,,,1
parameter_6250,iLocked,,,1
parameter_6251,iLocked,,,1
parameter_6252,iContourNumber,,,1
parameter_6253,iSide,,,2
parameter_6254,Inside,,,3
parameter_6256,iClosingType,,,1
parameter_6257,iBlendLimit,,,1
parameter_6258,iClosingPoint,,,2
parameter_6259,iLocked,,,1
parameter_6260,iRep,,,1
parameter_6261,iR,,,2
parameter_6262,iG,,,3
parameter_6263,iB,,,4
parameter_6264,iA,,,5
parameter_6265,iLocked,,,1
parameter_6266,iLocked,,,1
parameter_6267,iCol,,,1
parameter_6268,iColSize,,,2
parameter_6269,iLocked,,,1
parameter_6270,iLocked,,,1
parameter_6271,iAxisComponentsArray,,,1
parameter_6272,iLocked,,,1
parameter_6273,iconfig,,,1
parameter_6274,iConfigNumber,,,1
parameter_6275,S_OK,,,2
parameter_6276,E_FAIL,,,3
parameter_6277,iConnex,,,1
parameter_6278,iElementNumber,,,1
parameter_6279,iNewElement,,,2
parameter_6280,piConstraintElement,,,1
parameter_6281,piConstraintType,,,2
parameter_6282,iNewX,,,1
parameter_6283,iNewY,,,2
parameter_6284,iNewZ,,,3
parameter_6285,iLocked,,,1
parameter_6286,iLocked,,,1
parameter_6287,iLocked,,,1
parameter_6288,iLocked,,,1
parameter_6289,iBlendLimit,,,1
parameter_6290,iContinuity,,,2
parameter_6291,iContourNumber,,,1
parameter_6292,iSide,,,2
parameter_6293,iLocked,,,1
parameter_6294,iCoordinates,,,1
parameter_6295,HybridShapeFactory,,,2
parameter_6296,iX,,,1
parameter_6297,iY,,,2
parameter_6298,iOrdering,,,1
parameter_6299,iTransformationType,,,2
parameter_6300,iTranslationType,,,1
parameter_6301,iDistanceAlongX,,,2
parameter_6302,iDistanceAlongY,,,3
parameter_6303,iDistanceAlongZ,,,4
parameter_6304,roll,,,1
parameter_6305,pitch,,,2
parameter_6306,yaw,,,3
parameter_6307,roll,,,1
parameter_6308,pitch,,,2
parameter_6309,yaw,,,3
parameter_6310,iLocked,,,1
parameter_6311,iLocked,,,1
parameter_6312,profile,,,1
parameter_6313,iApplicationID,,,1
parameter_6314,iCurDoc,,,1
parameter_6315,ilistProps,,,1
parameter_6316,profile,,,1
parameter_6317,profile,,,1
parameter_6318,iOccurrenceNumber,,,1
parameter_6319,iLocked,,,1
parameter_6320,profile,,,1
parameter_6321,iBlendLimit,,,1
parameter_6322,iCurve,,,2
parameter_6323,iLocked,,,1
parameter_6324,iLocked,,,1
parameter_6325,iLocked,,,1
parameter_6326,iLocked,,,1
parameter_6327,iDLName,,,1
parameter_6330,iFather,,,4
parameter_6331,iVerifDirectory,,,5
parameter_6332,iDLname,,,1
parameter_6333,iLocked,,,2
parameter_6334,iLocked,,,1
parameter_6335,iLocked,,,1
parameter_6336,iLocked,,,1
parameter_6337,iLocked,,,1
parameter_6338,iLocked,,,1
parameter_6339,iLocked,,,1
parameter_6340,iLocked,,,1
parameter_6341,iLocked,,,1
parameter_6342,iLocked,,,1
parameter_6343,iLocked,,,1
parameter_6344,iLocked,,,1
parameter_6345,iLocked,,,1
parameter_6346,iLocked,,,1
parameter_6347,iLocked,,,1
parameter_6348,iLocked,,,1
parameter_6349,iLocked,,,1
parameter_6350,iLocked,,,1
parameter_6351,iLocked,,,1
parameter_6352,iLocked,,,1
parameter_6353,iLocked,,,1
parameter_6354,iLocked,,,1
parameter_6355,iDOF,,,1
parameter_6356,iFlag,,,2
parameter_6358,next,,,2
parameter_6359,iX,,,1
parameter_6360,iY,,,2
parameter_6361,iXDirection,,,3
parameter_6362,iYDirection,,,4
parameter_6363,iX,,,1
parameter_6364,iY,,,2
parameter_6365,iCenterX,,,1
parameter_6366,iCenterY,,,2
parameter_6367,iRadius,,,3
parameter_6368,iCenterX,,,1
parameter_6369,iCenterY,,,2
parameter_6370,iMajorX,,,3
parameter_6371,iMajorY,,,4
parameter_6372,iMajorRadius,,,5
parameter_6373,iMinorRadius,,,6
parameter_6374,iCenterX,,,1
parameter_6375,iCenterY,,,2
parameter_6376,iAxisX,,,3
parameter_6377,iAxisY,,,4
parameter_6378,iFocalDistance,,,5
parameter_6379,iCenterX,,,1
parameter_6380,iCenterY,,,2
parameter_6381,iAxisX,,,3
parameter_6382,iAxisY,,,4
parameter_6383,iMajorRadius,,,5
parameter_6384,iMinorRadius,,,6
parameter_6385,iPosition,,,1
parameter_6386,iDatumCntr,,,1
parameter_6387,iLocked,,,1
parameter_6388,iLocked,,,1
parameter_6389,iLocked,,,1
parameter_6390,iLocked,,,1
parameter_6391,iLocked,,,1
parameter_6392,iLocked,,,1
parameter_6393,iLocked,,,1
parameter_6394,iLocked,,,1
parameter_6395,iLocked,,,1
parameter_6396,iRelAxis,,,1
parameter_6398,iLocked,,,1
parameter_6399,iLocked,,,1
parameter_6400,iLocked,,,1
parameter_6401,iLocked,,,1
parameter_6402,iDetailingID,,,1
parameter_6403,ideviation,,,1
parameter_6404,iLocked,,,1
parameter_6405,iLocked,,,1
parameter_6406,iLocked,,,1
parameter_6407,iLocked,,,1
parameter_6408,iLocked,,,1
parameter_6409,iLocked,,,1
parameter_6410,iItemResDimensions,,,1
parameter_6411,iLineCount,,,1
parameter_6412,iColumnCount,,,2
parameter_6413,iLayerCount,,,3
parameter_6414,iIdentifier,,,1
parameter_6415,iPointed,,,2
parameter_6416,Boundary,,,3
parameter_6417,iDirection,,,1
parameter_6418,iLine,,,1
parameter_6419,iLine,,,1
parameter_6420,iLineComp,,,2
parameter_6421,iLine,,,1
parameter_6422,iLineComp,,,2
parameter_6423,iDirectory,,,1
parameter_6424,iLocked,,,1
parameter_6425,iFile,,,1
parameter_6426,iDirectory,,,2
parameter_6427,iLocked,,,1
parameter_6428,iLocked,,,1
parameter_6429,iLocked,,,1
parameter_6430,iLocked,,,1
parameter_6431,iLocked,,,1
parameter_6432,iLocked,,,1
parameter_6433,iLocked,,,1
parameter_6434,iLocked,,,1
parameter_6435,iLocked,,,1
parameter_6436,iLocked,,,1
parameter_6437,iLocked,,,1
parameter_6438,DistanceObjective,,,1
parameter_6439,iLocked,,,1
parameter_6440,iLocked,,,1
parameter_6441,iLocked,,,1
parameter_6442,iAttrName,,,1
parameter_6443,iAttrValue,,,2
parameter_6444,iAttributeLabel,,,1
parameter_6445,iLocked,,,1
parameter_6446,iDriverCfgPath,,,1
parameter_6447,iLocked,,,1
parameter_6448,iLocked,,,1
parameter_6449,iRank,,,1
parameter_6450,iElem,,,2
parameter_6451,iElemID,,,1
parameter_6452,TET_LINEAR,,,2
parameter_6453,TET_PARABOLIC,,,3
parameter_6454,HEX_LINEAR,,,4
parameter_6455,HEX_PARABOLIC,,,5
parameter_6456,WEDG_LINEAR,,,6
parameter_6457,WEDG_PARABOLIC,,,7
parameter_6458,TRI_LINEAR,,,8
parameter_6459,TRI_PARABOLIC,,,9
parameter_6460,QUAD_LINEAR,,,10
parameter_6461,QUAD_PARABOLIC,,,11
parameter_6462,LINE_LINEAR,,,12
parameter_6463,LINE_PARABOLIC,,,13
parameter_6464,iElemBehav,,,14
parameter_6465,SHELL,,,15
parameter_6466,MEMBRANE,,,16
parameter_6467,SOLID3D,,,17
parameter_6468,CONTINUUM_SHELL,,,18
parameter_6469,BEAM,,,19
parameter_6470,GASKET,,,20
parameter_6471,iMFFLag,,,21
parameter_6472,true,,,22
parameter_6473,false,,,23
parameter_6474,iHFFlag,,,24
parameter_6475,true,,,25
parameter_6476,false,,,26
parameter_6477,iRIFlag,,,27
parameter_6478,true,,,28
parameter_6479,false,,,29
parameter_6480,iIMFlag,,,30
parameter_6481,true,,,31
parameter_6482,false,,,32
parameter_6483,iINFlag,,,33
parameter_6484,true,,,34
parameter_6485,false,,,35
parameter_6486,iLocked,,,1
parameter_6487,iLocked,,,1
parameter_6488,iFace,,,1
parameter_6489,iAngle,,,1
parameter_6490,Angle,,,2
parameter_6491,HybridShapeFactory,,,3
parameter_6492,iAngle,,,1
parameter_6493,Angle,,,2
parameter_6494,HybridShapeFactory,,,3
parameter_6495,iEndParam,,,1
parameter_6496,Parameter,,,2
parameter_6497,iDb2EndPt,,,1
parameter_6498,iTangentSection,,,1
parameter_6499,iOrientation,,,1
parameter_6500,iLocked,,,1
parameter_6501,The,,,1
parameter_6502,iProducts,,,1
parameter_6503,iRegions,,,2
parameter_6504,iProducts,,,1
parameter_6505,iRegions,,,2
parameter_6506,iLocked,,,1
parameter_6507,iLocked,,,1
parameter_6508,iLocked,,,1
parameter_6509,iThreadPolarity,,,1
parameter_6510,iLocked,,,1
parameter_6511,iLocked,,,1
parameter_6512,iLocked,,,1
parameter_6513,iLocked,,,1
parameter_6514,iCoordinates,,,1
parameter_6515,iFaceCntr,,,1
parameter_6516,ieFaceType,,,2
parameter_6517,iIndex,,,1
parameter_6518,iFakeDimValue,,,2
parameter_6519,iType,,,1
parameter_6520,iAutoUpdate,,,2
parameter_6521,True,,,3
parameter_6522,False,,,4
parameter_6523,iFeedrateType,,,1
parameter_6525,iIndex,,,1
parameter_6526,iField,,,2
parameter_6527,iFilters,,,1
parameter_6528,LIKE,,,2
parameter_6529,iFinishSymbol,,,1
parameter_6530,iWeld,,,2
parameter_6531,iLocked,,,1
parameter_6532,iElem1,,,1
parameter_6533,iElem2,,,2
parameter_6534,ilLawType,,,3
parameter_6535,iFirstDirection,,,1
parameter_6536,iFirstType,,,1
parameter_6537,ipIAElem,,,2
parameter_6538,iLength1,,,1
parameter_6539,iLength2,,,2
parameter_6540,iLawType,,,3
parameter_6541,iMode,,,1
parameter_6542,iFirst,,,1
parameter_6543,inbCharacter,,,2
parameter_6544,iFontName,,,3
parameter_6545,iFirst,,,1
parameter_6546,inbCharacter,,,2
parameter_6547,iFontSize,,,3
parameter_6548,iLocked,,,1
parameter_6549,iLocked,,,1
parameter_6550,iIndex,,,1
parameter_6551,iFrmDspFact,,,2
parameter_6552,iFormatMode,,,1
parameter_6553,iIndex,,,1
parameter_6554,iFrmName,,,2
parameter_6555,iIndex,,,1
parameter_6556,iFrmPrecision,,,2
parameter_6557,iIndex,,,1
parameter_6558,iFrmType,,,2
parameter_6559,iIndex,,,1
parameter_6560,iFrmUnit,,,2
parameter_6564,iLocked,,,1
parameter_6565,iIndex,,,1
parameter_6566,iMode,,,2
parameter_6567,iAngle,,,3
parameter_6568,iHeight,,,4
parameter_6569,iWidth,,,5
parameter_6570,iGPSName,,,1
parameter_6571,E_FAIL,,,2
parameter_6572,iGRRName,,,1
parameter_6573,iLUKRoutes,,,1
parameter_6574,iIndex,,,1
parameter_6575,iGap,,,2
parameter_6576,gap,,,3
parameter_6577,iGeometryType,,,1
parameter_6578,iMode,,,2
parameter_6579,iGeometryNumber,,,3
parameter_6580,iReference,,,4
parameter_6581,iProduct,,,5
parameter_6582,iPosition,,,6
parameter_6583,iGeometryType,,,1
parameter_6584,iReference,,,2
parameter_6585,iProduct,,,3
parameter_6586,iPosition,,,4
parameter_6587,iReference,,,1
parameter_6588,iProduct,,,2
parameter_6589,iGeometryType,,,1
parameter_6590,iReference,,,2
parameter_6591,iProduct,,,3
parameter_6592,iPosition,,,4
parameter_6593,iLocked,,,1
parameter_6594,iName,,,1
parameter_6595,iValue,,,2
parameter_6596,iLocked,,,1
parameter_6597,iLocked,,,1
parameter_6598,iLocked,,,1
parameter_6599,iLocked,,,1
parameter_6600,iLocked,,,1
parameter_6601,iLocked,,,1
parameter_6602,iLength,,,1
parameter_6603,iLength,,,1
parameter_6604,iProduct,,,1
parameter_6605,iRef,,,2
parameter_6606,iProduct,,,1
parameter_6607,iRef,,,2
parameter_6608,iProduct,,,1
parameter_6609,iRef,,,2
parameter_6610,iProduct,,,1
parameter_6611,iRef,,,2
parameter_6612,iProduct,,,1
parameter_6613,iRef,,,2
parameter_6614,iProduct,,,1
parameter_6615,iPublication,,,2
parameter_6616,iProduct,,,1
parameter_6617,iPublication,,,2
parameter_6618,iProduct,,,1
parameter_6619,iPublication,,,2
parameter_6620,iProduct,,,1
parameter_6621,iPublication,,,2
parameter_6622,iHeight,,,1
parameter_6623,iHeight,,,1
parameter_6624,iWidth,,,2
parameter_6625,iLocked,,,1
parameter_6626,iLocked,,,1
parameter_6627,iLocked,,,1
parameter_6628,iName,,,1
parameter_6629,idbTrans,,,2
parameter_6630,iLocked,,,1
parameter_6631,iPath,,,1
parameter_6633,isUnique,,,1
parameter_6634,iLocked,,,1
parameter_6635,iFileName,,,1
parameter_6636,iLocked,,,1
parameter_6637,iLocked,,,1
parameter_6638,iLocked,,,1
parameter_6639,iLocked,,,1
parameter_6640,iLocked,,,1
parameter_6641,iLocked,,,1
parameter_6642,iLocked,,,1
parameter_6643,iTypeBSTR,,,1
parameter_6644,iSubTypeBSTR,,,2
parameter_6645,iLocked,,,1
parameter_6646,iLocked,,,1
parameter_6647,iLocked,,,1
parameter_6648,iLocked,,,1
parameter_6649,iLocked,,,1
parameter_6650,iLocked,,,1
parameter_6651,iLocked,,,1
parameter_6652,iLocked,,,1
parameter_6653,iLocked,,,1
parameter_6654,iLocked,,,1
parameter_6655,iLocked,,,1
parameter_6656,iLocked,,,1
parameter_6657,iLocked,,,1
parameter_6658,iLocked,,,1
parameter_6659,iLocked,,,1
parameter_6660,iLocked,,,1
parameter_6661,iLocked,,,1
parameter_6662,iLocked,,,1
parameter_6663,iLocked,,,1
parameter_6664,iLocked,,,1
parameter_6665,iPath,,,1
parameter_6666,iLocked,,,1
parameter_6667,iLocked,,,1
parameter_6668,iInstanceNumber,,,1
parameter_6669,iAngularSpacing,,,2
parameter_6670,iInstanceNumber,,,1
parameter_6671,iSpacing,,,2
parameter_6672,iDirection,,,3
parameter_6673,iIndexPoint,,,1
parameter_6674,iEndPoint,,,2
parameter_6675,iIndexPoint,,,1
parameter_6676,iTgtDir,,,2
parameter_6677,iIndexPoint,,,1
parameter_6678,iOrientation,,,2
parameter_6679,iLocked,,,1
parameter_6680,iItemToCopy,,,1
parameter_6682,iLocked,,,1
parameter_6683,iLocked,,,1
parameter_6684,iLocked,,,1
parameter_6685,iLocked,,,1
parameter_6686,joint,,,1
parameter_6687,profile,,,2
parameter_6688,iJointTarget,,,1
parameter_6689,S_OK,,,2
parameter_6690,E_FAIL,,,3
parameter_6692,iLocked,,,1
parameter_6693,iLabel,,,1
parameter_6694,iBHoriz,,,2
parameter_6698,iLocked,,,1
parameter_6699,iLocked,,,1
parameter_6700,iLocked,,,1
parameter_6701,iObject,,,1
parameter_6702,iLayerType,,,1
parameter_6703,iLayerValue,,,2
parameter_6704,iLocked,,,1
parameter_6705,iType,,,1
parameter_6706,ibVisible,,,2
parameter_6707,iI,,,1
parameter_6708,iElem,,,2
parameter_6709,iFirstType,,,1
parameter_6710,iSecondType,,,2
parameter_6711,iLocked,,,1
parameter_6712,iLocked,,,1
parameter_6713,iType,,,1
parameter_6714,iType,,,1
parameter_6715,iType,,,1
parameter_6716,iType,,,1
parameter_6717,iType,,,1
parameter_6718,iType,,,1
parameter_6719,iType,,,1
parameter_6720,iLicense,,,1
parameter_6721,iValue,,,2
parameter_6722,iLock,,,1
parameter_6723,iLock,,,1
parameter_6724,iLock,,,1
parameter_6725,iLimitation,,,1
parameter_6726,iLocked,,,1
parameter_6727,iLocked,,,1
parameter_6728,iLocked,,,1
parameter_6729,iLocked,,,1
parameter_6730,iThickness,,,1
parameter_6731,iType,,,1
parameter_6732,iLocked,,,1
parameter_6733,iDof,,,1
parameter_6734,U1_DOF,,,2
parameter_6735,U2_DOF,,,3
parameter_6736,U3_DOF,,,4
parameter_6737,UR1_DOF,,,5
parameter_6738,UR2_DOF,,,6
parameter_6739,UR3_DOF,,,7
parameter_6740,iStiffnessValue,,,8
parameter_6741,iLocked,,,1
parameter_6742,iLocked,,,1
parameter_6743,iLocked,,,1
parameter_6744,iLocked,,,1
parameter_6745,iLocked,,,1
parameter_6746,iLocked,,,1
parameter_6747,iLocked,,,1
parameter_6748,iLocked,,,1
parameter_6749,iLocked,,,1
parameter_6750,iLocked,,,1
parameter_6751,iLocked,,,1
parameter_6752,iLocked,,,1
parameter_6753,iLocked,,,1
parameter_6754,iLocked,,,1
parameter_6755,iLocked,,,1
parameter_6756,iLocked,,,1
parameter_6757,iLocked,,,1
parameter_6758,iLocked,,,1
parameter_6759,iLocked,,,1
parameter_6760,iLocked,,,1
parameter_6761,iProduct,,,1
parameter_6762,iPublication,,,2
parameter_6763,iProduct,,,1
parameter_6764,iPublication,,,2
parameter_6765,iProduct,,,1
parameter_6766,iPublication,,,2
parameter_6767,iProduct,,,1
parameter_6768,iPublication,,,2
parameter_6769,iProduct,,,1
parameter_6770,iPublication,,,2
parameter_6771,iPointNumber,,,1
parameter_6772,iX,,,2
parameter_6773,iY,,,3
parameter_6774,iZ,,,4
parameter_6775,xx,,,1
parameter_6776,yy,,,2
parameter_6777,iLocked,,,1
parameter_6778,iLocked,,,1
parameter_6779,iLocked,,,1
parameter_6780,iLocked,,,1
parameter_6781,iAttrName,,,1
parameter_6782,ipIAElem1,,,1
parameter_6783,ipIAElem2,,,2
parameter_6784,ipIAElem1,,,1
parameter_6785,ipIAElem2,,,2
parameter_6786,iLocked,,,1
parameter_6787,iLocked,,,1
parameter_6788,iLocked,,,1
parameter_6789,iManifold,,,1
parameter_6790,iLocked,,,1
parameter_6791,iLocked,,,1
parameter_6792,R17,,,1
parameter_6793,iLocked,,,2
parameter_6794,iLocked,,,1
parameter_6795,R17,,,1
parameter_6796,iLocked,,,2
parameter_6797,iLocked,,,1
parameter_6798,iLocked,,,1
parameter_6799,R17,,,1
parameter_6800,iLocked,,,2
parameter_6801,iLocked,,,1
parameter_6802,R17,,,1
parameter_6803,iLocked,,,2
parameter_6804,R17,,,1
parameter_6805,iLocked,,,2
parameter_6806,R17,,,1
parameter_6807,iLocked,,,2
parameter_6808,iLocked,,,1
parameter_6809,R17,,,1
parameter_6810,iLocked,,,2
parameter_6811,iLocked,,,1
parameter_6812,iLocked,,,1
parameter_6813,R17,,,1
parameter_6814,iLocked,,,2
parameter_6815,iLocked,,,1
parameter_6816,iLocked,,,1
parameter_6817,R17,,,1
parameter_6818,iLocked,,,2
parameter_6819,iLocked,,,1
parameter_6820,iLocked,,,1
parameter_6821,iLocked,,,1
parameter_6822,iLocked,,,1
parameter_6823,iLocked,,,1
parameter_6824,iLocked,,,1
parameter_6825,R17,,,1
parameter_6826,iLocked,,,2
parameter_6827,mass,,,1
parameter_6828,iComponents,,,1
parameter_6829,iLocked,,,1
parameter_6830,iMaxDeviation,,,1
parameter_6831,R19,,,1
parameter_6832,iLocked,,,2
parameter_6833,iLocked,,,1
parameter_6834,iLocked,,,1
parameter_6835,iLocked,,,1
parameter_6836,MergingDistance,,,1
parameter_6837,iLocked,,,1
parameter_6838,iLocked,,,1
parameter_6839,basis,,,1
parameter_6840,iMotionProfile,,,1
parameter_6841,S_OK,,,2
parameter_6842,E_FAIL,,,3
parameter_6843,index,,,1
parameter_6844,S_OK,,,2
parameter_6845,E_FAIL,,,3
parameter_6846,iGeometryType,,,1
parameter_6847,iNCGeometry,,,2
parameter_6848,iTagName,,,1
parameter_6849,iName,,,1
parameter_6850,S_OK,,,2
parameter_6851,E_FAIL,,,3
parameter_6853,iNewInstanceName,,,1
parameter_6854,iName,,,1
parameter_6855,iName,,,1
parameter_6856,name,,,1
parameter_6857,iName,,,1
parameter_6858,iName,,,1
parameter_6859,ifilmAmplitude,,,1
parameter_6860,isinkAmplitude,,,1
parameter_6861,iLocked,,,1
parameter_6862,iNewPrinterDir,,,1
parameter_6863,iLocked,,,1
parameter_6864,iLocked,,,1
parameter_6865,iLocked,,,1
parameter_6866,iLocked,,,1
parameter_6867,iLocked,,,1
parameter_6868,iLocked,,,1
parameter_6869,iRank,,,1
parameter_6870,iOrientation,,,2
parameter_6872,iRep,,,1
parameter_6873,iThickness,,,2
parameter_6874,iRep,,,1
parameter_6875,iType,,,2
parameter_6876,iLocked,,,1
parameter_6877,roll,,,1
parameter_6878,pitch,,,2
parameter_6879,yaw,,,3
parameter_6880,roll,,,1
parameter_6881,pitch,,,2
parameter_6882,yaw,,,3
parameter_6883,iDof,,,1
parameter_6884,U1_DOF,,,2
parameter_6885,U2_DOF,,,3
parameter_6886,U3_DOF,,,4
parameter_6887,UR1_DOF,,,5
parameter_6888,UR2_DOF,,,6
parameter_6889,UR3_DOF,,,7
parameter_6890,iForceArray,,,8
parameter_6891,iDispArray,,,9
parameter_6892,iLocked,,,1
parameter_6893,iIndex,,,1
parameter_6894,iCoordinates,,,2
parameter_6895,iObjProfile,,,1
parameter_6896,S_OK,,,2
parameter_6897,E_FAIL,,,3
parameter_6899,Type,,,1
parameter_6900,iLocked,,,1
parameter_6901,iLocked,,,1
parameter_6902,iLocked,,,1
parameter_6903,iOpType,,,1
parameter_6904,iContourNumber,,,1
parameter_6905,iPoint,,,2
parameter_6906,iLocked,,,1
parameter_6907,iObject,,,1
parameter_6908,iNewRank,,,2
parameter_6909,iBlendLimit,,,1
parameter_6910,iOrientation,,,2
parameter_6911,iOrientation,,,1
parameter_6913,iRank,,,3
parameter_6914,iOrientCntr,,,1
parameter_6915,ieOrientation,,,2
parameter_6916,iLocked,,,1
parameter_6917,index,,,1
parameter_6918,S_OK,,,2
parameter_6919,E_FAIL,,,3
parameter_6920,iRelAxis,,,1
parameter_6921,iAlignmentDirection,,,2
parameter_6922,iX,,,1
parameter_6923,iY,,,2
parameter_6924,iZ,,,3
parameter_6925,iRelAxis,,,1
parameter_6926,iDb3Position,,,2
parameter_6927,iOriginCorner,,,1
parameter_6928,iLocked,,,1
parameter_6929,iLocked,,,1
parameter_6930,iLocked,,,1
parameter_6931,iLocked,,,1
parameter_6932,iLocked,,,1
parameter_6933,iLocked,,,1
parameter_6934,iLocked,,,1
parameter_6935,iIndex,,,1
parameter_6936,iOverrun,,,2
parameter_6938,iLocked,,,1
parameter_6939,iLocked,,,1
parameter_6940,iLocked,,,1
parameter_6941,iLocked,,,1
parameter_6942,iLocked,,,1
parameter_6943,iIndex,,,1
parameter_6944,iPrefix,,,2
parameter_6945,iSuffix,,,3
parameter_6946,iLocked,,,1
parameter_6947,iLocked,,,1
parameter_6948,iLocked,,,1
parameter_6949,iPaperHeight,,,1
parameter_6950,iPaperWidth,,,1
parameter_6951,iParameter,,,1
parameter_6952,iParameter,,,1
parameter_6953,iLocked,,,1
parameter_6954,iParam,,,1
parameter_6955,iFirst,,,2
parameter_6956,inbCharacter,,,3
parameter_6957,iVal,,,4
parameter_6958,iLocked,,,1
parameter_6959,iLocked,,,1
parameter_6960,iPath,,,1
parameter_6961,iPath,,,1
parameter_6962,iPath,,,1
parameter_6963,iLocked,,,1
parameter_6964,iRefPart,,,1
parameter_6965,iLAttributeNames,,,2
parameter_6966,iLocked,,,1
parameter_6967,iLocked,,,1
parameter_6968,iLocked,,,1
parameter_6969,iGRR,,,1
parameter_6970,iLDbPtPath,,,2
parameter_6971,iLDbPtPath,,,1
parameter_6972,iCompress,,,2
parameter_6973,iLDbPtPath,,,1
parameter_6974,iCompress,,,2
parameter_6975,iUnsetGaps,,,3
parameter_6976,iLDb2PtPath,,,1
parameter_6977,iCompress,,,2
parameter_6978,iUnsetGaps,,,3
parameter_6979,iRouteSymbolUpdate,,,4
parameter_6980,iLocked,,,1
parameter_6981,iProducts,,,1
parameter_6982,iRegions,,,2
parameter_6983,iPitch,,,1
parameter_6984,Pitch2,,,1
parameter_6985,iDb6PlaceMatrix,,,1
parameter_6986,See,,,2
parameter_6987,iAngle,,,1
parameter_6988,iCoorIdx,,,1
parameter_6989,iCoordValue,,,2
parameter_6990,iIdx,,,1
parameter_6991,iInversionValue,,,2
parameter_6992,CATGSMAxisInversionMode_None,,,3
parameter_6993,CATGSMAxisInversionMode_X,,,4
parameter_6994,CATGSMAxisInversionMode_Y,,,5
parameter_6995,CATGSMAxisInversionMode_Both,,,6
parameter_6999,iLocked,,,1
parameter_7000,iLocked,,,1
parameter_7001,iLocked,,,1
parameter_7002,iLocked,,,1
parameter_7003,iLocked,,,1
parameter_7004,iLocked,,,1
parameter_7005,iLocked,,,1
parameter_7006,iRelAxis,,,1
parameter_7007,ioNodeLocation,,,2
parameter_7008,iPos,,,1
parameter_7009,ipIAPoint,,,2
parameter_7010,Point,,,3
parameter_7011,iPos,,,1
parameter_7012,ipIAPoint,,,2
parameter_7013,Point,,,3
parameter_7014,iPos,,,1
parameter_7015,ipIADirTangency,,,2
parameter_7016,iTangencyNorm,,,3
parameter_7017,iInverseTangency,,,4
parameter_7018,ipIADirCurvature,,,5
parameter_7019,iCurvatureRadius,,,6
parameter_7020,iPos,,,1
parameter_7021,ipIACurveCst,,,2
parameter_7022,iTangencyNorm,,,3
parameter_7023,iInvertValue,,,4
parameter_7024,iCrvCstType,,,5
parameter_7025,iRank,,,1
parameter_7026,iPortionNumber,,,2
parameter_7027,iI,,,1
parameter_7028,iElem,,,2
parameter_7029,HybridShapeFactory,,,3
parameter_7030,iI,,,1
parameter_7031,iAngle,,,2
parameter_7032,iI,,,1
parameter_7033,iElem,,,2
parameter_7034,HybridShapeFactory,,,3
parameter_7035,iI,,,1
parameter_7036,iCoordinate,,,2
parameter_7037,iI,,,1
parameter_7038,iElem,,,2
parameter_7039,Reference,,,3
parameter_7040,HybridShapeFactory,,,4
parameter_7041,iI,,,1
parameter_7042,iElem,,,2
parameter_7043,Reference,,,3
parameter_7044,HybridShapeFactory,,,4
parameter_7045,iI,,,1
parameter_7046,iElem,,,2
parameter_7047,iI,,,1
parameter_7048,iElem,,,2
parameter_7049,HybridShapeFactory,,,3
parameter_7050,iI,,,1
parameter_7051,iInversion,,,2
parameter_7052,CATGSMAxisInversionMode_None,,,3
parameter_7053,CATGSMAxisInversionMode_X,,,4
parameter_7054,CATGSMAxisInversionMode_Y,,,5
parameter_7055,CATGSMAxisInversionMode_Both,,,6
parameter_7056,iX,,,1
parameter_7057,iY,,,2
parameter_7058,iZ,,,3
parameter_7059,iTransform,,,1
parameter_7061,iDb2Position,,,1
parameter_7062,iSegNum,,,1
parameter_7063,iSegParm,,,2
parameter_7064,iGRR,,,1
parameter_7065,iDb2Position,,,2
parameter_7067,iI,,,1
parameter_7068,iElem,,,2
parameter_7069,iCoordinates,,,1
parameter_7071,iEps,,,1
parameter_7072,R19,,,1
parameter_7073,iLocked,,,2
parameter_7074,iLocked,,,1
parameter_7075,iLocked,,,1
parameter_7076,iLocked,,,1
parameter_7077,iLocked,,,1
parameter_7078,iLocked,,,1
parameter_7079,iLocked,,,1
parameter_7080,iLocked,,,1
parameter_7081,iLocked,,,1
parameter_7082,iLocked,,,1
parameter_7083,iLocked,,,1
parameter_7084,iRank,,,1
parameter_7085,iOrientation,,,2
parameter_7087,iLocked,,,1
parameter_7088,iLocked,,,1
parameter_7089,iLocked,,,1
parameter_7090,iLocked,,,1
parameter_7091,iLocked,,,1
parameter_7092,iLocked,,,1
parameter_7093,iLocked,,,1
parameter_7094,iLocked,,,1
parameter_7095,iLocked,,,1
parameter_7096,iLocked,,,1
parameter_7097,iProcessID,,,1
parameter_7098,iCheckUnique,,,2
parameter_7099,iPath,,,1
parameter_7100,iLocked,,,1
parameter_7101,iProcessTreeID,,,1
parameter_7102,iProductBOMID,,,1
parameter_7103,iLocked,,,1
parameter_7104,system,,,1
parameter_7105,system,,,2
parameter_7106,iLocked,,,1
parameter_7107,iLocked,,,1
parameter_7108,iLocked,,,1
parameter_7109,iLocked,,,1
parameter_7110,iList,,,1
parameter_7111,AsmConstraintSettingAtt1,,,2
parameter_7112,iLocked,,,1
parameter_7113,iLocked,,,1
parameter_7114,iLocked,,,1
parameter_7115,iLocked,,,1
parameter_7116,iLocked,,,1
parameter_7117,iLocked,,,1
parameter_7118,iLocked,,,1
parameter_7119,iLocked,,,1
parameter_7120,iLocked,,,1
parameter_7121,iLocked,,,1
parameter_7122,iLocked,,,1
parameter_7123,iLocked,,,1
parameter_7124,iLocked,,,1
parameter_7125,iLocked,,,1
parameter_7126,iLocked,,,1
parameter_7127,iLocked,,,1
parameter_7128,iLocked,,,1
parameter_7129,iLocked,,,1
parameter_7130,iLocked,,,1
parameter_7131,iServerFile,,,1
parameter_7132,iAngle,,,1
parameter_7133,Angle,,,2
parameter_7134,HybridShapeFactory,,,3
parameter_7135,iPosition,,,1
parameter_7136,iRadius,,,2
parameter_7137,iI,,,1
parameter_7138,iRadius,,,2
parameter_7139,iMacroType,,,1
parameter_7140,iRadius,,,2
parameter_7141,iLocked,,,1
parameter_7142,iLocked,,,1
parameter_7143,iRed,,,1
parameter_7144,iGreen,,,2
parameter_7145,iBlue,,,3
parameter_7146,iInheritance,,,4
parameter_7147,Heritance,,,5
parameter_7148,iRed,,,1
parameter_7149,iGreen,,,2
parameter_7150,iBlue,,,3
parameter_7151,iInheritance,,,4
parameter_7152,Heritance,,,5
parameter_7153,iLineType,,,1
parameter_7154,iInheritance,,,2
parameter_7155,Heritance,,,3
parameter_7156,iOpacity,,,1
parameter_7157,iInheritance,,,2
parameter_7158,iLineWidth,,,1
parameter_7159,iInheritance,,,2
parameter_7160,Heritance,,,3
parameter_7161,iLocked,,,1
parameter_7162,iLocked,,,1
parameter_7163,iLabel,,,1
parameter_7164,iLineIndex,,,2
parameter_7165,iColumnIndex,,,3
parameter_7166,iLayerIndex,,,4
parameter_7167,iComponent,,,1
parameter_7168,iLabel,,,2
parameter_7169,iLineIndex,,,3
parameter_7170,iColumnIndex,,,4
parameter_7171,iLayerIndex,,,5
parameter_7172,iComponent,,,1
parameter_7173,iLabel,,,2
parameter_7174,iLineIndex,,,3
parameter_7175,iColumnIndex,,,4
parameter_7176,iLayerIndex,,,5
parameter_7177,roll,,,1
parameter_7178,pitch,,,2
parameter_7179,yaw,,,3
parameter_7180,iDirection,,,1
parameter_7181,iReferencePoint,,,1
parameter_7182,iSpine,,,1
parameter_7183,iRelatedR,,,1
parameter_7184,iRelatedG,,,2
parameter_7185,iRelatedB,,,3
parameter_7186,iLocked,,,1
parameter_7187,iLocked,,,1
parameter_7188,iLocked,,,1
parameter_7189,iDb2RelativePosition,,,1
parameter_7190,iIdentifier,,,1
parameter_7191,iRelayer,,,2
parameter_7192,iNameInRelay,,,3
parameter_7193,ipIAElem1,,,1
parameter_7194,ipOrient1,,,2
parameter_7195,ipIAElem2,,,3
parameter_7196,ipOrient2,,,4
parameter_7197,ipIAElem1,,,1
parameter_7198,ipOrient1,,,2
parameter_7199,ipIAElem2,,,3
parameter_7200,ipOrient2,,,4
parameter_7201,ipIAElem1,,,1
parameter_7202,ipOrient1,,,2
parameter_7203,ipIAElem2,,,3
parameter_7204,ipOrient2,,,4
parameter_7205,ipIAElem1,,,1
parameter_7206,ipOrient1,,,2
parameter_7207,ipIAElem2,,,3
parameter_7208,ipOrient2,,,4
parameter_7209,iGeometryType,,,1
parameter_7210,iReference,,,2
parameter_7211,iProduct,,,3
parameter_7212,iOffset,,,4
parameter_7213,iPosition,,,5
parameter_7214,iOldname,,,1
parameter_7215,iNewName,,,2
parameter_7216,iLocked,,,1
parameter_7217,iLocked,,,1
parameter_7218,iLocked,,,1
parameter_7219,iLocked,,,1
parameter_7220,iLocked,,,1
parameter_7221,iLocked,,,1
parameter_7222,iLocked,,,1
parameter_7223,iLocked,,,1
parameter_7224,iLocked,,,1
parameter_7225,iReshapeMode,,,1
parameter_7226,iLocked,,,1
parameter_7227,iLocked,,,1
parameter_7228,iResourceTreeID,,,1
parameter_7229,iLocked,,,1
parameter_7230,NbRevol,,,1
parameter_7231,iLocked,,,1
parameter_7232,iLocked,,,1
parameter_7233,iLocked,,,1
parameter_7234,iLocked,,,1
parameter_7235,iLocked,,,1
parameter_7236,iDb1RotationAngleInRad,,,1
parameter_7237,iRotationAxis,,,1
parameter_7238,CylindricalFace,,,2
parameter_7239,iRotationCenter,,,1
parameter_7240,iRow,,,1
parameter_7241,iRowSize,,,2
parameter_7242,iLocked,,,1
parameter_7243,iLocked,,,1
parameter_7244,iLocked,,,1
parameter_7245,iLocked,,,1
parameter_7246,iLocked,,,1
parameter_7247,iLocked,,,1
parameter_7248,iLocked,,,1
parameter_7249,iLocked,,,1
parameter_7250,iLocked,,,1
parameter_7251,iLocked,,,1
parameter_7252,iLocked,,,1
parameter_7253,iLocked,,,1
parameter_7254,iLocked,,,1
parameter_7255,iLocked,,,1
parameter_7256,iLocked,,,1
parameter_7257,iLocked,,,1
parameter_7258,iLocked,,,1
parameter_7259,iLocked,,,1
parameter_7260,iLocked,,,1
parameter_7261,iLocked,,,1
parameter_7262,iLocked,,,1
parameter_7263,iLocked,,,1
parameter_7264,iDb1ScaleFactor,,,1
parameter_7265,iLocked,,,1
parameter_7266,iIndex,,,1
parameter_7267,iScoredElement,,,2
parameter_7268,iElem1,,,1
parameter_7269,iElem2,,,2
parameter_7270,ilLawType,,,3
parameter_7271,iSecondDirection,,,1
parameter_7272,HybridShapeDirection,,,1
parameter_7273,iDir,,,1
parameter_7274,HybridShapeDirection,,,2
parameter_7275,iSecondType,,,1
parameter_7276,ipIAElem,,,2
parameter_7277,iLength1,,,1
parameter_7278,iLength2,,,2
parameter_7279,iLawType,,,3
parameter_7280,ilistProps,,,1
parameter_7281,iLocked,,,1
parameter_7282,R19,,,1
parameter_7283,iLocked,,,2
parameter_7284,iLocked,,,1
parameter_7285,iDb2EndPt,,,1
parameter_7286,inSegName,,,1
parameter_7288,iSelectedObjectID,,,1
parameter_7289,iReference,,,1
parameter_7290,iReplaceMode,,,2
parameter_7291,iLocked,,,1
parameter_7292,SharpnessAngle,,,1
parameter_7293,iLocked,,,1
parameter_7294,iLocked,,,1
parameter_7295,iLocked,,,1
parameter_7296,iLocked,,,1
parameter_7297,iLocked,,,1
parameter_7298,iLocked,,,1
parameter_7299,iSimplify,,,1
parameter_7300,iLocked,,,1
parameter_7301,iLocked,,,1
parameter_7302,iAngle,,,1
parameter_7303,iAngle,,,1
parameter_7304,iAngle,,,1
parameter_7305,iLength,,,1
parameter_7306,iLocked,,,1
parameter_7307,iLocked,,,1
parameter_7308,iSpacing,,,1
parameter_7309,iBHoriz,,,2
parameter_7310,iName,,,1
parameter_7311,iProduct,,,2
parameter_7312,iPublication,,,3
parameter_7313,iMode,,,4
parameter_7314,iName,,,1
parameter_7315,iProduct,,,2
parameter_7316,iSupport,,,3
parameter_7317,iMode,,,4
parameter_7318,value,,,1
parameter_7319,iSpine,,,1
parameter_7320,iSplineType,,,1
parameter_7321,iLocked,,,1
parameter_7322,iStartTgt,,,1
parameter_7323,iEndTgt,,,2
parameter_7324,iConicParam,,,3
parameter_7325,iStartTgt,,,1
parameter_7326,iEndTgt,,,2
parameter_7327,iPassingPt,,,3
parameter_7328,iFace,,,1
parameter_7329,iStartParam,,,1
parameter_7330,Parameter,,,2
parameter_7331,iDb2StartPt,,,1
parameter_7332,iPoint,,,1
parameter_7333,iGeometryPosition,,,1
parameter_7334,iReference,,,2
parameter_7335,iProduct,,,3
parameter_7336,iOffset,,,4
parameter_7337,iTangentSection,,,1
parameter_7338,iOrientation,,,1
parameter_7340,iEInternalFlowStatus,,,1
parameter_7341,iAttrName,,,1
parameter_7342,iAttrValue,,,2
parameter_7343,iLocked,,,1
parameter_7344,iAttributeLabel,,,1
parameter_7345,iLocked,,,1
parameter_7346,iLocked,,,1
parameter_7347,iBlendLimit,,,1
parameter_7348,iSupport,,,2
parameter_7349,iSupport,,,1
parameter_7351,iProducts,,,1
parameter_7352,iSupports,,,2
parameter_7353,iProducts,,,1
parameter_7354,iRegions,,,2
parameter_7355,iProducts,,,1
parameter_7356,iRegions,,,2
parameter_7357,iSuppressMode,,,1
parameter_7358,iLocked,,,1
parameter_7359,iLocked,,,1
parameter_7360,Index,,,1
parameter_7362,Index,,,1
parameter_7364,Index,,,1
parameter_7365,iSymbType,,,2
parameter_7366,iGRRSymbol,,,1
parameter_7367,iESymbolType,,,2
parameter_7368,iSymbol,,,1
parameter_7369,iWeld,,,2
parameter_7370,iSymbolType,,,1
parameter_7371,___,,,2
parameter_7372,iSym,,,1
parameter_7373,iSym,,,1
parameter_7374,iSym,,,1
parameter_7375,iSym,,,1
parameter_7376,iSym,,,1
parameter_7377,iSym,,,1
parameter_7378,iLocked,,,1
parameter_7379,iLocked,,,1
parameter_7380,iTCPTraceMode,,,1
parameter_7381,iTag,,,1
parameter_7382,S_OK,,,2
parameter_7383,E_FAIL,,,3
parameter_7384,TangencyAngle,,,1
parameter_7385,iNo,,,1
parameter_7386,iShellOri,,,2
parameter_7387,iGuideOri,,,3
parameter_7388,iTangencyContinuity,,,1
parameter_7389,TangencyObjective,,,1
parameter_7390,iTangencyThreshold,,,1
parameter_7391,iTangentX,,,1
parameter_7392,iTangentY,,,2
parameter_7393,iTgtInt,,,1
parameter_7394,iConicParam,,,2
parameter_7395,iTgtInt,,,1
parameter_7396,iPassingPt,,,2
parameter_7397,iTaperAngle,,,1
parameter_7398,piConstraintElement,,,1
parameter_7399,piStartPointX,,,2
parameter_7400,piStartPointY,,,3
parameter_7401,piStartPointZ,,,4
parameter_7402,piEndPointX,,,5
parameter_7403,piEndPointY,,,6
parameter_7404,piEndPointZ,,,7
parameter_7405,piConstraintType,,,8
parameter_7406,piConstraintElement,,,1
parameter_7407,piOriginX,,,2
parameter_7408,piOriginY,,,3
parameter_7409,piOriginZ,,,4
parameter_7410,piNormalX,,,5
parameter_7411,piNormalY,,,6
parameter_7412,piNormalZ,,,7
parameter_7413,piConstraintType,,,8
parameter_7414,piConstraintElement,,,1
parameter_7415,piCoordX,,,2
parameter_7416,piCoordY,,,3
parameter_7417,piCoordZ,,,4
parameter_7418,iLocked,,,1
parameter_7419,iLocked,,,1
parameter_7420,iBlendLimit,,,1
parameter_7421,iTensionType,,,2
parameter_7422,iFirstTension,,,3
parameter_7423,iSecondTension,,,4
parameter_7424,iBlendLimit,,,1
parameter_7425,iBlendLimit,,,2
parameter_7426,iLocked,,,1
parameter_7427,iLocked,,,1
parameter_7428,iCoordinates,,,1
parameter_7429,iLocked,,,1
parameter_7430,iLocked,,,1
parameter_7431,iRep,,,1
parameter_7432,iThickness,,,2
parameter_7433,iLocked,,,1
parameter_7434,iPassPt1,,,1
parameter_7435,iPassPt2,,,2
parameter_7436,iPassPt3,,,3
parameter_7437,iProducts,,,1
parameter_7438,iRegions,,,2
parameter_7439,iLocked,,,1
parameter_7440,iTolType,,,1
parameter_7441,itolName,,,2
parameter_7442,iUpTol,,,3
parameter_7443,iLowTol,,,4
parameter_7444,idUpTol,,,5
parameter_7445,idLowTol,,,6
parameter_7446,DisplayMode,,,7
parameter_7447,iMobile,,,1
parameter_7448,iToolProfile,,,1
parameter_7449,S_OK,,,2
parameter_7450,E_FAIL,,,3
parameter_7451,iLocked,,,1
parameter_7452,iLocked,,,1
parameter_7453,iLocked,,,1
parameter_7454,iLocked,,,1
parameter_7455,iLocked,,,1
parameter_7456,iLocked,,,1
parameter_7457,iLocked,,,1
parameter_7458,iLocked,,,1
parameter_7459,iLocked,,,1
parameter_7460,iLocked,,,1
parameter_7461,iRep,,,1
parameter_7462,iR,,,2
parameter_7463,iG,,,3
parameter_7464,iB,,,4
parameter_7465,iA,,,5
parameter_7466,iLocked,,,1
parameter_7467,iLocked,,,1
parameter_7468,iLocked,,,1
parameter_7469,iLocked,,,1
parameter_7470,iDb6TransMatrix,,,1
parameter_7471,See,,,2
parameter_7472,iBlendLimit,,,1
parameter_7473,iTransition,,,2
parameter_7474,iLocked,,,1
parameter_7475,iLocked,,,1
parameter_7476,iLocked,,,1
parameter_7477,iBlendLimit,,,1
parameter_7478,iTrimSupport,,,2
parameter_7479,iLocked,,,1
parameter_7480,iLocked,,,1
parameter_7481,iTurnNumbers,,,1
parameter_7482,S_OK,,,2
parameter_7483,E_FAIL,,,3
parameter_7484,iPassPt1,,,1
parameter_7485,iPassPt2,,,2
parameter_7486,iTgtDir,,,3
parameter_7487,iIndexPoint,,,4
parameter_7488,iFrameName,,,1
parameter_7489,Custom,,,2
parameter_7490,iTagType,,,1
parameter_7491,iRep,,,1
parameter_7492,iType,,,2
parameter_7493,Type,,,1
parameter_7494,iLocked,,,1
parameter_7495,iLocked,,,1
parameter_7496,iLocked,,,1
parameter_7497,iLocked,,,1
parameter_7498,iLocked,,,1
parameter_7499,iLocked,,,1
parameter_7500,iLocked,,,1
parameter_7501,iLocked,,,1
parameter_7502,iLocked,,,1
parameter_7503,iLocked,,,1
parameter_7504,iLocked,,,1
parameter_7505,iLocked,,,1
parameter_7506,iInstanceNumber,,,1
parameter_7507,iInstanceNumber,,,1
parameter_7508,iDirection,,,2
parameter_7509,iInstanceNumber,,,1
parameter_7510,iLocked,,,1
parameter_7511,iLocked,,,1
parameter_7512,iLocked,,,1
parameter_7513,iLocked,,,1
parameter_7514,iLocked,,,1
parameter_7515,iLocked,,,1
parameter_7516,iLocked,,,1
parameter_7517,iUserProfiles,,,1
parameter_7518,S_OK,,,2
parameter_7519,E_FAIL,,,3
parameter_7520,user_expr,,,1
parameter_7521,iLocked,,,1
parameter_7522,iLabel,,,1
parameter_7523,iLineIndex,,,2
parameter_7524,iColumnIndex,,,3
parameter_7525,iLayerIndex,,,4
parameter_7526,iComponent,,,1
parameter_7527,iLabel,,,2
parameter_7528,iLineIndex,,,3
parameter_7529,iColumnIndex,,,4
parameter_7530,iLayerIndex,,,5
parameter_7531,iComponent,,,1
parameter_7532,iLabel,,,2
parameter_7533,iLineIndex,,,3
parameter_7534,iColumnIndex,,,4
parameter_7535,iLayerIndex,,,5
parameter_7538,iLocked,,,1
parameter_7539,iLocked,,,1
parameter_7540,iLocked,,,1
parameter_7541,iViaStatus,,,1
parameter_7542,index,,,1
parameter_7543,S_OK,,,2
parameter_7544,E_FAIL,,,3
parameter_7545,iLocked,,,1
parameter_7546,iLocked,,,1
parameter_7547,iLocked,,,1
parameter_7548,iLocked,,,1
parameter_7549,iLocked,,,1
parameter_7550,iLocked,,,1
parameter_7551,iLocked,,,1
parameter_7552,iLocked,,,1
parameter_7553,iLocked,,,1
parameter_7554,iLocked,,,1
parameter_7555,iLocked,,,1
parameter_7556,iRep,,,1
parameter_7557,ibActiv,,,2
parameter_7558,iIndex,,,1
parameter_7559,iExtlineVisibility,,,2
parameter_7560,visivility,,,3
parameter_7561,iLocked,,,1
parameter_7562,iLocked,,,1
parameter_7563,iVolume,,,1
parameter_7564,iVolumeSupport,,,1
parameter_7565,iLocked,,,1
parameter_7566,iLocked,,,1
parameter_7567,iLocked,,,1
parameter_7568,iLocked,,,1
parameter_7569,iNumPoints,,,1
parameter_7570,adPoints,,,2
parameter_7571,iLocked,,,1
parameter_7572,iLocked,,,1
parameter_7573,iSpeed,,,1
parameter_7574,iLocked,,,1
parameter_7575,iLocked,,,1
parameter_7576,iLocked,,,1
parameter_7577,iLocked,,,1
parameter_7580,iX,,,1
parameter_7581,iY,,,2
parameter_7582,iZ,,,3
parameter_7583,iY,,,1
parameter_7584,iP,,,2
parameter_7585,iR,,,3
parameter_7586,iIndex,,,1
parameter_7587,the,,,2
parameter_7588,iIndex,,,1
parameter_7589,the,,,2
parameter_7592,iGRR,,,1
parameter_7593,iIndex,,,1
parameter_7594,iMode,,,2
parameter_7595,iCommandId,,,1
parameter_7596,iPointNumber,,,1
parameter_7597,iworkbenchId,,,1
parameter_7599,iFeature,,,1
parameter_7600,iRecursively,,,2
parameter_7601,iObject,,,1
parameter_7602,iRecursively,,,2
parameter_7603,iIndex,,,1
parameter_7604,the,,,2
parameter_7605,iGRR,,,1
parameter_7607,iGRRName,,,1
parameter_7608,iIndexPoint,,,1
parameter_7609,iDPELoginId,,,1
parameter_7610,iDPEPassword,,,2
parameter_7611,iRequired,,,1
parameter_7612,iRequired,,,1
parameter_7613,iRequired,,,1
parameter_7614,iRequired,,,1
parameter_7615,iRequired,,,1
parameter_7616,iftpHostName,,,1
parameter_7617,iftpLoginName,,,2
parameter_7618,iftpPassword,,,3
parameter_7619,iftpOutputlocation,,,4
parameter_7620,ifilterInputString,,,1
parameter_7621,iRequired,,,1
parameter_7622,iRequired,,,1
parameter_7623,iRequired,,,1
parameter_7624,iRequired,,,1
parameter_7625,iRequired,,,1
parameter_7626,iRequestType,,,1
parameter_7627,Manufacturing,,,2
parameter_7628,Volumetric,,,3
parameter_7629,User,,,4
parameter_7630,iRequestType,,,1
parameter_7631,PublishedSimulation,,,2
parameter_7632,iRequired,,,1
parameter_7633,iprocessName,,,1
parameter_7634,iRequestType,,,1
parameter_7635,DPMSingleSOIGeneration,,,2
parameter_7636,DPMMultiSOIGeneration,,,3
parameter_7637,DPMMultiSOIGenerationAtCS,,,4
parameter_7638,iProjID,,,1
parameter_7639,iRequestedNodeID,,,2
parameter_7640,iEffectivity,,,3
parameter_7641,USE,,,4
parameter_7642,iEncryptmode,,,1
parameter_7643,iTransactionID,,,1
parameter_7644,iRequired,,,1
parameter_7645,iRequired,,,1
parameter_7646,pName,,,1
parameter_7647,pName,,,1
parameter_7649,iView,,,1
parameter_7650,iDb6TransMatrix,,,1
parameter_7651,See,,,2
parameter_7652,iDb2Vector,,,1
parameter_7653,iIndex,,,1
parameter_7655,URL,,,3
parameter_7656,iIndex,,,1
parameter_7658,URL,,,3
parameter_7659,iBreakoutNumber,,,1
parameter_7660,iRow,,,1
parameter_7661,iDevice,,,1
parameter_7662,S_OK,,,2
parameter_7663,E_FAIL,,,3
parameter_7664,iDevice,,,1
parameter_7665,S_OK,,,2
parameter_7666,E_FAIL,,,3
parameter_7667,iGRR,,,1
parameter_7668,iGRR,,,1
parameter_7669,iSegNum,,,2
parameter_7670,iBlendLimit,,,1
parameter_7671,iLimitValue,,,1
parameter_7672,iLimitValue,,,1
parameter_7673,iBlendLimit,,,1
parameter_7674,iLimitValue,,,1
parameter_7675,iLimitValue,,,1
parameter_7676,iGRRToAdd,,,1
parameter_7677,iSmoothnessFactor,,,1
parameter_7678,iObject,,,1
parameter_7679,iRobotTask,,,1
parameter_7680,iXMLFileName,,,2
parameter_7681,iIsPartCoordinates,,,3
parameter_7682,iPart,,,4
parameter_7683,spISelectedRobot,,,1
parameter_7684,sPathToRobotProgramFile,,,2
parameter_7685,sPathToUploaderFile,,,3
parameter_7686,bIsUploadInPartCoords,,,4
parameter_7687,iValue,,,1
parameter_7688,iNbDecimals,,,1
parameter_7689,iShowTrailingZeros,,,2
parameter_7692,iAnnotatedView,,,1
parameter_7693,iEdge,,,1
parameter_7694,iEdgeToWithdraw,,,1
parameter_7695,iElementToWithdraw,,,1
parameter_7696,iFaceToWithdraw,,,1
parameter_7697,iFaceToWithdraw,,,1
parameter_7698,iFaceAdjacentForKeep,,,2
parameter_7699,iFaceToWithdraw,,,1
parameter_7700,iFaceToWithdraw,,,1
parameter_7701,iFaceToWithdraw,,,1
parameter_7702,iFaceAdjacentForRemove,,,2
parameter_7703,iFaceToWithdraw,,,1
parameter_7704,iVertex,,,1
parameter_7705,iObjectToWithdraw,,,1
parameter_7706,iWrittenString,,,1
