id,name,description,property_type,is_read_only
property_1,A,,RealParam,
property_2,ABND,,Unknown,
property_3,ASNavigationMode,,Unknown,
property_4,ASStepSize,,Unknown,
property_5,AbsoluteAxis,,Unknown,
property_6,AccelColor,,Unknown,
property_7,AccelLimit,,Unknown,
property_8,Acceleration,,Unknown,
property_9,Acceleration,,Unknown,
property_10,AccelerationPercent,,Unknown,
property_11,Accuracy,,Unknown,
property_12,AccuratePickingMode,,Unknown,
property_13,AccuratePickingWindowSize,,Unknown,
property_14,Actions,,Unknown,
property_15,ActionsCount,,Unknown,
property_16,ActionsGroups,,Unknown,
property_17,Activate2DMode,,Unknown,
property_18,Activated,,Unknown,
property_19,Activation,,Unknown,
property_20,Activation,,Unknown,
property_21,ActivationMode,,Unknown,
property_22,ActivationState,,Unknown,
property_23,ActivationState,,Unknown,
property_24,ActivationState,,Unknown,
property_25,ActivationStatus,,Unknown,
property_26,ActivationStatus,,Unknown,
property_27,Active,,Unknown,
property_28,Active,,Unknown,
property_29,ActiveCamera,,Unknown,
property_30,ActiveDocument,,Unknown,
property_31,ActiveEnvironment,,Unknown,
property_32,ActivePrinter,,Unknown,
property_33,ActiveSheet,,Unknown,
property_34,ActiveSheet,,Unknown,
property_35,ActiveSheet,,Unknown,
property_36,ActiveSheet,,Unknown,
property_37,ActiveStatus,,Unknown,
property_38,ActiveStatus,,Unknown,
property_39,ActiveStatus,,Unknown,
property_40,ActiveView,,Unknown,
property_41,ActiveView,,Unknown,
property_42,ActiveView,,Unknown,
property_43,ActiveView,,Unknown,
property_44,ActiveViewState,,Unknown,
property_45,ActiveViewer,,Unknown,
property_46,ActiveWindow,,Unknown,
property_47,Activities,,Unknown,
property_48,Activity,,Unknown,
property_49,AdaptiveCoeff,,Unknown,
property_50,AdaptivityManager,,Unknown,
property_51,AddedMaterialPercentage,,Unknown,
property_52,AddedMaterialVolume,,Unknown,
property_53,AdjustMethod,,Unknown,
property_54,AdjustSlaveNode,,Unknown,
property_55,AdjustSlaveNode,,Unknown,
property_56,AdjustToleranceVal,,Unknown,
property_57,AdvancedLaw,,Unknown,
property_58,Affiche_Attribut,,Unknown,
property_59,AlgorithmType,,Unknown,
property_60,AlignType,,Unknown,
property_61,AllAround,,Unknown,
property_62,AllChecksReport,,Unknown,
property_63,AllDatumsSimple,,Unknown,
property_64,AllJointsSpeed,,Unknown,
property_65,AllParameters,,Unknown,
property_66,AllResourceFilter,,Unknown,
property_67,AllZBufferElementMode,,Unknown,
property_68,AllowDistortions,,Unknown,
property_69,AllowSeparation,,Unknown,
property_70,AlphabeticOrder,,Unknown,
property_71,AlsoDeleteExclusiveParents,,Unknown,
property_72,AlternateView,,Unknown,
property_73,Ambient,,Unknown,
property_74,AmbientActivation,,Unknown,
property_75,AmbientCoefficient,,Unknown,
property_76,AmbientFactor,,Unknown,
property_77,Amplitude,,Unknown,
property_78,Amplitude,,Unknown,
property_79,AnEmptyAnnotationsList,,Unknown,
property_80,Analysis,,Unknown,
property_81,AnalysisCacheMode,,Unknown,
property_82,AnalysisCases,,Unknown,
property_83,AnalysisDisplayMode,,Unknown,
property_84,AnalysisEntities,,Unknown,
property_85,AnalysisImages,,Unknown,
property_86,AnalysisImages,,Unknown,
property_87,AnalysisImages,,Unknown,
property_88,AnalysisImages,,Unknown,
property_89,AnalysisLevel,,Unknown,
property_90,AnalysisLoadMode,,Unknown,
property_91,AnalysisLocalEntities,,Unknown,
property_92,AnalysisMaterial,,Unknown,
property_93,AnalysisMeshLocalSpecifications,,Unknown,
property_94,AnalysisMeshParts,,Unknown,
property_95,AnalysisModels,,Unknown,
property_96,AnalysisNamingAuto,,Unknown,
property_97,AnalysisOutputEntities,,Unknown,
property_98,AnalysisSets,,Unknown,
property_99,AnalysisSets,,Unknown,
property_100,AnalysisSets,,Unknown,
property_101,AnalysisSets,,Unknown,
property_102,AnalysisSupports,,Unknown,
property_103,AnalysisSupports,,Unknown,
property_104,Analyze,,Unknown,
property_105,AnchorDirReverse,,Unknown,
property_106,AnchorMode,,Unknown,
property_107,AnchorMode,,Unknown,
property_108,AnchorPoint,,Unknown,
property_109,AnchorPoint,,Unknown,
property_110,AnchorPoint,,Unknown,
property_111,AnchorPoint,,Unknown,
property_112,AnchorPosition,,Unknown,
property_113,Angle,,Unknown,
property_114,Angle,,Unknown,
property_115,Angle,,Unknown,
property_116,Angle,,Unknown,
property_117,Angle,,Unknown,
property_118,Angle,,Unknown,
property_119,Angle,,Unknown,
property_120,Angle,,Unknown,
property_121,Angle,,Unknown,
property_122,Angle,,Unknown,
property_123,Angle,,Unknown,
property_124,Angle,,Unknown,
property_125,Angle,,Unknown,
property_126,Angle,,Unknown,
property_127,Angle,,Unknown,
property_128,Angle,,Unknown,
property_129,Angle,,Unknown,
property_130,AngleCriteria,,Unknown,
property_131,AngleCut,,Unknown,
property_132,AngleLaw,,Unknown,
property_133,AngleLaw,,Unknown,
property_134,AngleLawInversion,,Unknown,
property_135,AngleLawInversion,,Unknown,
property_136,AngleLawType,,Unknown,
property_137,AngleLawType,,Unknown,
property_138,AngleLimit,,Unknown,
property_139,AngleLimit,,Unknown,
property_140,AngleMaxTolerance,,Unknown,
property_141,AngleMinTolerance,,Unknown,
property_142,AngleParameter,,Unknown,
property_143,AngleSector,,Unknown,
property_144,AngleStep,,Unknown,
property_145,AngleToTarget,,Unknown,
property_146,AngleValidation,,Unknown,
property_147,AngleValue,,Unknown,
property_148,AngleValue,,Unknown,
property_149,AngulaireGeneralTolClass,,Unknown,
property_150,AngularDirectionRow,,Unknown,
property_151,AngularRepartition,,Unknown,
property_152,AngularSpacing,,Unknown,
property_153,AngularThreshold,,Unknown,
property_154,AngularThresholdActivity,,Unknown,
property_155,Animation,,Unknown,
property_156,AnlAccelLimit,,Unknown,
property_157,AnlCautionZone,,Unknown,
property_158,AnlIOAnalysis,,Unknown,
property_159,AnlIntDist,,Unknown,
property_160,AnlIntf,,Unknown,
property_161,AnlLinAccelLimit,,Unknown,
property_162,AnlLinSpeedLimit,,Unknown,
property_163,AnlMeasure,,Unknown,
property_164,AnlRotAccelLimit,,Unknown,
property_165,AnlRotSpeedLimit,,Unknown,
property_166,AnlTravelLimit,,Unknown,
property_167,AnlVelocityLimit,,Unknown,
property_168,AnnotDimInvalid,,Unknown,
property_169,AnnotDimOnDeletedGeom,,Unknown,
property_170,AnnotDimOnUnloadedGeom,,Unknown,
property_171,AnnotOnZeroZSetting,,Unknown,
property_172,AnnotatedView,,Unknown,
property_173,AnnotatedViews,,Unknown,
property_174,AnnotatedViews,,Unknown,
property_175,AnnotatedViews,,Unknown,
property_176,AnnotatedViews,,Unknown,
property_177,Annotation3D,,Unknown,
property_178,Annotation3DMode,,Unknown,
property_179,AnnotationFactory,,Unknown,
property_180,AnnotationSets,,Unknown,
property_181,Annotations,,Unknown,
property_182,Annotations,,Unknown,
property_183,Anthro,,Unknown,
property_184,AntiAliasingMode,,Unknown,
property_185,AntiAliasingOffset,,Unknown,
property_186,AntialiasingContrast,,Unknown,
property_187,AntialiasingMaxSample,,Unknown,
property_188,AntialiasingMinSample,,Unknown,
property_189,Applicability,,Unknown,
property_190,Application,,Unknown,
property_191,Application,,Unknown,
property_192,ApplicationID,,Unknown,
property_193,ApplicationMode,,Unknown,
property_194,ApplicativeDataFilter,,Unknown,
property_195,AppliedUnitSymbol,,Unknown,
property_196,ApplyJoin,,Unknown,
property_197,ApplyLabelEffToAltChild,,Unknown,
property_198,ApplyUserSubroutine,,Unknown,
property_199,ApplyUserSubroutine,,Unknown,
property_200,ApplyUserSubroutine,,Unknown,
property_201,ApplyUserSubroutine,,Unknown,
property_202,ApplyUserSubroutine,,Unknown,
property_203,ApplyUserSubroutine,,Unknown,
property_204,ArcSelectionActivation,,Unknown,
property_205,Area,,Unknown,
property_206,AreaHeigth,,Unknown,
property_207,AreaLowX,,Unknown,
property_208,AreaLowY,,Unknown,
property_209,AreaSamplesU,,Unknown,
property_210,AreaSamplesV,,Unknown,
property_211,AreaStatus,,Unknown,
property_212,AreaType,,Unknown,
property_213,AreaWidth,,Unknown,
property_214,ArrNomenclatureTree,,Unknown,
property_215,ArrangementAreas,,Unknown,
property_216,ArrangementBoundaries,,Unknown,
property_217,ArrangementContours,,Unknown,
property_218,ArrangementItemReservations,,Unknown,
property_219,ArrangementNodes,,Unknown,
property_220,ArrangementNodes,,Unknown,
property_221,ArrangementNodes,,Unknown,
property_222,ArrangementPathways,,Unknown,
property_223,ArrangementRectangles,,Unknown,
property_224,ArrangementRuns,,Unknown,
property_225,Arrows,,Unknown,
property_226,Arrows,,Unknown,
property_227,AskAnlMode,,Unknown,
property_228,AssemblyType,,Unknown,
property_229,AssignedViewer,,Unknown,
property_230,Asso_mode,,Unknown,
property_231,AssociatedPartName,,Unknown,
property_232,Associations,,Unknown,
property_233,AssociativeElement,,Unknown,
property_234,AtEndOfLine,,Unknown,
property_235,AtEndOfStream,,Unknown,
property_236,AthAnnotation,,Unknown,
property_237,AthDisableSim,,Unknown,
property_238,AthEndCondition,,Unknown,
property_239,AthHyperlink,,Unknown,
property_240,AthSelAgentDlg,,Unknown,
property_241,AthStateMgt,,Unknown,
property_242,AthTextMsg,,Unknown,
property_243,AthViewpoint,,Unknown,
property_244,AttAP,,Unknown,
property_245,AttASM,,Unknown,
property_246,AttASMGVP,,Unknown,
property_247,AttAngleDefFiting,,Unknown,
property_248,AttAnnotation,,Unknown,
property_249,AttFitting,,Unknown,
property_250,AttGVP,,Unknown,
property_251,AttGVPCOPS,,Unknown,
property_252,AttGVPCOPSSAG,,Unknown,
property_253,AttGVPCOPSTol,,Unknown,
property_254,AttGVPCdG,,Unknown,
property_255,AttGVPVA,,Unknown,
property_256,AttGroupMode,,Unknown,
property_257,AttHeaderAuthor,,Unknown,
property_258,AttHeaderAuthorisation,,Unknown,
property_259,AttHeaderDescription,,Unknown,
property_260,AttHeaderOrganisation,,Unknown,
property_261,AttIASM,,Unknown,
property_262,AttLayersFilters,,Unknown,
property_263,AttMultiCAD,,Unknown,
property_264,AttOptimizeC2,,Unknown,
property_265,AttReport,,Unknown,
property_266,AttShow,,Unknown,
property_267,AttTolDefOptFit,,Unknown,
property_268,AttUnits,,Unknown,
property_269,AttenuationAngleRatio,,Unknown,
property_270,AttenuationStartRatio,,Unknown,
property_271,AttrCount,,Unknown,
property_272,AttrNames,,Unknown,
property_273,AttributeNames,,Unknown,
property_274,AttributesFilter,,Unknown,
property_275,AugmentedLagrange,,Unknown,
property_276,AuthorName,,Unknown,
property_277,AuthorOrganization,,Unknown,
property_278,AutoExpandActivation,,Unknown,
property_279,AutoLoadMfgCtx,,Unknown,
property_280,AutoLoadSrvMfgCtx,,Unknown,
property_281,AutoLoadVolCtx,,Unknown,
property_282,AutoPreviewMode,,Unknown,
property_283,AutoReframeFilter,,Unknown,
property_284,AutoSave,,Unknown,
property_285,AutoScaleStatus,,Unknown,
property_286,AutoScrollActivation,,Unknown,
property_287,AutoSwitchToDesignMode,,Unknown,
property_288,AutoTimeIncrementMethod,,Unknown,
property_289,AutoUpdateMode,,Unknown,
property_290,AutoWalkActColor,,Unknown,
property_291,AutoWalkActLineType,,Unknown,
property_292,AutoWalkActLineWeight,,Unknown,
property_293,AutomaticCorrect,,Unknown,
property_294,AutomaticExtrapolationMode,,Unknown,
property_295,AutomaticExtrapolationMode,,Unknown,
property_296,AutomatizedCCP,,Unknown,
property_297,AuxiliaryDrillViewer,,Unknown,
property_298,Axis,,Unknown,
property_299,Axis,,Unknown,
property_300,Axis,,Unknown,
property_301,Axis,,Unknown,
property_302,Axis,,Unknown,
property_303,Axis,,Unknown,
property_304,Axis,,Unknown,
property_305,AxisComputation,,Unknown,
property_306,AxisDirection,,Unknown,
property_307,AxisFirstDirection,,Unknown,
property_308,AxisLineType,,Unknown,
property_309,AxisOrigin,,Unknown,
property_310,AxisPlane,,Unknown,
property_311,AxisRotationAngle,,Unknown,
property_312,AxisRotationReference,,Unknown,
property_313,AxisSystemSize,,Unknown,
property_314,AxisSystems,,Unknown,
property_315,Axis_sys,,Unknown,
property_316,B,,RealParam,
property_317,BKTAccessRights,,Unknown,
property_318,BKTBehaviorOperationMessage,,Unknown,
property_319,BKTSpecificationTree,,Unknown,
property_320,BackClippingPlane,,Unknown,
property_321,BackFaceCullingMode,,Unknown,
property_322,BackgroundImageMode,,Unknown,
property_323,Banner,,Unknown,
property_324,BannerPosition,,Unknown,
property_325,BannerSize,,Unknown,
property_326,BaseCurve,,Unknown,
property_327,BaseNomenclatures,,Unknown,
property_328,BasicComponents,,Unknown,
property_329,BasicComponents,,Unknown,
property_330,BasicComponents,,Unknown,
property_331,BasicComponents,,Unknown,
property_332,BeepMode,,Unknown,
property_333,BeginAngle,,Unknown,
property_334,BeginMeridianAngle,,Unknown,
property_335,BeginOfCircle,,Unknown,
property_336,BeginOfCircle,,Unknown,
property_337,BeginOfCircle,,Unknown,
property_338,BeginOfCircle,,Unknown,
property_339,BeginOfCorner,,Unknown,
property_340,BeginOffset,,Unknown,
property_341,BeginOffset,,Unknown,
property_342,BeginOffset,,Unknown,
property_343,BeginOffset,,Unknown,
property_344,BeginOffset,,Unknown,
property_345,BeginOffset,,Unknown,
property_346,BeginOffset,,Unknown,
property_347,BeginParallelAngle,,Unknown,
property_348,BeginStepNum,,Unknown,
property_349,BeginningDate,,Unknown,
property_350,Behavior,,Unknown,
property_351,BehaviorMode,,Unknown,
property_352,Behaviors,,Unknown,
property_353,BendAngle,,Unknown,
property_354,BendRadius,,Unknown,
property_355,BitangencyType,,Unknown,
property_356,Blanking,,Unknown,
property_357,Bodies,,Unknown,
property_358,Bodies,,Unknown,
property_359,Bodies,,Unknown,
property_360,BodiesUnderOperationsInTree,,Unknown,
property_361,Body,,Unknown,
property_362,Body,,Unknown,
property_363,Body,,Unknown,
property_364,Body,,Unknown,
property_365,Body,,Unknown,
property_366,BodyComponent,,Unknown,
property_367,BodyHideInCapture,,Unknown,
property_368,BodyNode,,Unknown,
property_369,BodyPose,,Unknown,
property_370,BodyToBump,,Unknown,
property_371,Bold,,Unknown,
property_372,BooleanOperation,,Unknown,
property_373,BorderEdgesMode,,Unknown,
property_374,BorderEdgesThickness,,Unknown,
property_375,BorderType,,Unknown,
property_376,BotOffset,,Unknown,
property_377,BothSidesMode,,Unknown,
property_378,Bottom,,Unknown,
property_379,BottomAngle,,Unknown,
property_380,BottomAngle,,Unknown,
property_381,BottomLimit,,Unknown,
property_382,BottomLimit,,Unknown,
property_383,BottomMargin,,Unknown,
property_384,BottomType,,Unknown,
property_385,BottomType,,Unknown,
property_386,BottomType,,Unknown,
property_387,Boundaries2DLDisplay,,Unknown,
property_388,Boundaries2DLLineType,,Unknown,
property_389,Boundaries2DLThickness,,Unknown,
property_390,Boundary,,Unknown,
property_391,BoundaryConditions,,Unknown,
property_392,BoundaryConditions,,Unknown,
property_393,BoundaryConditions,,Unknown,
property_394,BoundingBoxSelectionMode,,Unknown,
property_395,BoxCount,,Unknown,
property_396,BoxDisplay,,Unknown,
property_397,BrokenConstraintsCount,,Unknown,
property_398,BufferSize,,Unknown,
property_399,Bump,,Unknown,
property_400,C,,RealParam,
property_401,CAPACITANCE,,Unknown,
property_402,CATFTAChamferGeneralTolClass,,Unknown,
property_403,CATFTAEdgesLineType,,Unknown,
property_404,CATFTAEdgesThickness,,Unknown,
property_405,CATFTAUFAutoTolerancing,,Unknown,
property_406,CATFTAUseLastTolerances,,Unknown,
property_407,CERR,,Unknown,
property_408,CMND,,Unknown,
property_409,COMT,,Unknown,
property_410,CPUS,,Unknown,
property_411,CacheMaxSizeMo,,Unknown,
property_412,CacheSize,,Unknown,
property_413,CalculatedBeginTime,,Unknown,
property_414,CalculatedCycleTime,,Unknown,
property_415,CalledTask,,Unknown,
property_416,CalloutCreationDialogBox,,Unknown,
property_417,Camera,,Unknown,
property_418,Cameras,,Unknown,
property_419,CanonicFreeMode,,Unknown,
property_420,CanonicalDetection,,Unknown,
property_421,CanonicalDetection,,Unknown,
property_422,CanonicalDetection,,Unknown,
property_423,CanonicalDetection,,Unknown,
property_424,Caption,,Unknown,
property_425,Caption,,Unknown,
property_426,CaptureFactory,,Unknown,
property_427,Captures,,Unknown,
property_428,CartoonContourThickness,,Unknown,
property_429,CartoonShadingStatus,,Unknown,
property_430,CartoonStatus,,Unknown,
property_431,CartoonStrokeStatus,,Unknown,
property_432,Cases,,Unknown,
property_433,CatalogName,,Unknown,
property_434,CatalogPartName,,Unknown,
property_435,CausticAccuracy,,Unknown,
property_436,CausticPhotonsNumber,,Unknown,
property_437,CausticRadius,,Unknown,
property_438,CausticStatus,,Unknown,
property_439,CautionColor,,Unknown,
property_440,CautionZone,,Unknown,
property_441,Center,,Unknown,
property_442,Center,,Unknown,
property_443,Center,,Unknown,
property_444,Center,,Unknown,
property_445,Center,,Unknown,
property_446,Center,,Unknown,
property_447,CenterCurve,,Unknown,
property_448,CenterCurveElement,,Unknown,
property_449,CenterElem,,Unknown,
property_450,CenterLine,,Unknown,
property_451,CenterPoint,,Unknown,
property_452,CenterPoint,,Unknown,
property_453,CenterPoint,,Unknown,
property_454,CenterTension,,Unknown,
property_455,CheckEdition,,Unknown,
property_456,CheckReportHtml,,Unknown,
property_457,ChessboardJointHeight,,Unknown,
property_458,ChessboardJointWidth,,Unknown,
property_459,ChessboardOffset,,Unknown,
property_460,ChessboardTileHeight,,Unknown,
property_461,ChessboardTileWidth,,Unknown,
property_462,ChildrenActivities,,Unknown,
property_463,ChildrenTSAs,,Unknown,
property_464,ChoiceNo,,Unknown,
property_465,ChooseBestOrientation,,Unknown,
property_466,ChooseBestOrientation,,Unknown,
property_467,CircularPatternParameters,,Unknown,
property_468,ClashMode,,Unknown,
property_469,ClashSound,,Unknown,
property_470,ClashWhileMoving,,Unknown,
property_471,Clashes,,Unknown,
property_472,CleanTolCheck,,Unknown,
property_473,CleanTolValue,,Unknown,
property_474,Clearance,,Unknown,
property_475,ClearanceContactPressureValue,,Unknown,
property_476,ClearanceVoxel,,Unknown,
property_477,ClippingFrame,,Unknown,
property_478,ClippingFrameReframeOnMode,,Unknown,
property_479,ClippingMode,,Unknown,
property_480,ClippingMode,,Unknown,
property_481,ClippingPlane,,Unknown,
property_482,ClippingViewOutlineLinetype,,Unknown,
property_483,ClippingViewOutlineThickness,,Unknown,
property_484,ClockType,,Unknown,
property_485,ClockwiseRevolution,,Unknown,
property_486,ClockwiseRevolution,,Unknown,
property_487,Closure,,Unknown,
property_488,Code_page,,Unknown,
property_489,Code_page_Dest,,Unknown,
property_490,CollWalkClearance,,Unknown,
property_491,CollapseExpandFilter,,Unknown,
property_492,CollisionClearance,,Unknown,
property_493,CollisionSearchIntensity,,Unknown,
property_494,Color,,Unknown,
property_495,Color,,Unknown,
property_496,Color,,Unknown,
property_497,Color,,Unknown,
property_498,Color,,Unknown,
property_499,Color,,Unknown,
property_500,Color,,Unknown,
property_501,ColorBackgroundMode,,Unknown,
property_502,ColorInheritanceMode,,Unknown,
property_503,ColorNumber,,Unknown,
property_504,ColorSynchronizationEditability,,Unknown,
property_505,ColorSynchronizationMode,,Unknown,
property_506,ColumnsNb,,Unknown,
property_507,Commands,,Unknown,
property_508,Comment,,Unknown,
property_509,Comment,,Unknown,
property_510,Comment,,Unknown,
property_511,Comment,,Unknown,
property_512,Comment,,Unknown,
property_513,Comment,,Unknown,
property_514,Comment,,Unknown,
property_515,Comment,,Unknown,
property_516,Comment,,Unknown,
property_517,Comment,,Unknown,
property_518,Comment,,Unknown,
property_519,CompEndSectionTangent,,Unknown,
property_520,CompRef,,Unknown,
property_521,CompStartSectionTangent,,Unknown,
property_522,CompanionPath,,Unknown,
property_523,ComparisonInfo,,Unknown,
property_524,CompassPos,,Unknown,
property_525,ComplementaryExtract,,Unknown,
property_526,Components,,Unknown,
property_527,Components,,Unknown,
property_528,ComputationDir,,Unknown,
property_529,ComputationType,,Unknown,
property_530,ComputationType,,Unknown,
property_531,ComputeMode,,Unknown,
property_532,ConductanceTableSize,,Unknown,
property_533,Conferencing,,Unknown,
property_534,Configuration,,Unknown,
property_535,ConfigurationsNb,,Unknown,
property_536,Conflicts,,Unknown,
property_537,Conflicts,,Unknown,
property_538,ConicParameter,,Unknown,
property_539,ConicUserTol,,Unknown,
property_540,ConicalSectionParameter,,Unknown,
property_541,ConnectType,,Unknown,
property_542,ConnectedElecSchObjects,,Unknown,
property_543,ConnectionProperty,,Unknown,
property_544,ConnectionProperty,,Unknown,
property_545,ConnectionProperty,,Unknown,
property_546,ConnectorName,,Unknown,
property_547,ConnectorName,,Unknown,
property_548,ConnectorPartNumber,,Unknown,
property_549,ConnectorRefDesignator,,Unknown,
property_550,ConnectorSubType,,Unknown,
property_551,ConnectorType,,Unknown,
property_552,Connectors,,Unknown,
property_553,Connectors,,Unknown,
property_554,Connex,,Unknown,
property_555,ConstantLengthMode,,Unknown,
property_556,Constraint,,Unknown,
property_557,ConstraintCreationMode,,Unknown,
property_558,Constraints,,Unknown,
property_559,Constraints,,Unknown,
property_560,Constraints,,Unknown,
property_561,ConstraintsInGeometry,,Unknown,
property_562,ConstraintsNodeInTree,,Unknown,
property_563,ConstraintsSimul,,Unknown,
property_564,Construction,,Unknown,
property_565,ContactElecBarrelDiameter,,Unknown,
property_566,ContactName,,Unknown,
property_567,ContactPartNumber,,Unknown,
property_568,ContactPrint,,Unknown,
property_569,ContactRefDesignator,,Unknown,
property_570,ContactStiffness,,Unknown,
property_571,ContactStiffnessScaleFactorValue,,Unknown,
property_572,ContactStiffnessValue,,Unknown,
property_573,ContactSubType,,Unknown,
property_574,ContactType,,Unknown,
property_575,Context,,Unknown,
property_576,Context,,Unknown,
property_577,Context,,Unknown,
property_578,Context,,Unknown,
property_579,Context,,Unknown,
property_580,Context,,Unknown,
property_581,Context,,Unknown,
property_582,Context,,Unknown,
property_583,Context,,Unknown,
property_584,ContextualFeaturesSelectableAtCreation,,Unknown,
property_585,Continuity,,Unknown,
property_586,Continuity,,Unknown,
property_587,Continuity,,Unknown,
property_588,ContinuityType,,Unknown,
property_589,ContinuityType,,Unknown,
property_590,Contour,,Unknown,
property_591,ContoursCount,,Unknown,
property_592,ConvSpeed,,Unknown,
property_593,ConversionTechnology,,Unknown,
property_594,Conversion_Table,,Unknown,
property_595,CoordXValue,,Unknown,
property_596,CoordYValue,,Unknown,
property_597,CoordZValue,,Unknown,
property_598,CopyDirectory,,Unknown,
property_599,CopyMode,,Unknown,
property_600,CornerRadiusValue,,Unknown,
property_601,CornerRounding,,Unknown,
property_602,CornerRounding,,Unknown,
property_603,CornerRounding,,Unknown,
property_604,CornerTensionValue,,Unknown,
property_605,CornerType,,Unknown,
property_606,CorrectFunction,,Unknown,
property_607,CorrectFunctionComment,,Unknown,
property_608,CorrectFunctionType,,Unknown,
property_609,CorrectionMode,,Unknown,
property_610,CorrectorCount,,Unknown,
property_611,Count,,Unknown,
property_612,Count,,Unknown,
property_613,Count,,Unknown,
property_614,Count,,Unknown,
property_615,Count,,Unknown,
property_616,Count,,Unknown,
property_617,Count,,Unknown,
property_618,Count,,Unknown,
property_619,Count,,Unknown,
property_620,Count,,Unknown,
property_621,Count,,Unknown,
property_622,Count,,Unknown,
property_623,Count2,,Unknown,
property_624,CountFail,,Unknown,
property_625,CountSucceed,,Unknown,
property_626,CounterSunkMode,,Unknown,
property_627,Coupling,,Unknown,
property_628,CreateAssociativeUseEdges,,Unknown,
property_629,CreateNewSheetFrom,,Unknown,
property_630,CreationMode,,Unknown,
property_631,CreationMode,,Unknown,
property_632,CreationMode,,Unknown,
property_633,CreationMode,,Unknown,
property_634,CrossingPoint,,Unknown,
property_635,CrvMod,,Unknown,
property_636,CumulateMode,,Unknown,
property_637,CumulationMode,,Unknown,
property_638,CuredThickness,,Unknown,
property_639,Current,,Unknown,
property_640,CurrentAnchorPointName,,Unknown,
property_641,CurrentAssoc,,Unknown,
property_642,CurrentDescription,,Unknown,
property_643,CurrentFilter,,Unknown,
property_644,CurrentLayer,,Unknown,
property_645,CurrentPos,,Unknown,
property_646,CurrentScript,,Unknown,
property_647,CurrentValue,,Unknown,
property_648,CurrentValue1,,Unknown,
property_649,CurrentValue2,,Unknown,
property_650,Curvature,,Unknown,
property_651,CurvatureRadius,,Unknown,
property_652,CurvatureThreshold,,Unknown,
property_653,CurvatureThreshold,,Unknown,
property_654,CurvatureThresholdActivity,,Unknown,
property_655,CurvatureThresholdActivity,,Unknown,
property_656,Curve,,Unknown,
property_657,Curve,,Unknown,
property_658,Curve,,Unknown,
property_659,Curve,,Unknown,
property_660,Curve,,Unknown,
property_661,Curve,,Unknown,
property_662,Curve1,,Unknown,
property_663,Curve1,,Unknown,
property_664,Curve1,,Unknown,
property_665,Curve1,,Unknown,
property_666,Curve2,,Unknown,
property_667,Curve2,,Unknown,
property_668,Curve2,,Unknown,
property_669,Curve3,,Unknown,
property_670,CurveOffseted,,Unknown,
property_671,CurveParLaw,,Unknown,
property_672,CurveParType,,Unknown,
property_673,CurveToOffset,,Unknown,
property_674,CurveToSmooth,,Unknown,
property_675,CustomBackgroundImage,,Unknown,
property_676,CustomImageFormat,,Unknown,
property_677,CustomImageHeight,,Unknown,
property_678,CustomImageWidth,,Unknown,
property_679,CutMode,,Unknown,
property_680,Cutback,,Unknown,
property_681,CuttingElem,,Unknown,
property_682,CycleTime,,Unknown,
property_683,CylinderLightHeight,,Unknown,
property_684,CylinderLightRadius,,Unknown,
property_685,cf1,,Unknown,
property_686,cf2,,Unknown,
property_687,cf3,,Unknown,
property_688,cm1,,Unknown,
property_689,cm2,,Unknown,
property_690,cm3,,Unknown,
property_691,comp1,,Unknown,
property_692,comp2,,Unknown,
property_693,comp3,,Unknown,
property_694,cropBottom,,Unknown,
property_695,cropLeft,,Unknown,
property_696,cropRight,,Unknown,
property_697,cropTop,,Unknown,
property_698,D,,Unknown,
property_699,DLNameCreationRight,,Unknown,
property_700,DMUClashPreview,,Unknown,
property_701,DMUCut3DPreview,,Unknown,
property_702,DMUDataFlow,,Unknown,
property_703,DMUDistancePreview,,Unknown,
property_704,DMUFreeSpacePreview,,Unknown,
property_705,DMUGroupPreview,,Unknown,
property_706,DMUGroupPreviewHiddenObjectsDisplayMode,,Unknown,
property_707,DMUGroupPreviewHiddenObjectsLowInt,,Unknown,
property_708,DMUGroupPreviewHiddenObjectsOpacity,,Unknown,
property_709,DMUGroupPreviewHiddenObjectsPick,,Unknown,
property_710,DMUMergerPreview,,Unknown,
property_711,DMUOffsetPreview,,Unknown,
property_712,DMUReviewName,,Unknown,
property_713,DMUSectionPreview,,Unknown,
property_714,DMUShuttlePreview,,Unknown,
property_715,DMUSilhouettePreview,,Unknown,
property_716,DMUSimplifPreview,,Unknown,
property_717,DMUSweptVolPreview,,Unknown,
property_718,DMUThicknessPreview,,Unknown,
property_719,DMUVibrationVolPreview,,Unknown,
property_720,DMUWrappingPreview,,Unknown,
property_721,DNB3DStatePositionManagement,,Unknown,
property_722,DateFormat,,Unknown,
property_723,Datum,,Unknown,
property_724,DedicatedFilterType,,Unknown,
property_725,DeepSearchActivation,,Unknown,
property_726,DefaultAnalysisFlag,,Unknown,
property_727,DefaultAnalysisTemplate,,Unknown,
property_728,DefaultDiffuseAmbientCoefficient,,Unknown,
property_729,DefaultPowerInputContextPriority,,Unknown,
property_730,DefaultPowerInputContextScope,,Unknown,
property_731,DefaultPowerInputPrefix,,Unknown,
property_732,DefaultShininess,,Unknown,
property_733,DefaultSpecularCoefficient,,Unknown,
property_734,DefaultSpeed,,Unknown,
property_735,DefaultStyleSheet,,Unknown,
property_736,DefaultTime,,Unknown,
property_737,DefaultTolerance,,Unknown,
property_738,DefaultWalkSpeed,,Unknown,
property_739,Definition,,Unknown,
property_740,Definition,,Unknown,
property_741,DeformationCenter,,Unknown,
property_742,DeformationDir,,Unknown,
property_743,DeformationDist,,Unknown,
property_744,DeformationDistValue,,Unknown,
property_745,DeformationMode,,Unknown,
property_746,DeleteWarningBox,,Unknown,
property_747,Deltmx,,Unknown,
property_748,DemoMode,,Unknown,
property_749,Density,,Unknown,
property_750,Density,,Unknown,
property_751,Depth,,Unknown,
property_752,Depth,,Unknown,
property_753,DepthOfFieldRadius,,Unknown,
property_754,DepthOfFieldStatus,,Unknown,
property_755,Description,,Unknown,
property_756,Description,,Unknown,
property_757,Description,,Unknown,
property_758,Description,,Unknown,
property_759,Description,,Unknown,
property_760,Description,,Unknown,
property_761,Description,,Unknown,
property_762,Description,,Unknown,
property_763,DescriptionInst,,Unknown,
property_764,DescriptionRef,,Unknown,
property_765,DesignMode,,Unknown,
property_766,DesignReview,,Unknown,
property_767,DesignTablesCopyData,,Unknown,
property_768,DesignTablesSynchronization,,Unknown,
property_769,DetailsModeExplode,,Unknown,
property_770,DetailsModeUsual,,Unknown,
property_771,DetailsModeWireframe,,Unknown,
property_772,DeviceName,,Unknown,
property_773,Diagnosis,,Unknown,
property_774,Diameter,,Unknown,
property_775,Diameter,,Unknown,
property_776,Diameter,,Unknown,
property_777,Diameter,,Unknown,
property_778,Diameter,,Unknown,
property_779,Diameter,,Unknown,
property_780,Diameter,,Unknown,
property_781,Diameter,,Unknown,
property_782,Diameter,,Unknown,
property_783,Diameter,,Unknown,
property_784,DiameterMode,,Unknown,
property_785,DiameterMode,,Unknown,
property_786,DiameterMode,,Unknown,
property_787,DiameterMode,,Unknown,
property_788,DiameterMode,,Unknown,
property_789,Diffuse,,Unknown,
property_790,DiffuseCoefficient,,Unknown,
property_791,DimAfterCre,,Unknown,
property_792,DimAfterMod,,Unknown,
property_793,DimBeforeCre,,Unknown,
property_794,DimBeforeMod,,Unknown,
property_795,DimBlankingCre,,Unknown,
property_796,DimBlankingMod,,Unknown,
property_797,DimConfigureSnapping,,Unknown,
property_798,DimConstantOffset,,Unknown,
property_799,DimCreateOn,,Unknown,
property_800,DimLineGraphRep,,Unknown,
property_801,DimLineOrientation,,Unknown,
property_802,DimLinePosValue,,Unknown,
property_803,DimLineReference,,Unknown,
property_804,DimLineRep,,Unknown,
property_805,DimLineType,,Unknown,
property_806,DimLineUpBaseAngle,,Unknown,
property_807,DimLineUpBaseLength,,Unknown,
property_808,DimLineUpCumul,,Unknown,
property_809,DimLineUpFunnel,,Unknown,
property_810,DimLineUpOffsetBetDimAngle,,Unknown,
property_811,DimLineUpOffsetBetDimLength,,Unknown,
property_812,DimLineUpOffsetToRefAngle,,Unknown,
property_813,DimLineUpOffsetToRefLength,,Unknown,
property_814,DimLineUpStack,,Unknown,
property_815,DimManualPositionning,,Unknown,
property_816,DimMove2dPartCre,,Unknown,
property_817,DimMove2dPartMod,,Unknown,
property_818,DimMoveDimLineCre,,Unknown,
property_819,DimMoveDimLineMod,,Unknown,
property_820,DimMoveLeaderCre,,Unknown,
property_821,DimMoveLeaderMod,,Unknown,
property_822,DimMoveSubPart,,Unknown,
property_823,DimMoveValueCre,,Unknown,
property_824,DimMoveValueMod,,Unknown,
property_825,DimORunCre,,Unknown,
property_826,DimORunMod,,Unknown,
property_827,DimOriDefaultSymb,,Unknown,
property_828,DimSnapping,,Unknown,
property_829,DimStatus,,Unknown,
property_830,DimType,,Unknown,
property_831,Dimension,,Unknown,
property_832,Dimension,,Unknown,
property_833,DimensionLimitType,,Unknown,
property_834,Dimensions,,Unknown,
property_835,Dimensions,,Unknown,
property_836,Dir,,Unknown,
property_837,Dir,,Unknown,
property_838,DirectParameters,,Unknown,
property_839,Direction,,Unknown,
property_840,Direction,,Unknown,
property_841,Direction,,Unknown,
property_842,Direction,,Unknown,
property_843,Direction,,Unknown,
property_844,Direction,,Unknown,
property_845,Direction,,Unknown,
property_846,Direction,,Unknown,
property_847,Direction,,Unknown,
property_848,Direction,,Unknown,
property_849,Direction,,Unknown,
property_850,Direction,,Unknown,
property_851,Direction1,,Unknown,
property_852,Direction2,,Unknown,
property_853,Direction2,,Unknown,
property_854,Direction3,,Unknown,
property_855,DirectionOrientation,,Unknown,
property_856,DirectionOrientation,,Unknown,
property_857,DirectionToUnfold,,Unknown,
property_858,DirectionType,,Unknown,
property_859,DirectionType,,Unknown,
property_860,DirectoryForInputXsl,,Unknown,
property_861,DiscriminationIndex,,Unknown,
property_862,DiscriminationIndex,,Unknown,
property_863,DiscriminationIndex,,Unknown,
property_864,DiscriminationIndex,,Unknown,
property_865,DiscriminationIndex,,Unknown,
property_866,DiskLightRadius,,Unknown,
property_867,DisplayAnlStatus,,Unknown,
property_868,DisplayBackAndCuttingPlane,,Unknown,
property_869,DisplayClippingOutline,,Unknown,
property_870,DisplayCurrentScale,,Unknown,
property_871,DisplayCutInWireframe,,Unknown,
property_872,DisplayDrillList,,Unknown,
property_873,DisplayFileAlerts,,Unknown,
property_874,DisplayGeomOnScrolling,,Unknown,
property_875,DisplayGeometryAfterCurrent,,Unknown,
property_876,DisplayImmersiveDrillViewer,,Unknown,
property_877,DisplayMode,,Unknown,
property_878,DisplayName,,Unknown,
property_879,DisplayNameMode,,Unknown,
property_880,DisplayOrder,,Unknown,
property_881,DisplayProcessOrder,,Unknown,
property_882,DisplayResetButton,,Unknown,
property_883,DisplayTrailingZeros,,Unknown,
property_884,DisplayV4Text3D,,Unknown,
property_885,Distance,,Unknown,
property_886,DistanceConfig,,Unknown,
property_887,DistanceCriteria,,Unknown,
property_888,DistanceDirection,,Unknown,
property_889,DistanceObjective,,Unknown,
property_890,DistanceStep,,Unknown,
property_891,DistanceThreshold,,Unknown,
property_892,DistanceThresholdActivity,,Unknown,
property_893,DistanceToSatisfaction,,Unknown,
property_894,DistanceToTarget,,Unknown,
property_895,DistanceType,,Unknown,
property_896,DistanceValue,,Unknown,
property_897,Distances,,Unknown,
property_898,Distribution,,Unknown,
property_899,Dlname,,Unknown,
property_900,DocLanguage,,Unknown,
property_901,Document,,Unknown,
property_902,Document,,Unknown,
property_903,Document,,Unknown,
property_904,DocumentContentAtCreation,,Unknown,
property_905,Documents,,Unknown,
property_906,DomainID,,Unknown,
property_907,Downloader,,Unknown,
property_908,DownloaderDir,,Unknown,
property_909,Dpi,,Unknown,
property_910,DraftAngle,,Unknown,
property_911,DraftComputationMode,,Unknown,
property_912,DraftDirection,,Unknown,
property_913,DraftDomains,,Unknown,
property_914,DraftFeatureMigrationMode,,Unknown,
property_915,DragDrop,,Unknown,
property_916,Draw,,Unknown,
property_917,DrawingRoot,,Unknown,
property_918,DualValue,,Unknown,
property_919,DynamicCull,,Unknown,
property_920,DynamicLOD,,Unknown,
property_921,dependencies,,Unknown,
property_922,ELPS,,Unknown,
property_923,EchoPrint,,Unknown,
property_924,EdgePropagation,,Unknown,
property_925,EdgeToTearPositioningOrientation,,Unknown,
property_926,EdgesToFillet,,Unknown,
property_927,EdgesToKeep,,Unknown,
property_928,EditDedicatedFilterDialogBox,,Unknown,
property_929,ElecSchematicChildren,,Unknown,
property_930,ElecSchematicParent,,Unknown,
property_931,ElectronicType,,Unknown,
property_932,Elem,,Unknown,
property_933,Elem1,,Unknown,
property_934,Elem1,,Unknown,
property_935,Elem2,,Unknown,
property_936,Elem2,,Unknown,
property_937,ElemToCut,,Unknown,
property_938,ElemToExtrapol,,Unknown,
property_939,ElemToProject,,Unknown,
property_940,ElemToRotate,,Unknown,
property_941,ElemToScale,,Unknown,
property_942,ElemToSymmetry,,Unknown,
property_943,ElemToTransform,,Unknown,
property_944,ElemToTransform,,Unknown,
property_945,ElemToTranslate,,Unknown,
property_946,ElemUntil,,Unknown,
property_947,Element,,Unknown,
property_948,Element,,Unknown,
property_949,Element,,Unknown,
property_950,Element1,,Unknown,
property_951,Element1,,Unknown,
property_952,Element2,,Unknown,
property_953,Element2,,Unknown,
property_954,Element2,,Unknown,
property_955,Element3,,Unknown,
property_956,ElementToTransfer,,Unknown,
property_957,ElementsToChamfer,,Unknown,
property_958,EnableAnlMode,,Unknown,
property_959,EnableHeartBeat,,Unknown,
property_960,EndAngle,,Unknown,
property_961,EndAngle,,Unknown,
property_962,EndDate,,Unknown,
property_963,EndDistance,,Unknown,
property_964,EndEffector,,Unknown,
property_965,EndExtremity,,Unknown,
property_966,EndExtremityContinuity,,Unknown,
property_967,EndMeridianAngle,,Unknown,
property_968,EndOffset,,Unknown,
property_969,EndOffset,,Unknown,
property_970,EndOffset,,Unknown,
property_971,EndOffset,,Unknown,
property_972,EndOffset,,Unknown,
property_973,EndOffset,,Unknown,
property_974,EndOffset,,Unknown,
property_975,EndParallelAngle,,Unknown,
property_976,EndParam,,Unknown,
property_977,EndPoint,,Unknown,
property_978,EndPoint,,Unknown,
property_979,EndStepNum,,Unknown,
property_980,EndStepOnTempChange,,Unknown,
property_981,EndTangent,,Unknown,
property_982,EndingAngle,,Unknown,
property_983,EndingRadius,,Unknown,
property_984,EnergyFactor,,Unknown,
property_985,EnergyFraction,,Unknown,
property_986,EngineInterface,,Unknown,
property_987,Entities,,Unknown,
property_988,EnvironmentImage,,Unknown,
property_989,Ergo,,Unknown,
property_990,ErrorMessage,,Unknown,
property_991,ExistingTaskTreatment,,Unknown,
property_992,ExpNotationValuesGreater,,Unknown,
property_993,ExpNotationValuesLower,,Unknown,
property_994,ExpandSketchBasedFeaturesNodeAtCreation,,Unknown,
property_995,ExpertRuleBaseComponentRuntimes,,Unknown,
property_996,ExportEdges,,Unknown,
property_997,ExportMSBO,,Unknown,
property_998,ExportNormals,,Unknown,
property_999,ExportTexture,,Unknown,
property_1000,ExportTextureFile,,Unknown,
property_1001,ExportTextureFormat,,Unknown,
property_1002,ExportUnit,,Unknown,
property_1003,ExportVersion,,Unknown,
property_1004,ExtLineSlant,,Unknown,
property_1005,ExtLineType,,Unknown,
property_1006,ExtendEdgesMode,,Unknown,
property_1007,ExtendMode,,Unknown,
property_1008,ExtensionClass,,Unknown,
property_1009,ExternalMaxDeformation,,Unknown,
property_1010,ExternalReferencesAsVisible,,Unknown,
property_1011,ExternalReferencesAssemblyRootContext,,Unknown,
property_1012,ExternalReferencesNodeInTree,,Unknown,
property_1013,ExternalThickness,,Unknown,
property_1014,ExternalTypeDeformation,,Unknown,
property_1015,ExtractMode,,Unknown,
property_1016,ExtrapolateMode,,Unknown,
property_1017,ExtremumType,,Unknown,
property_1018,ExtremumType,,Unknown,
property_1019,ExtremumType2,,Unknown,
property_1020,ExtremumType3,,Unknown,
property_1021,ExtrudedObject,,Unknown,
property_1022,FabricWidth,,Unknown,
property_1023,FaceHLDrill,,Unknown,
property_1024,FaceNumber,,Unknown,
property_1025,FaceToRemove,,Unknown,
property_1026,FaceType,,Unknown,
property_1027,FacesToDraft,,Unknown,
property_1028,FacesToFillet,,Unknown,
property_1029,FacesToFillets,,Unknown,
property_1030,FacesToRemove,,Unknown,
property_1031,FacesToThicken,,Unknown,
property_1032,FacetManagers,,Unknown,
property_1033,Factor,,Unknown,
property_1034,Factory2D,,Unknown,
property_1035,Factory2D,,Unknown,
property_1036,Factory2D,,Unknown,
property_1037,Failures,,Unknown,
property_1038,FakeDimType,,Unknown,
property_1039,FalloffExponent,,Unknown,
property_1040,Families,,Unknown,
property_1041,FamilyName,,Unknown,
property_1042,FarLimit,,Unknown,
property_1043,FeatRemark,,Unknown,
property_1044,FeatType,,Unknown,
property_1045,FeatureToLocatePositions,,Unknown,
property_1046,FeatureToLocatePositions,,Unknown,
property_1047,FieldOfView,,Unknown,
property_1048,FieldOfView,,Unknown,
property_1049,Fields,,Unknown,
property_1050,Fields,,Unknown,
property_1051,Fields,,Unknown,
property_1052,FifthGuideCrv,,Unknown,
property_1053,FilePath,,Unknown,
property_1054,FileSearchOrder,,Unknown,
property_1055,FileSeparator,,Unknown,
property_1056,FileSystem,,Unknown,
property_1057,Files,,Unknown,
property_1058,Fill,,Unknown,
property_1059,Fill,,Unknown,
property_1060,FillTwistedAreas,,Unknown,
property_1061,FilletBoundaryRelimitation,,Unknown,
property_1062,FilletRadius,,Unknown,
property_1063,FilletRepresentation,,Unknown,
property_1064,FilletSpine,,Unknown,
property_1065,FilletTrimSupport,,Unknown,
property_1066,FilletVariation,,Unknown,
property_1067,FinalGatheringAccuracy,,Unknown,
property_1068,FinalGatheringMaxRadius,,Unknown,
property_1069,FinalGatheringMinRadius,,Unknown,
property_1070,FinalGatheringStatus,,Unknown,
property_1071,First,,Unknown,
property_1072,First,,Unknown,
property_1073,FirstAct,,Unknown,
property_1074,FirstAngle,,Unknown,
property_1075,FirstAngleLaw,,Unknown,
property_1076,FirstAngleLawInversion,,Unknown,
property_1077,FirstComponentDirection,,Unknown,
property_1078,FirstComponentProfile,,Unknown,
property_1079,FirstContinuity,,Unknown,
property_1080,FirstCurve,,Unknown,
property_1081,FirstCurvesConstraint,,Unknown,
property_1082,FirstDirection,,Unknown,
property_1083,FirstDirection,,Unknown,
property_1084,FirstDirectionRepartition,,Unknown,
property_1085,FirstDirectionRow,,Unknown,
property_1086,FirstElem,,Unknown,
property_1087,FirstElem,,Unknown,
property_1088,FirstElem,,Unknown,
property_1089,FirstElem,,Unknown,
property_1090,FirstElement,,Unknown,
property_1091,FirstFace,,Unknown,
property_1092,FirstFace,,Unknown,
property_1093,FirstGroup,,Unknown,
property_1094,FirstGroup,,Unknown,
property_1095,FirstGuideCrv,,Unknown,
property_1096,FirstGuideCrv,,Unknown,
property_1097,FirstGuideCrv,,Unknown,
property_1098,FirstGuideCrv,,Unknown,
property_1099,FirstGuideSurf,,Unknown,
property_1100,FirstLawRelimiter,,Unknown,
property_1101,FirstLengthLaw,,Unknown,
property_1102,FirstLengthLawInversion,,Unknown,
property_1103,FirstLimit,,Unknown,
property_1104,FirstLimit,,Unknown,
property_1105,FirstLimitType,,Unknown,
property_1106,FirstOrientation,,Unknown,
property_1107,FirstOrientation,,Unknown,
property_1108,FirstOrientation,,Unknown,
property_1109,FirstOrientation,,Unknown,
property_1110,FirstOrientation,,Unknown,
property_1111,FirstOrientation,,Unknown,
property_1112,FirstPoint,,Unknown,
property_1113,FirstPoint,,Unknown,
property_1114,FirstPoint,,Unknown,
property_1115,FirstPoint,,Unknown,
property_1116,FirstProduct,,Unknown,
property_1117,FirstProduct,,Unknown,
property_1118,FirstRectangularPatternParameters,,Unknown,
property_1119,FirstTangentOrientation,,Unknown,
property_1120,FirstTension,,Unknown,
property_1121,FirstUptoElem,,Unknown,
property_1122,FirstUptoElement,,Unknown,
property_1123,FitToPrinterFormat,,Unknown,
property_1124,FitToPrinterFormat,,Unknown,
property_1125,FitToSheetFormat,,Unknown,
property_1126,FitToSheetFormat,,Unknown,
property_1127,FixTogethersCount,,Unknown,
property_1128,FixedPart,,Unknown,
property_1129,FixedText,,Unknown,
property_1130,FixedTimeIncrementMethod,,Unknown,
property_1131,FlagNoteText,,Unknown,
property_1132,FlagText,,Unknown,
property_1133,FlipSide,,Unknown,
property_1134,FlipU,,Unknown,
property_1135,FlipUStatus,,Unknown,
property_1136,FlipV,,Unknown,
property_1137,FlipVStatus,,Unknown,
property_1138,FlowCapability,,Unknown,
property_1139,FlowReality,,Unknown,
property_1140,FlyCollisionMode,,Unknown,
property_1141,FlyCollisionSphereRadius,,Unknown,
property_1142,FlyCollisionType,,Unknown,
property_1143,FlySensitivity,,Unknown,
property_1144,FlySpeed,,Unknown,
property_1145,FlySpeedMode,,Unknown,
property_1146,FocalDistance,,Unknown,
property_1147,FocusDistance,,Unknown,
property_1148,Foggy,,Unknown,
property_1149,FollowGroundAltitude,,Unknown,
property_1150,FollowGroundMode,,Unknown,
property_1151,FollowNodalRotation,,Unknown,
property_1152,FontName,,Unknown,
property_1153,FontSize,,Unknown,
property_1154,ForbidNonCoplanarLines,,Unknown,
property_1155,ForceClearanceVoxel,,Unknown,
property_1156,ForceVoxel,,Unknown,
property_1157,Form,,Unknown,
property_1158,Formulation,,Unknown,
property_1159,FormulationOption,,Unknown,
property_1160,FormulationOption,,Unknown,
property_1161,Forshortened,,Unknown,
property_1162,FourthGuideCrv,,Unknown,
property_1163,Frame,,Unknown,
property_1164,Frame,,Unknown,
property_1165,FrameType,,Unknown,
property_1166,FrameType,,Unknown,
property_1167,FrameVisualization,,Unknown,
property_1168,FrameVisualization,,Unknown,
property_1169,FreeParameters,,Unknown,
property_1170,FreeSpaces,,Unknown,
property_1171,Freezed,,Unknown,
property_1172,Frequency,,Unknown,
property_1173,FrequencyIncrement,,Unknown,
property_1174,FrequencyInterval,,Unknown,
property_1175,FrequencyType,,Unknown,
property_1176,FrictionCoefficient,,Unknown,
property_1177,From,,Unknown,
property_1178,From,,Unknown,
property_1179,FromOrientation,,Unknown,
property_1180,FullName,,Unknown,
property_1181,FullName,,Unknown,
property_1182,FullSceneAntiAliasingMode,,Unknown,
property_1183,FullScreen,,Unknown,
property_1184,FunctionStatus,,Unknown,
property_1185,FunctionalActionPresentation,,Unknown,
property_1186,FunctionalElement,,Unknown,
property_1187,FunctionalFace,,Unknown,
property_1188,FunctionalFace,,Unknown,
property_1189,FunctionalFaces,,Unknown,
property_1190,FunctionalFaces,,Unknown,
property_1191,filmCoeff,,Unknown,
property_1192,format,,Unknown,
property_1193,Gamma,,Unknown,
property_1194,GenViewsPosMode,,Unknown,
property_1195,GeneralTolClass,,Unknown,
property_1196,GenerativeBehavior,,Unknown,
property_1197,GenerativeLinks,,Unknown,
property_1198,Geodesic,,Unknown,
property_1199,Geodesic,,Unknown,
property_1200,GeometricElements,,Unknown,
property_1201,GeometricElements,,Unknown,
property_1202,GeometricElements,,Unknown,
property_1203,GeometricElements,,Unknown,
property_1204,GeometricElements,,Unknown,
property_1205,GeometricType,,Unknown,
property_1206,GeometryName,,Unknown,
property_1207,GeometryRepresentationFormat,,Unknown,
property_1208,Global,,Unknown,
property_1209,GlobalElemAssignment,,Unknown,
property_1210,GlobalIlluminationAccuracy,,Unknown,
property_1211,GlobalIlluminationRadius,,Unknown,
property_1212,GlobalIlluminationStatus,,Unknown,
property_1213,GlobalPhotonsNumber,,Unknown,
property_1214,GlowFlareDiffusion,,Unknown,
property_1215,GlowFlareFactor,,Unknown,
property_1216,GlowIntensity,,Unknown,
property_1217,GlowRadialLineSize,,Unknown,
property_1218,GlowSize,,Unknown,
property_1219,GlowStarEffect,,Unknown,
property_1220,GlowStatus,,Unknown,
property_1221,GlowThreshold,,Unknown,
property_1222,GrabbingObject,,Unknown,
property_1223,GrabbingObject,,Unknown,
property_1224,Gravity,,Unknown,
property_1225,GravityAxis,,Unknown,
property_1226,GridAutoFiltering,,Unknown,
property_1227,GridAutoResize,,Unknown,
property_1228,GridDisplay,,Unknown,
property_1229,GridHeightStep,,Unknown,
property_1230,GridPositionMode,,Unknown,
property_1231,GridPrimarySpacing,,Unknown,
property_1232,GridSecondaryStep,,Unknown,
property_1233,GridSnapPoint,,Unknown,
property_1234,GridStyle,,Unknown,
property_1235,GridVPrimarySpacing,,Unknown,
property_1236,GridVSecondaryStep,,Unknown,
property_1237,GridWidthStep,,Unknown,
property_1238,Ground,,Unknown,
property_1239,Group,,Unknown,
property_1240,Group,,Unknown,
property_1241,Group,,Unknown,
property_1242,Groups,,Unknown,
property_1243,Groups,,Unknown,
property_1244,GuideDeviation,,Unknown,
property_1245,GuideDeviation,,Unknown,
property_1246,GuideDeviation,,Unknown,
property_1247,GuideDeviation,,Unknown,
property_1248,GuideDeviationActivity,,Unknown,
property_1249,GuideDeviationActivity,,Unknown,
property_1250,GuideDeviationActivity,,Unknown,
property_1251,GuideDeviationActivity,,Unknown,
property_1252,GuideProjection,,Unknown,
property_1253,HOST,,Unknown,
property_1254,HSOSynchronized,,Unknown,
property_1255,HalfDimMode,,Unknown,
property_1256,HaloMode,,Unknown,
property_1257,HardwareShadowSmoothing,,Unknown,
property_1258,HardwareShadowStatus,,Unknown,
property_1259,HardwareShadowTransparency,,Unknown,
property_1260,HeadAngle,,Unknown,
property_1261,HeadAngle,,Unknown,
property_1262,HeadDepth,,Unknown,
property_1263,HeadDepth,,Unknown,
property_1264,HeadDiameter,,Unknown,
property_1265,HeadDiameter,,Unknown,
property_1266,HeadSymbol,,Unknown,
property_1267,HeadSymbol,,Unknown,
property_1268,HeadTarget,,Unknown,
property_1269,HeadTarget,,Unknown,
property_1270,Height,,Unknown,
property_1271,Height,,Unknown,
property_1272,Height,,Unknown,
property_1273,Height,,Unknown,
property_1274,Height,,Unknown,
property_1275,Height,,Unknown,
property_1276,Height,,Unknown,
property_1277,Height,,Unknown,
property_1278,Height,,Unknown,
property_1279,Heightmax,,Unknown,
property_1280,Heightmin,,Unknown,
property_1281,Help,,Unknown,
property_1282,Hidden,,Unknown,
property_1283,Hidden,,Unknown,
property_1284,Hidden,,Unknown,
property_1285,HiddenLineMode,,Unknown,
property_1286,HideIn3D,,Unknown,
property_1287,HidePlane,,Unknown,
property_1288,HideResult,,Unknown,
property_1289,HighlightDefAnnot,,Unknown,
property_1290,HistoryPrint,,Unknown,
property_1291,HoldCurve,,Unknown,
property_1292,HoleOwner,,Unknown,
property_1293,HoleThreadDescription,,Unknown,
property_1294,HoleType,,Unknown,
property_1295,HomeName,,Unknown,
property_1296,HomeName,,Unknown,
property_1297,HorizontalReference,,Unknown,
property_1298,HumanTask,,Unknown,
property_1299,HybridBodies,,Unknown,
property_1300,HybridBodies,,Unknown,
property_1301,HybridBodies,,Unknown,
property_1302,HybridDesignMode,,Unknown,
property_1303,HybridShape,,Unknown,
property_1304,HybridShape,,Unknown,
property_1305,HybridShape,,Unknown,
property_1306,HybridShape,,Unknown,
property_1307,HybridShape,,Unknown,
property_1308,HybridShape,,Unknown,
property_1309,HybridShapeFactory,,Unknown,
property_1310,HybridShapes,,Unknown,
property_1311,HybridShapes,,Unknown,
property_1312,HybridShapes,,Unknown,
property_1313,HybridSketches,,Unknown,
property_1314,Hyperlinks,,Unknown,
property_1315,height,,Unknown,
property_1316,IKManager,,Unknown,
property_1317,IconName,,Unknown,
property_1318,IdeasComponentName,,Unknown,
property_1319,IdeasComponentType,,Unknown,
property_1320,IdeasLibraryName,,Unknown,
property_1321,IdeasPartNumber,,Unknown,
property_1322,IdeasProjectName,,Unknown,
property_1323,IdeasRevNumber,,Unknown,
property_1324,IdeasTessParam,,Unknown,
property_1325,IdentificationLineSide,,Unknown,
property_1326,Identifier,,Unknown,
property_1327,Identifier,,Unknown,
property_1328,Idi3dAnnotationMode,,Unknown,
property_1329,IlluminationStatus,,Unknown,
property_1330,ImageHeight,,Unknown,
property_1331,ImageOutputDirectory,,Unknown,
property_1332,ImageOutputFormat,,Unknown,
property_1333,ImageOutputName,,Unknown,
property_1334,ImageOutputType,,Unknown,
property_1335,ImagePredefinedRatio,,Unknown,
property_1336,ImageQualityMode,,Unknown,
property_1337,ImageTextSize,,Unknown,
property_1338,ImageTextStacking,,Unknown,
property_1339,ImageViewMode,,Unknown,
property_1340,ImageWidth,,Unknown,
property_1341,ImaginaryRadius,,Unknown,
property_1342,ImplicitLawInterpolationMode,,Unknown,
property_1343,ImpliedResourceFilter,,Unknown,
property_1344,ImportAnnotation,,Unknown,
property_1345,ImportBaseFrm,,Unknown,
property_1346,ImportCollision,,Unknown,
property_1347,ImportConfigFile,,Unknown,
property_1348,ImportCoorsys,,Unknown,
property_1349,ImportCreaseAngle,,Unknown,
property_1350,ImportEdge,,Unknown,
property_1351,ImportFloor,,Unknown,
property_1352,ImportGroupAsSelSet,,Unknown,
property_1353,ImportLibrary,,Unknown,
property_1354,ImportPDBCache,,Unknown,
property_1355,ImportRecording,,Unknown,
property_1356,ImportToolFrm,,Unknown,
property_1357,ImportUnit,,Unknown,
property_1358,ImportUserAttr,,Unknown,
property_1359,ImportUserViews,,Unknown,
property_1360,ImportWclMessage,,Unknown,
property_1361,ImportWclPath,,Unknown,
property_1362,ImposedVertices,,Unknown,
property_1363,InBooleanOperation,,Unknown,
property_1364,InWorkObject,,Unknown,
property_1365,InactivityDuration,,Unknown,
property_1366,IncludeShellThickness,,Unknown,
property_1367,IncludeShellThickness,,Unknown,
property_1368,Inertias,,Unknown,
property_1369,InfRange,,Unknown,
property_1370,InheritanceMode,,Unknown,
property_1371,InitStatus,,Unknown,
property_1372,InitialDirectionComputationMode,,Unknown,
property_1373,InitialElement,,Unknown,
property_1374,InitialGap,,Unknown,
property_1375,InitialInc,,Unknown,
property_1376,InitialInc,,Unknown,
property_1377,InitialThickness,,Unknown,
property_1378,InitialThicknessType,,Unknown,
property_1379,InitialVoid,,Unknown,
property_1380,Initial_Model_File_Path,,Unknown,
property_1381,Input,,Unknown,
property_1382,InputFileFormat,,Unknown,
property_1383,InputProducts,,Unknown,
property_1384,InputSupport,,Unknown,
property_1385,InputsCount,,Unknown,
property_1386,InputsCount,,Unknown,
property_1387,Insert,,Unknown,
property_1388,InsertLevel,,Unknown,
property_1389,InsertMode,,Unknown,
property_1390,InsertType,,Unknown,
property_1391,InsertionLevel,,Unknown,
property_1392,InstanceCount,,Unknown,
property_1393,InstanceSpacing,,Unknown,
property_1394,InstancesCount,,Unknown,
property_1395,IntSysClassName,,Unknown,
property_1396,IntegratedLaw,,Unknown,
property_1397,IntegrationType,,Unknown,
property_1398,Intensity,,Unknown,
property_1399,InteractionProperty,,Unknown,
property_1400,Interactions,,Unknown,
property_1401,Interactive,,Unknown,
property_1402,InterferenceFit,,Unknown,
property_1403,InterferenceFitAmplitude,,Unknown,
property_1404,InterferenceType,,Unknown,
property_1405,InternalMaxDeformation,,Unknown,
property_1406,InternalThickness,,Unknown,
property_1407,InternalTypeDeformation,,Unknown,
property_1408,Interpolater,,Unknown,
property_1409,IntersectMode,,Unknown,
property_1410,IntersectionComputation,,Unknown,
property_1411,IntersectionComputation,,Unknown,
property_1412,Invert,,Unknown,
property_1413,InvertAxis,,Unknown,
property_1414,InvertAxis,,Unknown,
property_1415,InvertDirection,,Unknown,
property_1416,InvertDirection,,Unknown,
property_1417,InvertMappingLaw,,Unknown,
property_1418,InvertMappingLaw,,Unknown,
property_1419,InvertMasterSurface,,Unknown,
property_1420,InvertMasterSurface,,Unknown,
property_1421,InvertSlaveSurface,,Unknown,
property_1422,InvertSlaveSurface,,Unknown,
property_1423,IsClipped,,Unknown,
property_1424,IsConst,,Unknown,
property_1425,IsCurrent,,Unknown,
property_1426,IsDefined,,Unknown,
property_1427,IsFederated,,Unknown,
property_1428,IsFromTop,,Unknown,
property_1429,IsSpaceReserved,,Unknown,
property_1430,IsSuccess,,Unknown,
property_1431,IsSymmetric,,Unknown,
property_1432,IsSymmetric,,Unknown,
property_1433,IsSymmetric,,Unknown,
property_1434,IsThin,,Unknown,
property_1435,IsThin,,Unknown,
property_1436,IsThin,,Unknown,
property_1437,IsTrueParameter,,Unknown,
property_1438,IslandsCount,,Unknown,
property_1439,IsoparGenerationMode,,Unknown,
property_1440,IssueRepositoryPath,,Unknown,
property_1441,Italic,,Unknown,
property_1442,ItemToCopy,,Unknown,
property_1443,Items,,Unknown,
property_1444,ItemsFilter,,Unknown,
property_1445,ItemsPerRelationFilter,,Unknown,
property_1446,JavaClassPath,,Unknown,
property_1447,JavaClassPath,,Unknown,
property_1448,JavaExe,,Unknown,
property_1449,JavaExe,,Unknown,
property_1450,Job,,Unknown,
property_1451,Jobs,,Unknown,
property_1452,JointValues,,Unknown,
property_1453,JointValues,,Unknown,
property_1454,Joints,,Unknown,
property_1455,Justification,,Unknown,
property_1456,Justification,,Unknown,
property_1457,KeepBothSides,,Unknown,
property_1458,KeepFace,,Unknown,
property_1459,KeepFaces,,Unknown,
property_1460,KeepSegmentation,,Unknown,
property_1461,Kerning,,Unknown,
property_1462,KeyboardRotationAngleValue,,Unknown,
property_1463,KindOfSet,,Unknown,
property_1464,KnowledgeBuildPathDirectory,,Unknown,
property_1465,KnowledgeInHybridDesignMode,,Unknown,
property_1466,LAYER,,Unknown,
property_1467,LODMode,,Unknown,
property_1468,Label,,Unknown,
property_1469,Label,,Unknown,
property_1470,Language,,Unknown,
property_1471,Language,,Unknown,
property_1472,LastAct,,Unknown,
property_1473,LastCurvesConstraint,,Unknown,
property_1474,LateralFaceElement,,Unknown,
property_1475,LawType,,Unknown,
property_1476,Layer_for_No_Asso,,Unknown,
property_1477,Layout,,Unknown,
property_1478,Layout,,Unknown,
property_1479,LayoutDefaultRenderStyle,,Unknown,
property_1480,LeaderAssociativity,,Unknown,
property_1481,Leaders,,Unknown,
property_1482,Leaders,,Unknown,
property_1483,Leaders,,Unknown,
property_1484,LeafProduct,,Unknown,
property_1485,Left,,Unknown,
property_1486,Left,,Unknown,
property_1487,Left,,Unknown,
property_1488,LeftMargin,,Unknown,
property_1489,Length,,Unknown,
property_1490,Length,,Unknown,
property_1491,Length,,Unknown,
property_1492,Length,,Unknown,
property_1493,Length,,Unknown,
property_1494,Length,,Unknown,
property_1495,Length,,Unknown,
property_1496,Length,,Unknown,
property_1497,Length1,,Unknown,
property_1498,Length1,,Unknown,
property_1499,Length2,,Unknown,
property_1500,Length2,,Unknown,
property_1501,LengthMaxTolerance,,Unknown,
property_1502,LengthMinTolerance,,Unknown,
property_1503,LengthNumber,,Unknown,
property_1504,LightAreaType,,Unknown,
property_1505,LightSources,,Unknown,
property_1506,LightViewerMode,,Unknown,
property_1507,LightingIntensity,,Unknown,
property_1508,LightingMode,,Unknown,
property_1509,LimitBoundingBox,,Unknown,
property_1510,LimitCurve,,Unknown,
property_1511,LimitDeformation,,Unknown,
property_1512,LimitFaceElement,,Unknown,
property_1513,LimitMode,,Unknown,
property_1514,LimitType,,Unknown,
property_1515,Limitation,,Unknown,
property_1516,LimitingElement,,Unknown,
property_1517,LinAccelColor,,Unknown,
property_1518,LinAccelLimit,,Unknown,
property_1519,LinSpeedColor,,Unknown,
property_1520,LinSpeedLimit,,Unknown,
property_1521,Line,,Unknown,
property_1522,LineCap,,Unknown,
property_1523,LineOfSightNode,,Unknown,
property_1524,LineTypeOverlappingCheck,,Unknown,
property_1525,LineTypeSpecification,,Unknown,
property_1526,LineWidth,,Unknown,
property_1527,LineWidthSpecification,,Unknown,
property_1528,LineicCgrMode,,Unknown,
property_1529,LinkMode,,Unknown,
property_1530,LinkSendMode,,Unknown,
property_1531,LinkWiGeomType,,Unknown,
property_1532,LinkedCount,,Unknown,
property_1533,LinkedDocuments,,Unknown,
property_1534,LinkedExternalReferences,,Unknown,
property_1535,LinkedExternalReferencesOnlyOnPublication,,Unknown,
property_1536,LinkedExternalReferencesWarningAtCreation,,Unknown,
property_1537,LinkedScaleStatus,,Unknown,
property_1538,ListOfMagnitudes,,Unknown,
property_1539,ListOfMagnitudesSize,,Unknown,
property_1540,ListOfPackagesToLoad,,Unknown,
property_1541,Load3dStateAndPos,,Unknown,
property_1542,LoadAllChildProcMfgCtx,,Unknown,
property_1543,LoadAllPackages,,Unknown,
property_1544,LoadAssocPrdResChild,,Unknown,
property_1545,LoadChildProcMfgCtx,,Unknown,
property_1546,LoadCtxWithFileGeometry,,Unknown,
property_1547,LoadDispMfgCtx,,Unknown,
property_1548,LoadENVGeomFromENVdb,,Unknown,
property_1549,LoadExtendedLanguageLib,,Unknown,
property_1550,LoadFeedProcMfgCtx,,Unknown,
property_1551,LoadMfgAssmbly,,Unknown,
property_1552,LoadMfgKits,,Unknown,
property_1553,LoadPSSData,,Unknown,
property_1554,LoadPrdResUserAttribs,,Unknown,
property_1555,LoadResGeo,,Unknown,
property_1556,LoadType,,Unknown,
property_1557,LoadUnconstrainedMfgCtx,,Unknown,
property_1558,Loads,,Unknown,
property_1559,Loads,,Unknown,
property_1560,Loads,,Unknown,
property_1561,LocalCache,,Unknown,
property_1562,LocalPath,,Unknown,
property_1563,LockAssignedPrdOnLoad,,Unknown,
property_1564,LockStatus,,Unknown,
property_1565,LockStatus,,Unknown,
property_1566,LockUserDefault,,Unknown,
property_1567,LogicalActFilter,,Unknown,
property_1568,LogicalDataAttrList,,Unknown,
property_1569,Logo,,Unknown,
property_1570,LogoVisibility,,Unknown,
property_1571,LowerLimit1,,Unknown,
property_1572,LowerLimit2,,Unknown,
property_1573,localCsys,,Unknown,
property_1574,localCsys,,Unknown,
property_1575,localCsys,,Unknown,
property_1576,localCsys,,Unknown,
property_1577,localCsys,,Unknown,
property_1578,MAName,,Unknown,
property_1579,MAPartNumber,,Unknown,
property_1580,MAType,,Unknown,
property_1581,MSGE,,Unknown,
property_1582,MTPActColor,,Unknown,
property_1583,MTPActSymbol,,Unknown,
property_1584,MachinableFeature,,Unknown,
property_1585,Machine,,Unknown,
property_1586,MachineType,,Unknown,
property_1587,MachiningAxisSystem,,Unknown,
property_1588,MachiningTime,,Unknown,
property_1589,Magnitude,,Unknown,
property_1590,Magnitude,,Unknown,
property_1591,Magnitude,,Unknown,
property_1592,MailClientLaunchMode,,Unknown,
property_1593,MainBody,,Unknown,
property_1594,MainDraftAngle,,Unknown,
property_1595,MajorRadius,,Unknown,
property_1596,ManRefSiz,,Unknown,
property_1597,ManZooCap,,Unknown,
property_1598,ManageHideShowBody,,Unknown,
property_1599,Manifold,,Unknown,
property_1600,Manikin,,Unknown,
property_1601,ManipAutoInsert,,Unknown,
property_1602,ManufacturingFeatures,,Unknown,
property_1603,MappingType,,Unknown,
property_1604,Mapping_File_Save_Mode,,Unknown,
property_1605,Mapping_Saving_File,,Unknown,
property_1606,Marker2DAutoNaming,,Unknown,
property_1607,Marker2DAutoNaming,,Unknown,
property_1608,Marker2Ds,,Unknown,
property_1609,Marker3DAutoNaming,,Unknown,
property_1610,Marker3DAutoNaming,,Unknown,
property_1611,Marker3Ds,,Unknown,
property_1612,Marker3Ds,,Unknown,
property_1613,Marker3Ds,,Unknown,
property_1614,Marker3Ds,,Unknown,
property_1615,MarkerAutoUpdate,,Unknown,
property_1616,MarkerDefaultsDashed,,Unknown,
property_1617,MarkerDefaultsDashed,,Unknown,
property_1618,MarkerDefaultsFont,,Unknown,
property_1619,MarkerDefaultsSize,,Unknown,
property_1620,MarkerDefaultsWeight,,Unknown,
property_1621,MarkerDefaultsWeight,,Unknown,
property_1622,MarkerTextDashed,,Unknown,
property_1623,MarkerTextDashed2D,,Unknown,
property_1624,MarkerTextDashed3D,,Unknown,
property_1625,MarkerTextDefaultsFont2D,,Unknown,
property_1626,MarkerTextDefaultsFont3D,,Unknown,
property_1627,MarkerTextDefaultsSize2D,,Unknown,
property_1628,MarkerTextDefaultsSize3D,,Unknown,
property_1629,MarkerTextWeight,,Unknown,
property_1630,MarkerTextWeight2D,,Unknown,
property_1631,MarkerTextWeight3D,,Unknown,
property_1632,Mass,,Unknown,
property_1633,Mass,,Unknown,
property_1634,MassCost,,Unknown,
property_1635,MassScalings,,Unknown,
property_1636,Material,,Unknown,
property_1637,MaterialType,,Unknown,
property_1638,Materials,,Unknown,
property_1639,MaxAngle,,Unknown,
property_1640,MaxCopyFile,,Unknown,
property_1641,MaxDeformation,,Unknown,
property_1642,MaxDisplayedResults,,Unknown,
property_1643,MaxEvalsNb,,Unknown,
property_1644,MaxEvalsWoImprovement,,Unknown,
property_1645,MaxInc,,Unknown,
property_1646,MaxInc,,Unknown,
property_1647,MaxMemory,,Unknown,
property_1648,MaxNumInc,,Unknown,
property_1649,MaxNumInc,,Unknown,
property_1650,MaxPreHighlightedElements,,Unknown,
property_1651,MaxSelectionMove,,Unknown,
property_1652,MaxSizePerFile,,Unknown,
property_1653,MaxStiffness,,Unknown,
property_1654,MaxStiffnessValue,,Unknown,
property_1655,MaxTime,,Unknown,
property_1656,MaximumDeviation,,Unknown,
property_1657,MaximumDeviationActivity,,Unknown,
property_1658,MaximumDeviationValue,,Unknown,
property_1659,MaximumDeviationValue,,Unknown,
property_1660,MaximumDeviationValue,,Unknown,
property_1661,MaximumDistance,,Unknown,
property_1662,MaximumSize,,Unknown,
property_1663,MaximumTimeIncrementLimit,,Unknown,
property_1664,MaximumTolerance,,Unknown,
property_1665,Measure,,Unknown,
property_1666,MeasureType,,Unknown,
property_1667,MeasureUnitSymbol,,Unknown,
property_1668,Mechanism,,Unknown,
property_1669,MechanismIndex,,Unknown,
property_1670,MechanismIndex,,Unknown,
property_1671,Mechanisms,,Unknown,
property_1672,MemUse,,Unknown,
property_1673,MemberMaterial,,Unknown,
property_1674,MemberTypes,,Unknown,
property_1675,Members,,Unknown,
property_1676,Memo,,Unknown,
property_1677,MemoryStopperState,,Unknown,
property_1678,MemoryUnit,,Unknown,
property_1679,MergeEnd,,Unknown,
property_1680,MergeEnd,,Unknown,
property_1681,MergeEnd,,Unknown,
property_1682,MergeMode,,Unknown,
property_1683,MergingDistance,,Unknown,
property_1684,MeshManager,,Unknown,
property_1685,MfgCtxPrevProcRelationType,,Unknown,
property_1686,Migration_Format,,Unknown,
property_1687,Migration_Interface,,Unknown,
property_1688,Migration_Type,,Unknown,
property_1689,MinInc,,Unknown,
property_1690,MinInc,,Unknown,
property_1691,MinimumDistance,,Unknown,
property_1692,MinimumFPSMode,,Unknown,
property_1693,MinimumSpaceFPSMode,,Unknown,
property_1694,MinimumTolerance,,Unknown,
property_1695,MinorRadius,,Unknown,
property_1696,Mirror,,Unknown,
property_1697,MirroringObject,,Unknown,
property_1698,MirroringPlane,,Unknown,
property_1699,Mode,,Unknown,
property_1700,Mode,,Unknown,
property_1701,Mode,,Unknown,
property_1702,Mode,,Unknown,
property_1703,Mode,,Unknown,
property_1704,Mode,,Unknown,
property_1705,Mode,,Unknown,
property_1706,Mode,,Unknown,
property_1707,Mode,,Unknown,
property_1708,Mode,,Unknown,
property_1709,Mode,,Unknown,
property_1710,ModeCreateDisplay,,Unknown,
property_1711,ModeErrorDisplay,,Unknown,
property_1712,ModeImageTextSize,,Unknown,
property_1713,ModePos,,Unknown,
property_1714,ModelConsistencyCheck,,Unknown,
property_1715,ModelPrint,,Unknown,
property_1716,Model_Dimension,,Unknown,
property_1717,Model_Factor,,Unknown,
property_1718,Model_File_Name,,Unknown,
property_1719,Model_Unit,,Unknown,
property_1720,Modifier,,Unknown,
property_1721,Modifier,,Unknown,
property_1722,Modifier,,Unknown,
property_1723,Modifier,,Unknown,
property_1724,Modifier,,Unknown,
property_1725,Modifier,,Unknown,
property_1726,MotionBasis,,Unknown,
property_1727,MotionBasis,,Unknown,
property_1728,MotionBasis,,Unknown,
property_1729,MotionBasis,,Unknown,
property_1730,MotionBasis,,Unknown,
property_1731,MouseDoubleClicDelay,,Unknown,
property_1732,MouseSpeedValue,,Unknown,
property_1733,MovableObject,,Unknown,
property_1734,Move,,Unknown,
property_1735,Move,,Unknown,
property_1736,Move,,Unknown,
property_1737,Move,,Unknown,
property_1738,Move,,Unknown,
property_1739,MoveAfterCreation,,Unknown,
property_1740,MoveMode,,Unknown,
property_1741,MoveMode,,Unknown,
property_1742,MoveProfileToPath,,Unknown,
property_1743,MoveToCenterOfMass,,Unknown,
property_1744,MoveWithFixTExtendMode,,Unknown,
property_1745,MultipleSolution,,Unknown,
property_1746,MultiselectionMode,,Unknown,
property_1747,Mxdem,,Unknown,
property_1748,NLGeom,,Unknown,
property_1749,NLGeom,,Unknown,
property_1750,NLSInstanceName,,Unknown,
property_1751,NRLDir,,Unknown,
property_1752,NRLTeachDialogDisplayMode,,Unknown,
property_1753,Name,,Unknown,
property_1754,Name,,Unknown,
property_1755,NamingMode,,Unknown,
property_1756,NavigationStyle,,Unknown,
property_1757,NbCommands,,Unknown,
property_1758,NbDof,,Unknown,
property_1759,NbExtLine,,Unknown,
property_1760,NbGeneratedFeatures,,Unknown,
property_1761,NbInParameters,,Unknown,
property_1762,NbInterruption,,Unknown,
property_1763,NbInterruption,,Unknown,
property_1764,NbIsopars,,Unknown,
property_1765,NbJoints,,Unknown,
property_1766,NbOutParameters,,Unknown,
property_1767,NbPoint,,Unknown,
property_1768,NbPoint,,Unknown,
property_1769,NbProducts,,Unknown,
property_1770,NbSymb,,Unknown,
property_1771,NearLimit,,Unknown,
property_1772,NearestSolution,,Unknown,
property_1773,NeutralElement,,Unknown,
property_1774,NeutralFiber,,Unknown,
property_1775,NeutralFiber,,Unknown,
property_1776,NeutralFiber,,Unknown,
property_1777,NeutralPropagationMode,,Unknown,
property_1778,NewWith3DSupport,,Unknown,
property_1779,NewWithAxisSystem,,Unknown,
property_1780,NewWithGS,,Unknown,
property_1781,NewWithOGS,,Unknown,
property_1782,NewWithPanel,,Unknown,
property_1783,NextCFActivities,,Unknown,
property_1784,NextPRFActivities,,Unknown,
property_1785,NextResources,,Unknown,
property_1786,NoOfBodiesToHeal,,Unknown,
property_1787,NoOfEdgesToKeepSharp,,Unknown,
property_1788,NoOfElementsToFreeze,,Unknown,
property_1789,NoZBufferSelectionMode,,Unknown,
property_1790,NoaCreation,,Unknown,
property_1791,NodelockAlert,,Unknown,
property_1792,Nomenclature,,Unknown,
property_1793,Nominalvalue,,Unknown,
property_1794,NonSemanticAllwaysUpgrade,,Unknown,
property_1795,NonSemanticAllwaysUpgradeGeneralTol,,Unknown,
property_1796,NonSemanticDimAllowed,,Unknown,
property_1797,NonSemanticMarked,,Unknown,
property_1798,NonSemanticTolAllowed,,Unknown,
property_1799,Normal,,Unknown,
property_1800,NormalAxisDirReverse,,Unknown,
property_1801,NumCpus,,Unknown,
property_1802,NumExclusionRegions,,Unknown,
property_1803,NumExclusionRegions,,Unknown,
property_1804,NumInsertedWires,,Unknown,
property_1805,NumPinSupports,,Unknown,
property_1806,NumSupports,,Unknown,
property_1807,NumSupports,,Unknown,
property_1808,NumSupports,,Unknown,
property_1809,NumTieSupports,,Unknown,
property_1810,NumUrlName,,Unknown,
property_1811,Number,,Unknown,
property_1812,NumberOfAttributes,,Unknown,
property_1813,NumberOfAttributes,,Unknown,
property_1814,NumberOfAttributes,,Unknown,
property_1815,NumberOfAttributes,,Unknown,
property_1816,NumberOfColumns,,Unknown,
property_1817,NumberOfElements,,Unknown,
property_1818,NumberOfFeedrateAttributes,,Unknown,
property_1819,NumberOfGeomAttributes,,Unknown,
property_1820,NumberOfMinimumFPS,,Unknown,
property_1821,NumberOfMinimumSpaceFPS,,Unknown,
property_1822,NumberOfNumericalControlAttributes,,Unknown,
property_1823,NumberOfRotaryTableAttributes,,Unknown,
property_1824,NumberOfRows,,Unknown,
property_1825,NumberOfSpindleAttributes,,Unknown,
property_1826,NumberOfStrategyAttributes,,Unknown,
property_1827,NumberOfToolChangeAttributes,,Unknown,
property_1828,OWNER,,Unknown,
property_1829,Object,,Unknown,
property_1830,Object,,Unknown,
property_1831,ObjectiveParameter,,Unknown,
property_1832,Objects,,Unknown,
property_1833,ObjectsToFillet,,Unknown,
property_1834,Obtention,,Unknown,
property_1835,OcclusionCullingMode,,Unknown,
property_1836,Offset,,Unknown,
property_1837,Offset,,Unknown,
property_1838,Offset,,Unknown,
property_1839,Offset,,Unknown,
property_1840,Offset,,Unknown,
property_1841,Offset,,Unknown,
property_1842,Offset,,Unknown,
property_1843,Offset,,Unknown,
property_1844,Offset2,,Unknown,
property_1845,OffsetDirection,,Unknown,
property_1846,OffsetSide,,Unknown,
property_1847,OffsetValue,,Unknown,
property_1848,OffsetValue,,Unknown,
property_1849,OffsetedObject,,Unknown,
property_1850,Offsets,,Unknown,
property_1851,OnCurveType,,Unknown,
property_1852,OnVertex,,Unknown,
property_1853,OnlyCurrentOperatedSolidSetInGeometry,,Unknown,
property_1854,OnlyCurrentSolidSetInGeometry,,Unknown,
property_1855,OnlyLoadCtxWithGeometry,,Unknown,
property_1856,OnlyShow,,Unknown,
property_1857,OpaqueFaces,,Unknown,
property_1858,OpenModeForLoad,,Unknown,
property_1859,OperatingSystem,,Unknown,
property_1860,OptC2Mode,,Unknown,
property_1861,OptCleanTopoMode,,Unknown,
property_1862,OptFittingMode,,Unknown,
property_1863,OptInvalidGeomMode,,Unknown,
property_1864,OptLoop3DMode,,Unknown,
property_1865,OptimizationType,,Unknown,
property_1866,Optimizations,,Unknown,
property_1867,OptionalRelation,,Unknown,
property_1868,OrderedGeometricalSets,,Unknown,
property_1869,OrderedGeometricalSets,,Unknown,
property_1870,OrderedGeometricalSets,,Unknown,
property_1871,OrderedSketches,,Unknown,
property_1872,Orientation,,Unknown,
property_1873,Orientation,,Unknown,
property_1874,Orientation,,Unknown,
property_1875,Orientation,,Unknown,
property_1876,Orientation,,Unknown,
property_1877,Orientation,,Unknown,
property_1878,Orientation,,Unknown,
property_1879,Orientation,,Unknown,
property_1880,Orientation,,Unknown,
property_1881,Orientation,,Unknown,
property_1882,Orientation,,Unknown,
property_1883,Orientation,,Unknown,
property_1884,Orientation,,Unknown,
property_1885,Orientation,,Unknown,
property_1886,Orientation,,Unknown,
property_1887,Orientation,,Unknown,
property_1888,Orientation,,Unknown,
property_1889,Orientation,,Unknown,
property_1890,Orientation,,Unknown,
property_1891,Orientation,,Unknown,
property_1892,Orientation,,Unknown,
property_1893,Orientation,,Unknown,
property_1894,Orientation,,Unknown,
property_1895,Orientation,,Unknown,
property_1896,Orientation,,Unknown,
property_1897,Orientation,,Unknown,
property_1898,Orientation1,,Unknown,
property_1899,Orientation1,,Unknown,
property_1900,Orientation1,,Unknown,
property_1901,Orientation1,,Unknown,
property_1902,Orientation2,,Unknown,
property_1903,Orientation2,,Unknown,
property_1904,Orientation2,,Unknown,
property_1905,Orientation2,,Unknown,
property_1906,Orientation3,,Unknown,
property_1907,OrientationDirection,,Unknown,
property_1908,OrientationDirection,,Unknown,
property_1909,OrientationOfFirstElement,,Unknown,
property_1910,OrientationOfSecondElement,,Unknown,
property_1911,OrientationSupport,,Unknown,
property_1912,Origin,,Unknown,
property_1913,Origin,,Unknown,
property_1914,Origin,,Unknown,
property_1915,Origin,,Unknown,
property_1916,OriginElements,,Unknown,
property_1917,OriginGroup,,Unknown,
property_1918,OriginNumber,,Unknown,
property_1919,OriginPoint,,Unknown,
property_1920,OriginToUnfold,,Unknown,
property_1921,OriginType,,Unknown,
property_1922,OriginalDescription,,Unknown,
property_1923,OriginalDescription,,Unknown,
property_1924,OtherSelectionTimeout,,Unknown,
property_1925,OtherSelectionTimeoutActivity,,Unknown,
property_1926,OtherSide,,Unknown,
property_1927,OutPutParameters,,Unknown,
property_1928,Output,,Unknown,
property_1929,OutputFile,,Unknown,
property_1930,OutputFormat,,Unknown,
property_1931,OutputHeight,,Unknown,
property_1932,OutputPath,,Unknown,
property_1933,OutputPath,,Unknown,
property_1934,OutputProductFilter,,Unknown,
property_1935,OutputProducts,,Unknown,
property_1936,OutputSizeFrom,,Unknown,
property_1937,OutputType,,Unknown,
property_1938,OutputWidth,,Unknown,
property_1939,Outputs,,Unknown,
property_1940,OutputsCount,,Unknown,
property_1941,OutputsCount,,Unknown,
property_1942,Overline,,Unknown,
property_1943,Owner,,Unknown,
property_1944,POWEROPR,,Unknown,
property_1945,POWER_MAX,,Unknown,
property_1946,PPRDocument,,Unknown,
property_1947,PPRItems,,Unknown,
property_1948,PPRResources,,Unknown,
property_1949,PPRSaveConfig,,Unknown,
property_1950,PPTableName,,Unknown,
property_1951,PROJECT_File_Path,,Unknown,
property_1952,PSCycleTime,,Unknown,
property_1953,PSDynClashMode,,Unknown,
property_1954,PSGraphicSimStep,,Unknown,
property_1955,PSGraphicUpdate,,Unknown,
property_1956,PVEndCondition,,Unknown,
property_1957,PVStateMgt,,Unknown,
property_1958,PackAndGoRepositoryPath,,Unknown,
property_1959,PackageNumber,,Unknown,
property_1960,PageSetup,,Unknown,
property_1961,PageSetup,,Unknown,
property_1962,PageSetup,,Unknown,
property_1963,PaperHeight,,Unknown,
property_1964,PaperHeight,,Unknown,
property_1965,PaperHeight,,Unknown,
property_1966,PaperName,,Unknown,
property_1967,PaperSize,,Unknown,
property_1968,PaperSize,,Unknown,
property_1969,PaperSize,,Unknown,
property_1970,PaperSize,,Unknown,
property_1971,PaperWidth,,Unknown,
property_1972,PaperWidth,,Unknown,
property_1973,PaperWidth,,Unknown,
property_1974,ParallelizationMethodStandard,,Unknown,
property_1975,Parameter,,Unknown,
property_1976,Parameter,,Unknown,
property_1977,ParameterLaw,,Unknown,
property_1978,ParameterLawInversion,,Unknown,
property_1979,ParameterLawType,,Unknown,
property_1980,ParameterNameSurroundedByTheSymbol,,Unknown,
property_1981,ParameterOnDefinition,,Unknown,
property_1982,ParameterSets,,Unknown,
property_1983,ParameterTreeViewWithFormula,,Unknown,
property_1984,ParameterTreeViewWithValue,,Unknown,
property_1985,Parameters,,Unknown,
property_1986,Parameters,,Unknown,
property_1987,Parameters,,Unknown,
property_1988,Parameters,,Unknown,
property_1989,Parameters,,Unknown,
property_1990,Parameters,,Unknown,
property_1991,Parameters,,Unknown,
property_1992,Parameters,,Unknown,
property_1993,Parameters,,Unknown,
property_1994,ParametersCount,,Unknown,
property_1995,ParametersCount,,Unknown,
property_1996,ParametersInTree,,Unknown,
property_1997,ParametersNodeInTree,,Unknown,
property_1998,Parent,,Unknown,
property_1999,Parent,,Unknown,
property_2000,ParentFolder,,Unknown,
property_2001,ParentView,,Unknown,
property_2002,Part,,Unknown,
property_2003,Part,,Unknown,
property_2004,PartCatalogName,,Unknown,
property_2005,PartComps,,Unknown,
property_2006,PartNumber,,Unknown,
property_2007,PartNumber,,Unknown,
property_2008,PartProdMode,,Unknown,
property_2009,PartType,,Unknown,
property_2010,PartUpdateStatus,,Unknown,
property_2011,ParticularGeometry,,Unknown,
property_2012,PartingElement,,Unknown,
property_2013,PartingElement,,Unknown,
property_2014,PartingElement,,Unknown,
property_2015,PartsParameterMode,,Unknown,
property_2016,PassingPoint,,Unknown,
property_2017,PasteComponentMode,,Unknown,
property_2018,PasteSameInstance,,Unknown,
property_2019,Path,,Unknown,
property_2020,Path,,Unknown,
property_2021,Path,,Unknown,
property_2022,PathFinderSmooth,,Unknown,
property_2023,PathSeparator,,Unknown,
property_2024,PenaltyMethod,,Unknown,
property_2025,Perimeter,,Unknown,
property_2026,Period,,Unknown,
property_2027,Physicals,,Unknown,
property_2028,Physicals,,Unknown,
property_2029,PickType,,Unknown,
property_2030,PickingHand,,Unknown,
property_2031,PickingWindowSize,,Unknown,
property_2032,Picture,,Unknown,
property_2033,Picture,,Unknown,
property_2034,Pictures,,Unknown,
property_2035,Pictures,,Unknown,
property_2036,Pitch,,Unknown,
property_2037,Pitch,,Unknown,
property_2038,Pitch,,Unknown,
property_2039,Pitch2,,Unknown,
property_2040,PitchLawType,,Unknown,
property_2041,PitchLawType,,Unknown,
property_2042,Plane,,Unknown,
property_2043,Plane,,Unknown,
property_2044,Plane,,Unknown,
property_2045,Plane,,Unknown,
property_2046,PlaneAxisDirection,,Unknown,
property_2047,PlaneAxisOrigin,,Unknown,
property_2048,PlaneNormal,,Unknown,
property_2049,PlaneOnlyMode,,Unknown,
property_2050,PlaneOrigin,,Unknown,
property_2051,PlaneXY,,Unknown,
property_2052,PlaneYZ,,Unknown,
property_2053,PlaneZX,,Unknown,
property_2054,PlateMaterial,,Unknown,
property_2055,PlateTypes,,Unknown,
property_2056,PlatingStyle,,Unknown,
property_2057,Point,,Unknown,
property_2058,Point,,Unknown,
property_2059,Point,,Unknown,
property_2060,Point,,Unknown,
property_2061,Point,,Unknown,
property_2062,Point,,Unknown,
property_2063,Point,,Unknown,
property_2064,Point,,Unknown,
property_2065,Point,,Unknown,
property_2066,Point,,Unknown,
property_2067,Point,,Unknown,
property_2068,Point,,Unknown,
property_2069,Point,,Unknown,
property_2070,Point,,Unknown,
property_2071,PointOnSupport,,Unknown,
property_2072,PointType,,Unknown,
property_2073,PointsProjectionMode,,Unknown,
property_2074,PointsSymbol,,Unknown,
property_2075,Position,,Unknown,
property_2076,Position,,Unknown,
property_2077,Position,,Unknown,
property_2078,Position,,Unknown,
property_2079,PositionMode,,Unknown,
property_2080,PositionTolerance,,Unknown,
property_2081,PositionTolerance,,Unknown,
property_2082,PositionToleranceVal,,Unknown,
property_2083,PositionToleranceVal,,Unknown,
property_2084,PositionU,,Unknown,
property_2085,PositionV,,Unknown,
property_2086,PositionedProfile,,Unknown,
property_2087,PositionedWire,,Unknown,
property_2088,PositiveDirectionOrientation,,Unknown,
property_2089,PossiblePrecedenceActivities,,Unknown,
property_2090,PostManager,,Unknown,
property_2091,PostProcessorFile,,Unknown,
property_2092,PreSelectionMode,,Unknown,
property_2093,PrecedenceActivities,,Unknown,
property_2094,PrecedenceType,,Unknown,
property_2095,Precedences,,Unknown,
property_2096,Precision,,Unknown,
property_2097,PreferedToolCatalogName,,Unknown,
property_2098,PreselectedElementLinetype,,Unknown,
property_2099,Presentation,,Unknown,
property_2100,PressureOverclosure,,Unknown,
property_2101,PrevArea,,Unknown,
property_2102,PrevProcParseTypeForMfgCtx,,Unknown,
property_2103,PreventBackgroundAccess,,Unknown,
property_2104,PreventDimDriving3DCstr,,Unknown,
property_2105,PreventFileNew,,Unknown,
property_2106,PreventGenViewStyle,,Unknown,
property_2107,PreventSetAsDefault,,Unknown,
property_2108,PreventSwitchStandard,,Unknown,
property_2109,PreventTrueDimensionCreation,,Unknown,
property_2110,PreventUpdateStandard,,Unknown,
property_2111,PreventViewGeomUpgrade,,Unknown,
property_2112,PreviewSize,,Unknown,
property_2113,PreviousCFActivities,,Unknown,
property_2114,PreviousPRFActivities,,Unknown,
property_2115,PreviousResources,,Unknown,
property_2116,PrintArea,,Unknown,
property_2117,PrintArea,,Unknown,
property_2118,PrintRenderingMode,,Unknown,
property_2119,Printers,,Unknown,
property_2120,Priority,,Unknown,
property_2121,Priority,,Unknown,
property_2122,Priority,,Unknown,
property_2123,Priority,,Unknown,
property_2124,ProEInstanceMode,,Unknown,
property_2125,ProEInstanceName,,Unknown,
property_2126,ProEQuiltsRead,,Unknown,
property_2127,ProESimpRepMode,,Unknown,
property_2128,ProESimpRepName,,Unknown,
property_2129,ProcProdRelations,,Unknown,
property_2130,ProcResRelations,,Unknown,
property_2131,ProcessID,,Unknown,
property_2132,ProcessType,,Unknown,
property_2133,Processes,,Unknown,
property_2134,Product,,Unknown,
property_2135,Product,,Unknown,
property_2136,Product,,Unknown,
property_2137,ProductCount,,Unknown,
property_2138,ProductUpdateStatus,,Unknown,
property_2139,Products,,Unknown,
property_2140,Products,,Unknown,
property_2141,ProductsCount,,Unknown,
property_2142,Profil,,Unknown,
property_2143,Profile,,Unknown,
property_2144,Profile,,Unknown,
property_2145,Profile,,Unknown,
property_2146,ProfileType,,Unknown,
property_2147,ProfileXAxisComputationMode,,Unknown,
property_2148,ProfilesNode,,Unknown,
property_2149,Programs,,Unknown,
property_2150,ProjectionDir,,Unknown,
property_2151,ProjectionMethod,,Unknown,
property_2152,ProjectionMethod,,Unknown,
property_2153,ProjectionMode,,Unknown,
property_2154,ProjectionMode,,Unknown,
property_2155,ProjectionMode,,Unknown,
property_2156,ProjectionMode,,Unknown,
property_2157,ProjectionSurface,,Unknown,
property_2158,PropagateHighlight,,Unknown,
property_2159,Propagation,,Unknown,
property_2160,Propagation,,Unknown,
property_2161,Propagation,,Unknown,
property_2162,PropagationMode,,Unknown,
property_2163,PropagationType,,Unknown,
property_2164,Properties,,Unknown,
property_2165,Pt,,Unknown,
property_2166,Pt1,,Unknown,
property_2167,Pt2,,Unknown,
property_2168,PtExtremity,,Unknown,
property_2169,PtOrigine,,Unknown,
property_2170,PtRef,,Unknown,
property_2171,Publications,,Unknown,
property_2172,PublishAutoLaunchBrowser,,Unknown,
property_2173,PublishTopologicalElements,,Unknown,
property_2174,PullingDirElement,,Unknown,
property_2175,PullingDirection,,Unknown,
property_2176,PullingDirection,,Unknown,
property_2177,PullingDirectionElement,,Unknown,
property_2178,p3DSmoothing,,Unknown,
property_2179,p3DSmoothing,,Unknown,
property_2180,Quality,,Unknown,
property_2181,QuickConstraintMode,,Unknown,
property_2182,RCSDataLibDir,,Unknown,
property_2183,RESISTANCE,,Unknown,
property_2184,RRS2ConnectDownloaders,,Unknown,
property_2185,RRS2ConsistencyCmdDownloaders,,Unknown,
property_2186,RRS2ControllerIdentifiers,,Unknown,
property_2187,RRS2DeleteAutoDownloadFilesAfterXfer,,Unknown,
property_2188,RRS2DfltControllerIdentifier,,Unknown,
property_2189,RRS2DownloadDuringConnect,,Unknown,
property_2190,RRS2DownloadDuringSimRun,,Unknown,
property_2191,RRS2DownloadInPartCoordinates,,Unknown,
property_2192,RRS2DownloadLogFileName,,Unknown,
property_2193,RRS2FreePlaySimStepSize,,Unknown,
property_2194,RRS2MainTaskProcessing,,Unknown,
property_2195,RRS2MotionPlannerActiveDuringTeachOLP,,Unknown,
property_2196,RRS2SimRunDownloaders,,Unknown,
property_2197,RRS2StopVRCWhenSimStops,,Unknown,
property_2198,RRS2UpdateProgramOnDownload,,Unknown,
property_2199,RRS2UseVRCInverseKinematics,,Unknown,
property_2200,RRS2UseVRCTurnLimits,,Unknown,
property_2201,RRSLibDir,,Unknown,
property_2202,RRSServerFile,,Unknown,
property_2203,RTIM,,Unknown,
property_2204,RadialAlignment,,Unknown,
property_2205,RadialDirectionRow,,Unknown,
property_2206,RadialRepartition,,Unknown,
property_2207,Radius,,Unknown,
property_2208,Radius,,Unknown,
property_2209,Radius,,Unknown,
property_2210,Radius,,Unknown,
property_2211,Radius,,Unknown,
property_2212,Radius,,Unknown,
property_2213,Radius,,Unknown,
property_2214,Radius,,Unknown,
property_2215,Radius,,Unknown,
property_2216,Radius,,Unknown,
property_2217,Radius,,Unknown,
property_2218,Radius,,Unknown,
property_2219,Radius,,Unknown,
property_2220,Radius,,Unknown,
property_2221,Radius,,Unknown,
property_2222,Radius,,Unknown,
property_2223,RadiusLaw,,Unknown,
property_2224,RadiusLawInversion,,Unknown,
property_2225,RadiusLawType,,Unknown,
property_2226,RadiusNumber,,Unknown,
property_2227,RadiusType,,Unknown,
property_2228,RadiusValue,,Unknown,
property_2229,RangeMax,,Unknown,
property_2230,RangeMax,,Unknown,
property_2231,RangeMaxValidity,,Unknown,
property_2232,RangeMaxValidity,,Unknown,
property_2233,RangeMin,,Unknown,
property_2234,RangeMin,,Unknown,
property_2235,RangeMinValidity,,Unknown,
property_2236,RangeMinValidity,,Unknown,
property_2237,Rating,,Unknown,
property_2238,Ratio,,Unknown,
property_2239,Ratio,,Unknown,
property_2240,Ratio,,Unknown,
property_2241,Ratio,,Unknown,
property_2242,RatioValue,,Unknown,
property_2243,RatioValue,,Unknown,
property_2244,RaytracingStatus,,Unknown,
property_2245,ReachColor,,Unknown,
property_2246,ReadOnly,,Unknown,
property_2247,ReadOnly,,Unknown,
property_2248,ReboundsCount,,Unknown,
property_2249,RecordMode,,Unknown,
property_2250,RectangleLightLength,,Unknown,
property_2251,RectangleLightWidth,,Unknown,
property_2252,RedundancyMode,,Unknown,
property_2253,RefAxisSystem,,Unknown,
property_2254,RefAxisSystem,,Unknown,
property_2255,RefAxisSystem,,Unknown,
property_2256,RefAxisSystem,,Unknown,
property_2257,RefDoc,,Unknown,
property_2258,RefPoint,,Unknown,
property_2259,Reference,,Unknown,
property_2260,Reference,,Unknown,
property_2261,Reference,,Unknown,
property_2262,Reference,,Unknown,
property_2263,Reference,,Unknown,
property_2264,Reference,,Unknown,
property_2265,ReferenceAxis,,Unknown,
property_2266,ReferenceAxis,,Unknown,
property_2267,ReferenceDirectoryForTypes,,Unknown,
property_2268,ReferenceElement,,Unknown,
property_2269,ReferenceElement,,Unknown,
property_2270,ReferenceFrame,,Unknown,
property_2271,ReferenceProduct,,Unknown,
property_2272,ReferenceSurface,,Unknown,
property_2273,ReferenceSurfaceElement,,Unknown,
property_2274,ReferenceTime,,Unknown,
property_2275,ReferenceType,,Unknown,
property_2276,ReferenceView,,Unknown,
property_2277,ReferenceView,,Unknown,
property_2278,Referential,,Unknown,
property_2279,ReflectionHeight,,Unknown,
property_2280,ReflectionLength,,Unknown,
property_2281,ReflectionMode,,Unknown,
property_2282,ReflectionsCount,,Unknown,
property_2283,ReflectivityCoefficient,,Unknown,
property_2284,RefractionCoefficient,,Unknown,
property_2285,RefractionsCount,,Unknown,
property_2286,RefreshDisplay,,Unknown,
property_2287,Regions,,Unknown,
property_2288,Regions,,Unknown,
property_2289,Relations,,Unknown,
property_2290,Relations,,Unknown,
property_2291,Relations,,Unknown,
property_2292,Relations,,Unknown,
property_2293,Relations,,Unknown,
property_2294,Relations,,Unknown,
property_2295,Relations,,Unknown,
property_2296,Relations,,Unknown,
property_2297,RelationsNodeInTree,,Unknown,
property_2298,RelationsUpdateInPartContextEvaluateDuringUpdate,,Unknown,
property_2299,RelationsUpdateInPartContextSynchronousRelations,,Unknown,
property_2300,Relay,,Unknown,
property_2301,Release,,Unknown,
property_2302,ReleasedVoxel,,Unknown,
property_2303,Relimitation,,Unknown,
property_2304,RemoveElem,,Unknown,
property_2305,RemoveFace,,Unknown,
property_2306,RemoveFace,,Unknown,
property_2307,RemoveFaces,,Unknown,
property_2308,RemoveOrientation,,Unknown,
property_2309,RemovedMaterialPercentage,,Unknown,
property_2310,RemovedMaterialVolume,,Unknown,
property_2311,Renamed,,Unknown,
property_2312,RenderStyle,,Unknown,
property_2313,RenderingMaterial,,Unknown,
property_2314,RenderingMode,,Unknown,
property_2315,RenderingMode,,Unknown,
property_2316,RepMod,,Unknown,
property_2317,RepeatU,,Unknown,
property_2318,RepeatV,,Unknown,
property_2319,ReplaceOnlyAfterCurrent,,Unknown,
property_2320,ReportCheckAdvisor,,Unknown,
property_2321,ReportCheckExpert,,Unknown,
property_2322,ReportDescriptionLength,,Unknown,
property_2323,ReportHtmlInCatiaSession,,Unknown,
property_2324,ReportName,,Unknown,
property_2325,ReportObjectsInformation,,Unknown,
property_2326,ReportOutPutFormat,,Unknown,
property_2327,ReportOutputDirectory,,Unknown,
property_2328,ReportParametersInformation,,Unknown,
property_2329,ReportPassedObjects,,Unknown,
property_2330,ReportPath,,Unknown,
property_2331,ReportShowResult,,Unknown,
property_2332,Representation,,Unknown,
property_2333,RepresentationMode,,Unknown,
property_2334,ResolvedSectionsPath,,Unknown,
property_2335,ResolvedText,,Unknown,
property_2336,ResourceFilter,,Unknown,
property_2337,Resources,,Unknown,
property_2338,Resources,,Unknown,
property_2339,Response,,Unknown,
property_2340,RestartReadInterval,,Unknown,
property_2341,RestartReadJob,,Unknown,
property_2342,RestartReadOption,,Unknown,
property_2343,RestartReadStep,,Unknown,
property_2344,RestartReadStepNumber,,Unknown,
property_2345,RestartReadStepSelectionOption,,Unknown,
property_2346,RestartRequestFrequency,,Unknown,
property_2347,RestartRequestFrequencyValue,,Unknown,
property_2348,RestartRequestIntervalValue,,Unknown,
property_2349,RestartRequestOption,,Unknown,
property_2350,RestartRequestOverlay,,Unknown,
property_2351,RestartRequestTimeMarks,,Unknown,
property_2352,ResultOutputDir,,Unknown,
property_2353,Revision,,Unknown,
property_2354,RevolAxis,,Unknown,
property_2355,RevoluteAxis,,Unknown,
property_2356,RibbonRelimitationMode,,Unknown,
property_2357,RibbonRelimitationMode,,Unknown,
property_2358,RightMargin,,Unknown,
property_2359,RmvNotAssgnPrdResOnSync,,Unknown,
property_2360,RobotProgramDir,,Unknown,
property_2361,RootDLNameCreationRight,,Unknown,
property_2362,RootParameterSet,,Unknown,
property_2363,RootType,,Unknown,
property_2364,RotAccelColor,,Unknown,
property_2365,RotAccelLimit,,Unknown,
property_2366,RotSpeedColor,,Unknown,
property_2367,RotSpeedLimit,,Unknown,
property_2368,RotaryAxis,,Unknown,
property_2369,Rotation,,Unknown,
property_2370,Rotation,,Unknown,
property_2371,RotationAngle,,Unknown,
property_2372,RotationOffsetAngle,,Unknown,
property_2373,RotationOrientation,,Unknown,
property_2374,RotationSnapAngle,,Unknown,
property_2375,RotationSnapAuto,,Unknown,
property_2376,RotationSphereMode,,Unknown,
property_2377,RotationType,,Unknown,
property_2378,RoundRadius,,Unknown,
property_2379,RoundRadiusActivation,,Unknown,
property_2380,RuleBaseEdition,,Unknown,
property_2381,RuleEdition,,Unknown,
property_2382,RuleSet,,Unknown,
property_2383,RuleSetEdition,,Unknown,
property_2384,RuledDevelopableSurface,,Unknown,
property_2385,RunAnnotBehavior,,Unknown,
property_2386,RunAnnotation,,Unknown,
property_2387,RunEndCondition,,Unknown,
property_2388,RunHlnkBehavior,,Unknown,
property_2389,RunHyperlink,,Unknown,
property_2390,RunPause,,Unknown,
property_2391,RunStateMgt,,Unknown,
property_2392,RunStepSize,,Unknown,
property_2393,RunTextBehavior,,Unknown,
property_2394,RunTextMsg,,Unknown,
property_2395,RunViewpoint,,Unknown,
property_2396,RunVisBehavior,,Unknown,
property_2397,ratioLock,,Unknown,
property_2398,SHMStdProfPath,,Unknown,
property_2399,SHMViewFDBeadBTLFeat,,Unknown,
property_2400,SHMViewFDCircStampBTLFeat,,Unknown,
property_2401,SHMViewFDCurveStampBTLFeat,,Unknown,
property_2402,SHMViewFDFlgCutBTLFeat,,Unknown,
property_2403,SHMViewFDFlgCutIML,,Unknown,
property_2404,SHMViewFDFlgCutOML,,Unknown,
property_2405,SHMViewFDFlgHoleBTLFeat,,Unknown,
property_2406,SHMViewFDFlgHoleIML,,Unknown,
property_2407,SHMViewFDFlgHoleOML,,Unknown,
property_2408,SHMViewFDOtherStampBTLFeat,,Unknown,
property_2409,SHMViewFDStiffStampBTLFeat,,Unknown,
property_2410,SHMViewFDSurfFlgBTLFeatBF,,Unknown,
property_2411,SHMViewFDSurfFlgBTLFeatHF,,Unknown,
property_2412,SHMViewFDSurfFlgBTLSuppBF,,Unknown,
property_2413,SHMViewFDSurfFlgBTLSuppHF,,Unknown,
property_2414,SHMViewFDSurfFlgIMLBF,,Unknown,
property_2415,SHMViewFDSurfFlgIMLHF,,Unknown,
property_2416,SHMViewFDSurfFlgOMLBF,,Unknown,
property_2417,SHMViewFDSurfFlgOMLHF,,Unknown,
property_2418,SHMViewFDSurfStampBTLFeat,,Unknown,
property_2419,SHMViewFDUserStampBTLFeat,,Unknown,
property_2420,SHMViewFPBeadBTLFeat,,Unknown,
property_2421,SHMViewFPCircStampBTLFeat,,Unknown,
property_2422,SHMViewFPCurveStampBTLFeat,,Unknown,
property_2423,SHMViewFPFlgCutBTLFeat,,Unknown,
property_2424,SHMViewFPFlgCutIML,,Unknown,
property_2425,SHMViewFPFlgCutOML,,Unknown,
property_2426,SHMViewFPFlgHoleBTLFeat,,Unknown,
property_2427,SHMViewFPFlgHoleIML,,Unknown,
property_2428,SHMViewFPFlgHoleOML,,Unknown,
property_2429,SHMViewFPOtherStampBTLFeat,,Unknown,
property_2430,SHMViewFPStiffStampBTLFeat,,Unknown,
property_2431,SHMViewFPSurfFlgBTLFeatBF,,Unknown,
property_2432,SHMViewFPSurfFlgBTLFeatHF,,Unknown,
property_2433,SHMViewFPSurfFlgBTLSuppBF,,Unknown,
property_2434,SHMViewFPSurfFlgBTLSuppHF,,Unknown,
property_2435,SHMViewFPSurfFlgCLBBF,,Unknown,
property_2436,SHMViewFPSurfFlgCLBHF,,Unknown,
property_2437,SHMViewFPSurfFlgIMLBF,,Unknown,
property_2438,SHMViewFPSurfFlgIMLHF,,Unknown,
property_2439,SHMViewFPSurfFlgOML2BF,,Unknown,
property_2440,SHMViewFPSurfFlgOML2HF,,Unknown,
property_2441,SHMViewFPSurfFlgOMLBF,,Unknown,
property_2442,SHMViewFPSurfFlgOMLHF,,Unknown,
property_2443,SHMViewFPSurfStampBTLFeat,,Unknown,
property_2444,SHMViewFPUserStampBTLFeat,,Unknown,
property_2445,SVGViewer,,Unknown,
property_2446,SameDisplay,,Unknown,
property_2447,Satisfaction,,Unknown,
property_2448,SaveAsNewTemplateDirectory,,Unknown,
property_2449,SaveAutoIncrement,,Unknown,
property_2450,SaveCGR,,Unknown,
property_2451,SaveControlFlowInPROMode,,Unknown,
property_2452,SaveCoorsysInCgr,,Unknown,
property_2453,SaveInCGR,,Unknown,
property_2454,SavePPRNoDetailing,,Unknown,
property_2455,SaveRelationToUnExposedPart,,Unknown,
property_2456,SaveShowEffctvtPanel,,Unknown,
property_2457,SaveV5CalcTime,,Unknown,
property_2458,Saved,,Unknown,
property_2459,Scale,,Unknown,
property_2460,Scale,,Unknown,
property_2461,Scale2,,Unknown,
property_2462,Scale2,,Unknown,
property_2463,Scale2,,Unknown,
property_2464,ScaleFactor,,Unknown,
property_2465,ScaleFactorOn,,Unknown,
property_2466,ScaleU,,Unknown,
property_2467,ScaleU,,Unknown,
property_2468,ScaleV,,Unknown,
property_2469,ScaleV,,Unknown,
property_2470,Scaling,,Unknown,
property_2471,Scaling,,Unknown,
property_2472,Scaling1To1,,Unknown,
property_2473,ScalingReference,,Unknown,
property_2474,ScoringMode,,Unknown,
property_2475,Scratch,,Unknown,
property_2476,Script,,Unknown,
property_2477,ScriptText,,Unknown,
property_2478,Scripts,,Unknown,
property_2479,SearchAlgoType,,Unknown,
property_2480,SearchIntensity,,Unknown,
property_2481,Search_List_Size,,Unknown,
property_2482,Second,,Unknown,
property_2483,Second,,Unknown,
property_2484,SecondAngle,,Unknown,
property_2485,SecondAngleLaw,,Unknown,
property_2486,SecondAngleLawInversion,,Unknown,
property_2487,SecondComponentDirection,,Unknown,
property_2488,SecondComponentProfile,,Unknown,
property_2489,SecondContinuity,,Unknown,
property_2490,SecondCurve,,Unknown,
property_2491,SecondDirectionRepartition,,Unknown,
property_2492,SecondDirectionRow,,Unknown,
property_2493,SecondElem,,Unknown,
property_2494,SecondElem,,Unknown,
property_2495,SecondElem,,Unknown,
property_2496,SecondElem,,Unknown,
property_2497,SecondElement,,Unknown,
property_2498,SecondFace,,Unknown,
property_2499,SecondFace,,Unknown,
property_2500,SecondGroup,,Unknown,
property_2501,SecondGroup,,Unknown,
property_2502,SecondGuideCrv,,Unknown,
property_2503,SecondGuideCrv,,Unknown,
property_2504,SecondGuideCrv,,Unknown,
property_2505,SecondGuideCrv,,Unknown,
property_2506,SecondGuideSurf,,Unknown,
property_2507,SecondLawRelimiter,,Unknown,
property_2508,SecondLengthLaw,,Unknown,
property_2509,SecondLengthLawInversion,,Unknown,
property_2510,SecondLimit,,Unknown,
property_2511,SecondLimit,,Unknown,
property_2512,SecondLimitType,,Unknown,
property_2513,SecondOrientation,,Unknown,
property_2514,SecondOrientation,,Unknown,
property_2515,SecondOrientation,,Unknown,
property_2516,SecondOrientation,,Unknown,
property_2517,SecondOrientation,,Unknown,
property_2518,SecondOrientation,,Unknown,
property_2519,SecondPoint,,Unknown,
property_2520,SecondPoint,,Unknown,
property_2521,SecondPoint,,Unknown,
property_2522,SecondPoint,,Unknown,
property_2523,SecondProduct,,Unknown,
property_2524,SecondProduct,,Unknown,
property_2525,SecondRectangularPatternParameters,,Unknown,
property_2526,SecondTangentOrientation,,Unknown,
property_2527,SecondTension,,Unknown,
property_2528,SecondTrimOption,,Unknown,
property_2529,SecondUptoElem,,Unknown,
property_2530,SecondUptoElement,,Unknown,
property_2531,SectPattern,,Unknown,
property_2532,SectPattern,,Unknown,
property_2533,Section,,Unknown,
property_2534,Section,,Unknown,
property_2535,SectionCoupling,,Unknown,
property_2536,SectionDiameter,,Unknown,
property_2537,SectionDiameter,,Unknown,
property_2538,SectionFill,,Unknown,
property_2539,SectionHeight,,Unknown,
property_2540,SectionHeight,,Unknown,
property_2541,SectionHeight,,Unknown,
property_2542,SectionName,,Unknown,
property_2543,SectionPlane,,Unknown,
property_2544,SectionType,,Unknown,
property_2545,SectionType,,Unknown,
property_2546,SectionType,,Unknown,
property_2547,SectionType,,Unknown,
property_2548,SectionWidth,,Unknown,
property_2549,SectionWidth,,Unknown,
property_2550,SectionWidth,,Unknown,
property_2551,Sections,,Unknown,
property_2552,SectionsCatalogPath,,Unknown,
property_2553,SeeHiddenElements,,Unknown,
property_2554,SelectPublishedGeometry,,Unknown,
property_2555,Selection,,Unknown,
property_2556,ServerTimeOut,,Unknown,
property_2557,ServicePack,,Unknown,
property_2558,Set,,Unknown,
property_2559,SetbackValue,,Unknown,
property_2560,SettingsNode,,Unknown,
property_2561,Setups,,Unknown,
property_2562,Severity,,Unknown,
property_2563,SewingIntersectionMode,,Unknown,
property_2564,SewingSide,,Unknown,
property_2565,ShaderMode,,Unknown,
property_2566,ShadowFittingMode,,Unknown,
property_2567,ShadowMapSize,,Unknown,
property_2568,ShadowObjectStatus,,Unknown,
property_2569,ShadowStatus,,Unknown,
property_2570,ShadowsStatus,,Unknown,
property_2571,ShadowsStatus,,Unknown,
property_2572,ShapeFactory,,Unknown,
property_2573,Shapes,,Unknown,
property_2574,Shared,,Unknown,
property_2575,SharpnessAngle,,Unknown,
property_2576,SheetMetalFactory,,Unknown,
property_2577,SheetMetalParameters,,Unknown,
property_2578,SheetScale,,Unknown,
property_2579,Sheets,,Unknown,
property_2580,Sheets,,Unknown,
property_2581,Sheets,,Unknown,
property_2582,ShiftValue,,Unknown,
property_2583,ShiftedProfile,,Unknown,
property_2584,Shots,,Unknown,
property_2585,ShowActivation,,Unknown,
property_2586,ShowCompletionDialogBox,,Unknown,
property_2587,ShowLicense,,Unknown,
property_2588,ShowOnlyFilteredObjects,,Unknown,
property_2589,ShowParameters,,Unknown,
property_2590,ShowRelations,,Unknown,
property_2591,ShowSynchroStatusOfLocalParamCache,,Unknown,
property_2592,Side,,Unknown,
property_2593,Side,,Unknown,
property_2594,SideStepAngle,,Unknown,
property_2595,Silhouettes,,Unknown,
property_2596,Simplify,,Unknown,
property_2597,SingularColor,,Unknown,
property_2598,Size,,Unknown,
property_2599,Size,,Unknown,
property_2600,Size,,Unknown,
property_2601,Size,,Unknown,
property_2602,SizeControl,,Unknown,
property_2603,SizeType,,Unknown,
property_2604,Sketch,,Unknown,
property_2605,Sketch,,Unknown,
property_2606,Sketch,,Unknown,
property_2607,Sketch,,Unknown,
property_2608,SketchComponent,,Unknown,
property_2609,SketchComponent,,Unknown,
property_2610,Sketches,,Unknown,
property_2611,Sliding,,Unknown,
property_2612,SliversAndCrack,,Unknown,
property_2613,SliversAndCracks,,Unknown,
property_2614,SmoothActivity,,Unknown,
property_2615,SmoothActivity,,Unknown,
property_2616,SmoothActivity,,Unknown,
property_2617,SmoothActivity,,Unknown,
property_2618,SmoothAmplitude,,Unknown,
property_2619,SmoothAmplitude,,Unknown,
property_2620,SmoothAngleThreshold,,Unknown,
property_2621,SmoothAngleThreshold,,Unknown,
property_2622,SmoothAngleThreshold,,Unknown,
property_2623,SmoothAngleThreshold,,Unknown,
property_2624,SmoothAngleThreshold,,Unknown,
property_2625,SmoothAngleThreshold,,Unknown,
property_2626,SmoothAngleThresholdActivity,,Unknown,
property_2627,SmoothAngleThresholdActivity,,Unknown,
property_2628,SmoothDeviation,,Unknown,
property_2629,SmoothDeviation,,Unknown,
property_2630,SmoothDeviationActivity,,Unknown,
property_2631,SmoothDeviationActivity,,Unknown,
property_2632,SmoothingType,,Unknown,
property_2633,SmoothingType,,Unknown,
property_2634,SnapAngleDistance,,Unknown,
property_2635,SnapPosition,,Unknown,
property_2636,SolidMU,,Unknown,
property_2637,SolidMode,,Unknown,
property_2638,SolutionNo,,Unknown,
property_2639,SolutionNo,,Unknown,
property_2640,SolutionType,,Unknown,
property_2641,SolutionType,,Unknown,
property_2642,SolutionTypeCombine,,Unknown,
property_2643,SolveType,,Unknown,
property_2644,Sound,,Unknown,
property_2645,Source,,Unknown,
property_2646,Source,,Unknown,
property_2647,SourceElement,,Unknown,
property_2648,SourceProduct,,Unknown,
property_2649,SourceType,,Unknown,
property_2650,Spacing,,Unknown,
property_2651,SpecifiedCycleTime,,Unknown,
property_2652,SpecifiedJointSpeed,,Unknown,
property_2653,SpecsViewer,,Unknown,
property_2654,Specular,,Unknown,
property_2655,SpecularCoefficient,,Unknown,
property_2656,SpecularExponent,,Unknown,
property_2657,Speed,,Unknown,
property_2658,SpeedPercent,,Unknown,
property_2659,SpeedPercent,,Unknown,
property_2660,SpeedPercent,,Unknown,
property_2661,SphereLightRadius,,Unknown,
property_2662,Spine,,Unknown,
property_2663,Spine,,Unknown,
property_2664,Spine,,Unknown,
property_2665,Spine,,Unknown,
property_2666,Spine,,Unknown,
property_2667,Spine,,Unknown,
property_2668,Spine,,Unknown,
property_2669,SplitFunctionalObjectName,,Unknown,
property_2670,SplittingComponent,,Unknown,
property_2671,SplittingElement,,Unknown,
property_2672,SplittingSide,,Unknown,
property_2673,SplittingSide,,Unknown,
property_2674,SplittingSide,,Unknown,
property_2675,SpringDef,,Unknown,
property_2676,SpringType,,Unknown,
property_2677,Stabilization,,Unknown,
property_2678,StabilizationMagnitude,,Unknown,
property_2679,StabilizationMethod,,Unknown,
property_2680,StabilizationStiffness,,Unknown,
property_2681,StabilizationStiffnessType,,Unknown,
property_2682,Standard,,Unknown,
property_2683,Standard,,Unknown,
property_2684,Standard,,Unknown,
property_2685,Standard,,Unknown,
property_2686,Standard,,Unknown,
property_2687,Standard,,Unknown,
property_2688,StandardThickness,,Unknown,
property_2689,Start,,Unknown,
property_2690,StartAngle,,Unknown,
property_2691,StartExtremity,,Unknown,
property_2692,StartExtremityContinuity,,Unknown,
property_2693,StartParam,,Unknown,
property_2694,StartPoint,,Unknown,
property_2695,StartPoint,,Unknown,
property_2696,StartPoint,,Unknown,
property_2697,StartSegment,,Unknown,
property_2698,StartTangent,,Unknown,
property_2699,StartUpConnectors,,Unknown,
property_2700,StartUpFunctions,,Unknown,
property_2701,StartUpPhysicals,,Unknown,
property_2702,StartUp_Model_For_Drawing,,Unknown,
property_2703,StartingAngle,,Unknown,
property_2704,StartingPoint,,Unknown,
property_2705,StartingRadius,,Unknown,
property_2706,StartupType,,Unknown,
property_2707,StaticCull,,Unknown,
property_2708,StaticLOD,,Unknown,
property_2709,Status,,Unknown,
property_2710,Status,,Unknown,
property_2711,Status,,Unknown,
property_2712,Status,,Unknown,
property_2713,StatusBar,,Unknown,
property_2714,Step,,Unknown,
property_2715,StepByStepUpdateAndReroute,,Unknown,
property_2716,StepNum,,Unknown,
property_2717,Steps,,Unknown,
property_2718,StereoMode,,Unknown,
property_2719,StrAnchorPoints,,Unknown,
property_2720,StrComputeServices,,Unknown,
property_2721,Stride,,Unknown,
property_2722,StrikeThru,,Unknown,
property_2723,StringUsedAsCarriageReturn,,Unknown,
property_2724,Style,,Unknown,
property_2725,Style,,Unknown,
property_2726,StyleSheetDir,,Unknown,
property_2727,StyleSheetPath,,Unknown,
property_2728,SubFolders,,Unknown,
property_2729,SubShuttles,,Unknown,
property_2730,SubType,,Unknown,
property_2731,SubTypes,,Unknown,
property_2732,Subscript,,Unknown,
property_2733,Succeeds,,Unknown,
property_2734,SupRange,,Unknown,
property_2735,SuperType,,Unknown,
property_2736,SuperTypeName,,Unknown,
property_2737,Superscript,,Unknown,
property_2738,Support,,Unknown,
property_2739,Support,,Unknown,
property_2740,Support,,Unknown,
property_2741,Support,,Unknown,
property_2742,Support,,Unknown,
property_2743,Support,,Unknown,
property_2744,Support,,Unknown,
property_2745,Support,,Unknown,
property_2746,Support,,Unknown,
property_2747,Support,,Unknown,
property_2748,Support,,Unknown,
property_2749,Support,,Unknown,
property_2750,Support,,Unknown,
property_2751,Support,,Unknown,
property_2752,Support,,Unknown,
property_2753,Support,,Unknown,
property_2754,Support,,Unknown,
property_2755,Support,,Unknown,
property_2756,Support,,Unknown,
property_2757,Support,,Unknown,
property_2758,Support,,Unknown,
property_2759,Support,,Unknown,
property_2760,Support,,Unknown,
property_2761,Support,,Unknown,
property_2762,Support,,Unknown,
property_2763,Support,,Unknown,
property_2764,Support,,Unknown,
property_2765,Support,,Unknown,
property_2766,Support,,Unknown,
property_2767,Support,,Unknown,
property_2768,SupportPlane,,Unknown,
property_2769,SupportProperty,,Unknown,
property_2770,SupportSurface,,Unknown,
property_2771,SupportsTrimMode,,Unknown,
property_2772,SupportsTrimMode,,Unknown,
property_2773,SuppressMode,,Unknown,
property_2774,Surface,,Unknown,
property_2775,Surface,,Unknown,
property_2776,Surface,,Unknown,
property_2777,Surface,,Unknown,
property_2778,Surface,,Unknown,
property_2779,Surface,,Unknown,
property_2780,Surface,,Unknown,
property_2781,SurfaceAccuracy,,Unknown,
property_2782,SurfaceElementsLocation,,Unknown,
property_2783,SurfaceReference,,Unknown,
property_2784,SurfaceToUnfold,,Unknown,
property_2785,SurfaceToUnfold,,Unknown,
property_2786,SurfaceType,,Unknown,
property_2787,SurfacicWeigth,,Unknown,
property_2788,SwapMasterSlave,,Unknown,
property_2789,SwapMasterSlave,,Unknown,
property_2790,SwapMasterSlave,,Unknown,
property_2791,SweptVolumes,,Unknown,
property_2792,Swing,,Unknown,
property_2793,SwitchOn,,Unknown,
property_2794,Symbol,,Unknown,
property_2795,Symbol,,Unknown,
property_2796,Symbol,,Unknown,
property_2797,SymbolsSide,,Unknown,
property_2798,SymetricValue,,Unknown,
property_2799,SymmetricalExtension,,Unknown,
property_2800,SymmetricalExtension,,Unknown,
property_2801,SyncAnlSpecs,,Unknown,
property_2802,SyncTimeAndSpeedInSimulation,,Unknown,
property_2803,SystemConfiguration,,Unknown,
property_2804,SystemService,,Unknown,
property_2805,sinkTemperature,,Unknown,
property_2806,TCPTraceMode,,Unknown,
property_2807,THEM,,Unknown,
property_2808,THERM_COND,,Unknown,
property_2809,THETA_JB,,Unknown,
property_2810,THETA_JC,,Unknown,
property_2811,TIME,,Unknown,
property_2812,TOLERANCE,,Unknown,
property_2813,TPSStatus,,Unknown,
property_2814,TPSViewFactory,,Unknown,
property_2815,TPSViews,,Unknown,
property_2816,TPSViews,,Unknown,
property_2817,Tables,,Unknown,
property_2818,Tables,,Unknown,
property_2819,TabularAmplitude,,Unknown,
property_2820,TabularAmplitude,,Unknown,
property_2821,TabulatedLimit,,Unknown,
property_2822,TailSymbol,,Unknown,
property_2823,TailTarget,,Unknown,
property_2824,TangencyAngle,,Unknown,
property_2825,TangencyObjective,,Unknown,
property_2826,TangencyThreshold,,Unknown,
property_2827,TangentCurve,,Unknown,
property_2828,TangentIntPoint,,Unknown,
property_2829,TangentOrientation1,,Unknown,
property_2830,TangentOrientation1,,Unknown,
property_2831,TangentOrientation1,,Unknown,
property_2832,TangentOrientation1,,Unknown,
property_2833,TangentOrientation2,,Unknown,
property_2834,TangentOrientation2,,Unknown,
property_2835,TangentOrientation2,,Unknown,
property_2836,TangentOrientation2,,Unknown,
property_2837,TangentOrientation3,,Unknown,
property_2838,TaperAngle,,Unknown,
property_2839,TaperOutward,,Unknown,
property_2840,TargetAxis,,Unknown,
property_2841,TargetMethod,,Unknown,
property_2842,TargetOperation,,Unknown,
property_2843,TargetOrientationMode,,Unknown,
property_2844,TargetPlane,,Unknown,
property_2845,TargetSurface,,Unknown,
property_2846,TargetTime,,Unknown,
property_2847,TargetTimeOn,,Unknown,
property_2848,TargetType,,Unknown,
property_2849,TargetValue,,Unknown,
property_2850,Targets,,Unknown,
property_2851,TaskList,,Unknown,
property_2852,TechnicalDocumentationPath,,Unknown,
property_2853,TempOutputDirectory,,Unknown,
property_2854,TemporaryDirectory,,Unknown,
property_2855,TerminationAttrList,,Unknown,
property_2856,TerminationIDNumber,,Unknown,
property_2857,TerminationName,,Unknown,
property_2858,TerminationNumber,,Unknown,
property_2859,TerminationRefDesignator,,Unknown,
property_2860,TerminationSubType,,Unknown,
property_2861,TerminationType,,Unknown,
property_2862,Text,,Unknown,
property_2863,Text,,Unknown,
property_2864,Text,,Unknown,
property_2865,Text,,Unknown,
property_2866,Text,,Unknown,
property_2867,Text,,Unknown,
property_2868,Text,,Unknown,
property_2869,TextAngle,,Unknown,
property_2870,TextBlanking,,Unknown,
property_2871,TextFont,,Unknown,
property_2872,TextFont,,Unknown,
property_2873,TextMigration,,Unknown,
property_2874,TextOrientation,,Unknown,
property_2875,TextOrientation,,Unknown,
property_2876,TextProperties,,Unknown,
property_2877,TextProperties,,Unknown,
property_2878,TextProperties,,Unknown,
property_2879,TextScaling,,Unknown,
property_2880,TextSize,,Unknown,
property_2881,TextSize,,Unknown,
property_2882,TextVisualization,,Unknown,
property_2883,Texts,,Unknown,
property_2884,Texts,,Unknown,
property_2885,Texture,,Unknown,
property_2886,TextureAmplitude,,Unknown,
property_2887,TextureComplexity,,Unknown,
property_2888,TextureGain,,Unknown,
property_2889,TextureImage,,Unknown,
property_2890,TexturePerturbation,,Unknown,
property_2891,TextureTurbulence,,Unknown,
property_2892,TextureType,,Unknown,
property_2893,TextureVeinAmplitude,,Unknown,
property_2894,TexturesStatus,,Unknown,
property_2895,Thickness,,Unknown,
property_2896,Thickness,,Unknown,
property_2897,Thickness,,Unknown,
property_2898,Thickness,,Unknown,
property_2899,Thickness,,Unknown,
property_2900,Thickness1,,Unknown,
property_2901,Thickness1Value,,Unknown,
property_2902,Thickness2,,Unknown,
property_2903,Thickness2Value,,Unknown,
property_2904,ThicknessFromTop,,Unknown,
property_2905,ThicknessListPath,,Unknown,
property_2906,Thicknesses,,Unknown,
property_2907,Third,,Unknown,
property_2908,ThirdGuideCrv,,Unknown,
property_2909,ThirdGuideCrv,,Unknown,
property_2910,ThirdPoint,,Unknown,
property_2911,ThreadDepth,,Unknown,
property_2912,ThreadDescription,,Unknown,
property_2913,ThreadDiameter,,Unknown,
property_2914,ThreadPitch,,Unknown,
property_2915,ThreadSide,,Unknown,
property_2916,ThreadingMode,,Unknown,
property_2917,Threads,,Unknown,
property_2918,Threads,,Unknown,
property_2919,TildeDisplay,,Unknown,
property_2920,Time,,Unknown,
property_2921,TimeAmplitudeTableSize,,Unknown,
property_2922,TimeAmplitudeTableSize,,Unknown,
property_2923,TimeIncrementationMethod,,Unknown,
property_2924,TimeIncrementationMethod,,Unknown,
property_2925,TimeIncrementationMethod,,Unknown,
property_2926,TimePeriod,,Unknown,
property_2927,TimePeriod,,Unknown,
property_2928,TimePeriod,,Unknown,
property_2929,TimeRoll,,Unknown,
property_2930,TimeScalingFactor,,Unknown,
property_2931,TimeSpan,,Unknown,
property_2932,TimeSpan,,Unknown,
property_2933,TimeUnit,,Unknown,
property_2934,TimestampMode,,Unknown,
property_2935,To,,Unknown,
property_2936,To,,Unknown,
property_2937,ToOrientation,,Unknown,
property_2938,TolJoin,,Unknown,
property_2939,TolOptInvalidGeom,,Unknown,
property_2940,Tolerance,,Unknown,
property_2941,TolerantMode,,Unknown,
property_2942,Tool,,Unknown,
property_2943,Tool,,Unknown,
property_2944,Tool,,Unknown,
property_2945,Tool,,Unknown,
property_2946,ToolAssembly,,Unknown,
property_2947,ToolAxisStrategy,,Unknown,
property_2948,ToolNumber,,Unknown,
property_2949,ToolNumber,,Unknown,
property_2950,ToolProfile,,Unknown,
property_2951,ToolProfile,,Unknown,
property_2952,ToolType,,Unknown,
property_2953,Top,,Unknown,
property_2954,Top,,Unknown,
property_2955,TopMargin,,Unknown,
property_2956,TopOffset,,Unknown,
property_2957,TopType,,Unknown,
property_2958,TopologySimplificationActivity,,Unknown,
property_2959,TotalPoints,,Unknown,
property_2960,TotalTime,,Unknown,
property_2961,TraceAxisColor,,Unknown,
property_2962,TraceAxisThick,,Unknown,
property_2963,TraceAxisType,,Unknown,
property_2964,TraceAxisVisu,,Unknown,
property_2965,TraceDeletePath,,Unknown,
property_2966,TraceLegend,,Unknown,
property_2967,TraceLineColor,,Unknown,
property_2968,TraceLineThick,,Unknown,
property_2969,TraceLineType,,Unknown,
property_2970,TraceLineVisu,,Unknown,
property_2971,TraceName,,Unknown,
property_2972,TracePointColor,,Unknown,
property_2973,TracePointSymbol,,Unknown,
property_2974,TracePointVisu,,Unknown,
property_2975,TrackAutoUpdate,,Unknown,
property_2976,TransferWithTarget,,Unknown,
property_2977,TranslationU,,Unknown,
property_2978,TranslationV,,Unknown,
property_2979,TranslatorMode,,Unknown,
property_2980,TransparencyCoefficient,,Unknown,
property_2981,TransparencyMode,,Unknown,
property_2982,TravelColor,,Unknown,
property_2983,TravelLimit,,Unknown,
property_2984,Trim,,Unknown,
property_2985,Trim,,Unknown,
property_2986,TrimMode,,Unknown,
property_2987,TrimMode,,Unknown,
property_2988,TrimMode,,Unknown,
property_2989,TrimMode,,Unknown,
property_2990,TrimOption,,Unknown,
property_2991,TrimOption,,Unknown,
property_2992,TrueColorMode,,Unknown,
property_2993,TrueDimMode,,Unknown,
property_2994,TrueDimension,,Unknown,
property_2995,TwoSideLightingMode,,Unknown,
property_2996,Type,,Unknown,
property_2997,Type,,Unknown,
property_2998,Type,,Unknown,
property_2999,Type,,Unknown,
property_3000,Type,,Unknown,
property_3001,Type,,Unknown,
property_3002,Type,,Unknown,
property_3003,Type,,Unknown,
property_3004,Type,,Unknown,
property_3005,Type,,Unknown,
property_3006,Type,,Unknown,
property_3007,Type,,Unknown,
property_3008,Type,,Unknown,
property_3009,Type,,Unknown,
property_3010,Type,,Unknown,
property_3011,Type,,Unknown,
property_3012,Type,,Unknown,
property_3013,Type,,Unknown,
property_3014,Type,,Unknown,
property_3015,Type,,Unknown,
property_3016,Type,,Unknown,
property_3017,Type,,Unknown,
property_3018,Type,,Unknown,
property_3019,Type,,Unknown,
property_3020,Type,,Unknown,
property_3021,Type,,Unknown,
property_3022,Type,,Unknown,
property_3023,Type,,Unknown,
property_3024,Type,,Unknown,
property_3025,Type,,Unknown,
property_3026,Type,,Unknown,
property_3027,Type,,Unknown,
property_3028,Type,,Unknown,
property_3029,Type,,Unknown,
property_3030,Type,,Unknown,
property_3031,Type,,Unknown,
property_3032,Type,,Unknown,
property_3033,Type,,Unknown,
property_3034,Type,,Unknown,
property_3035,TypeBaseFrm,,Unknown,
property_3036,TypeCoorsys,,Unknown,
property_3037,TypeOfIconOnFunctionalElement,,Unknown,
property_3038,TypeOfTransfer,,Unknown,
property_3039,TypeSolution,,Unknown,
property_3040,TypeToolFrm,,Unknown,
property_3041,TypeWclPath,,Unknown,
property_3042,temperatureDependency,,Unknown,
property_3043,temperatureDependency,,Unknown,
property_3044,U1,,Unknown,
property_3045,U2,,Unknown,
property_3046,U3,,Unknown,
property_3047,UGActiveLayersOnly,,Unknown,
property_3048,UGDrawingName,,Unknown,
property_3049,UGLayerNumbers,,Unknown,
property_3050,UGOpenSurfaces,,Unknown,
property_3051,UIStyle,,Unknown,
property_3052,UPID,,Unknown,
property_3053,UR1,,Unknown,
property_3054,UR1,,Unknown,
property_3055,UR2,,Unknown,
property_3056,UR2,,Unknown,
property_3057,UR3,,Unknown,
property_3058,UR3,,Unknown,
property_3059,UREP,,Unknown,
property_3060,USER,,Unknown,
property_3061,UTCTimeFormat,,Unknown,
property_3062,UgReferenceSet,,Unknown,
property_3063,UnUpdatedConstraintsCount,,Unknown,
property_3064,UncuredThickness,,Unknown,
property_3065,UnderFeature,,Unknown,
property_3066,UnderSet,,Unknown,
property_3067,UnderView,,Unknown,
property_3068,Underline,,Unknown,
property_3069,UnfoldType,,Unknown,
property_3070,UnfoldedSurface,,Unknown,
property_3071,Unit,,Unknown,
property_3072,Units,,Unknown,
property_3073,UnresolvedText,,Unknown,
property_3074,UpdateAnalysisInSimulation,,Unknown,
property_3075,UpdateElementsRefreshed,,Unknown,
property_3076,UpdateLinkedExternalReferences,,Unknown,
property_3077,UpdateMode,,Unknown,
property_3078,UpdateResult,,Unknown,
property_3079,UpdateStatusMode,,Unknown,
property_3080,UpdateStoppedOnError,,Unknown,
property_3081,Uploader,,Unknown,
property_3082,UploaderDir,,Unknown,
property_3083,UpperLimit1,,Unknown,
property_3084,UpperLimit2,,Unknown,
property_3085,UsageLimit,,Unknown,
property_3086,Use3DAccuracy,,Unknown,
property_3087,UseAmplitude,,Unknown,
property_3088,UseAmplitude,,Unknown,
property_3089,UseGraphicalUI,,Unknown,
property_3090,UseImageSize,,Unknown,
property_3091,UseInterferenceFitAmplitude,,Unknown,
property_3092,UseMasterNegativeSide,,Unknown,
property_3093,UseMaxEvalsWoImprovement,,Unknown,
property_3094,UseMaxTime,,Unknown,
property_3095,UseSlaveNegativeSide,,Unknown,
property_3096,UseStyleCreateObjects,,Unknown,
property_3097,UselocalCsys,,Unknown,
property_3098,UselocalCsys,,Unknown,
property_3099,UselocalCsys,,Unknown,
property_3100,UserAccessMode,,Unknown,
property_3101,UserDefinedTimeIncrementValue,,Unknown,
property_3102,UserRefProperties,,Unknown,
property_3103,UserSpeed,,Unknown,
property_3104,UserSpeed,,Unknown,
property_3105,UserSubroutine,,Unknown,
property_3106,UserSurfaces,,Unknown,
property_3107,UserTime,,Unknown,
property_3108,UserTime,,Unknown,
property_3109,UserType,,Unknown,
property_3110,UserWalkSpeedStatus,,Unknown,
property_3111,u1,,Unknown,
property_3112,u2,,Unknown,
property_3113,u3,,Unknown,
property_3114,ur1,,Unknown,
property_3115,ur2,,Unknown,
property_3116,ur3,,Unknown,
property_3117,V4DocumentModel,,Unknown,
property_3118,V4V5_FDT,,Unknown,
property_3119,V4_Model_CommentPage,,Unknown,
property_3120,V4_Model_LnF,,Unknown,
property_3121,V4_Part_Definition,,Unknown,
property_3122,V5_SPA,,Unknown,
property_3123,ValidConnectorTypes,,Unknown,
property_3124,Validity,,Unknown,
property_3125,Valuation,,Unknown,
property_3126,Value,,Unknown,
property_3127,Value,,Unknown,
property_3128,Value,,Unknown,
property_3129,Value,,Unknown,
property_3130,Value,,Unknown,
property_3131,Value,,Unknown,
property_3132,Value,,Unknown,
property_3133,Value,,Unknown,
property_3134,Value,,Unknown,
property_3135,Value,,Unknown,
property_3136,Value,,Unknown,
property_3137,Value,,Unknown,
property_3138,ValueAngle,,Unknown,
property_3139,ValueAutoMode,,Unknown,
property_3140,ValueDisplay,,Unknown,
property_3141,ValueEnum,,Unknown,
property_3142,ValueFrame,,Unknown,
property_3143,ValueFramedElement,,Unknown,
property_3144,ValueFramedGroup,,Unknown,
property_3145,ValueInOut,,Unknown,
property_3146,ValueList,,Unknown,
property_3147,ValueOrientation,,Unknown,
property_3148,ValueReference,,Unknown,
property_3149,Variable,,Unknown,
property_3150,Variables,,Unknown,
property_3151,Variables,,Unknown,
property_3152,Variants,,Unknown,
property_3153,Vector,,Unknown,
property_3154,Vector,,Unknown,
property_3155,VectorType,,Unknown,
property_3156,VelocityColor,,Unknown,
property_3157,VelocityLimit,,Unknown,
property_3158,Version,,Unknown,
property_3159,VerticalReference,,Unknown,
property_3160,VideoResult,,Unknown,
property_3161,ViewAnalysisParameter,,Unknown,
property_3162,ViewAnalysisRelation,,Unknown,
property_3163,ViewAssociativity,,Unknown,
property_3164,ViewBackgroundMode,,Unknown,
property_3165,ViewFilterCreationMode,,Unknown,
property_3166,ViewPoint,,Unknown,
property_3167,ViewProfile,,Unknown,
property_3168,ViewReferential,,Unknown,
property_3169,ViewReferentialZoomable,,Unknown,
property_3170,ViewScale,,Unknown,
property_3171,ViewType,,Unknown,
property_3172,ViewerAutoOpen,,Unknown,
property_3173,ViewerAutoReframe,,Unknown,
property_3174,ViewerLock2D,,Unknown,
property_3175,Viewers,,Unknown,
property_3176,Viewpoint2D,,Unknown,
property_3177,Viewpoint2D,,Unknown,
property_3178,Viewpoint3D,,Unknown,
property_3179,Viewpoint3D,,Unknown,
property_3180,ViewpointAnimationMode,,Unknown,
property_3181,Views,,Unknown,
property_3182,Views,,Unknown,
property_3183,VisBaseFrm,,Unknown,
property_3184,VisCoorsys,,Unknown,
property_3185,VisProperties,,Unknown,
property_3186,VisToolFrm,,Unknown,
property_3187,VisWclPath,,Unknown,
property_3188,Visibility,,Unknown,
property_3189,Visible,,Unknown,
property_3190,VisibleInMfgView,,Unknown,
property_3191,Vision,,Unknown,
property_3192,Visu2DMode,,Unknown,
property_3193,VisuBackground,,Unknown,
property_3194,VisuFormatUnit,,Unknown,
property_3195,VisuIn3D,,Unknown,
property_3196,VisuIn3D,,Unknown,
property_3197,VisuIn3D,,Unknown,
property_3198,VisuMode,,Unknown,
property_3199,VisuMode,,Unknown,
property_3200,VisuMode,,Unknown,
property_3201,VisuMode,,Unknown,
property_3202,VisuMode,,Unknown,
property_3203,Visu_Mode_2D,,Unknown,
property_3204,VisualizationMode,,Unknown,
property_3205,Viz2DAccuracyMode,,Unknown,
property_3206,Viz2DFixedAccuracy,,Unknown,
property_3207,Viz2DProportionnalAccuracy,,Unknown,
property_3208,Viz3DAccuracyMode,,Unknown,
property_3209,Viz3DCurveAccuracy,,Unknown,
property_3210,Viz3DFixedAccuracy,,Unknown,
property_3211,Viz3DProportionnalAccuracy,,Unknown,
property_3212,Volume,,Unknown,
property_3213,Volume,,Unknown,
property_3214,Volume,,Unknown,
property_3215,VolumeResult,,Unknown,
property_3216,VolumeResult,,Unknown,
property_3217,VolumeResult,,Unknown,
property_3218,VolumeResult,,Unknown,
property_3219,VolumeResult,,Unknown,
property_3220,VolumeResult,,Unknown,
property_3221,VolumeResult,,Unknown,
property_3222,VoxelStaticAnl,,Unknown,
property_3223,Voxels,,Unknown,
property_3224,WARN,,Unknown,
property_3225,WKBN,,Unknown,
property_3226,WalkActColor,,Unknown,
property_3227,WalkActLineType,,Unknown,
property_3228,WalkActLineWeight,,Unknown,
property_3229,WalkForwardAngle,,Unknown,
property_3230,WalkForwardDistance,,Unknown,
property_3231,WalkLength,,Unknown,
property_3232,WeldingSide,,Unknown,
property_3233,WeldingTail,,Unknown,
property_3234,Weldings,,Unknown,
property_3235,Weldings,,Unknown,
property_3236,WetArea,,Unknown,
property_3237,WhiteVectorsInBlack,,Unknown,
property_3238,Width,,Unknown,
property_3239,Width,,Unknown,
property_3240,Width,,Unknown,
property_3241,Width,,Unknown,
property_3242,Width,,Unknown,
property_3243,Width,,Unknown,
property_3244,WindowDefaultHeight,,Unknown,
property_3245,WindowDefaultWidth,,Unknown,
property_3246,WindowOpenMode,,Unknown,
property_3247,WindowState,,Unknown,
property_3248,Windows,,Unknown,
property_3249,WireColor,,Unknown,
property_3250,WireDiameter,,Unknown,
property_3251,WireID,,Unknown,
property_3252,WireLength,,Unknown,
property_3253,WireName,,Unknown,
property_3254,WirePartNumber,,Unknown,
property_3255,WireRefDesignator,,Unknown,
property_3256,WireSeparationCode,,Unknown,
property_3257,WireSignalID,,Unknown,
property_3258,WireSubType,,Unknown,
property_3259,WireToDevelop,,Unknown,
property_3260,WireType,,Unknown,
property_3261,WorkInstructions,,Unknown,
property_3262,WorkScenes,,Unknown,
property_3263,WorkerResource,,Unknown,
property_3264,WorkerResource,,Unknown,
property_3265,WrappingWidth,,Unknown,
property_3266,Wrappings,,Unknown,
property_3267,width,,Unknown,
property_3268,X,,Unknown,
property_3269,X,,Unknown,
property_3270,XAxisDirection,,Unknown,
property_3271,XAxisType,,Unknown,
property_3272,XLength,,Unknown,
property_3273,XLength,,Unknown,
property_3274,XMLDir,,Unknown,
property_3275,XMLName,,Unknown,
property_3276,XMLSchema,,Unknown,
property_3277,XOffset,,Unknown,
property_3278,XRatios,,Unknown,
property_3279,x,,Unknown,
property_3280,x,,Unknown,
property_3281,x,,Unknown,
property_3282,x,,Unknown,
property_3283,x,,Unknown,
property_3284,x,,Unknown,
property_3285,x,,Unknown,
property_3286,xAxisData,,Unknown,
property_3287,Y,,Unknown,
property_3288,Y,,Unknown,
property_3289,YAxisDirection,,Unknown,
property_3290,YAxisType,,Unknown,
property_3291,YLength,,Unknown,
property_3292,YLength,,Unknown,
property_3293,YOffset,,Unknown,
property_3294,YRatios,,Unknown,
property_3295,y,,Unknown,
property_3296,y,,Unknown,
property_3297,y,,Unknown,
property_3298,y,,Unknown,
property_3299,y,,Unknown,
property_3300,y,,Unknown,
property_3301,y,,Unknown,
property_3302,yAxisData,,Unknown,
property_3303,Z,,Unknown,
property_3304,Z,,Unknown,
property_3305,ZAxisDirection,,Unknown,
property_3306,ZAxisType,,Unknown,
property_3307,ZRatios,,Unknown,
property_3308,Zoom,,Unknown,
property_3309,Zoom,,Unknown,
property_3310,Zoom,,Unknown,
property_3311,Zoom,,Unknown,
