start_id,end_id,parameter_order
method_3,parameter_1,1
method_13,parameter_2,1
method_13,parameter_3,2
method_18,parameter_5,1
method_20,parameter_6,1
method_21,parameter_7,1
method_21,parameter_8,2
method_23,parameter_9,1
method_25,parameter_10,1
method_31,parameter_11,1
method_32,parameter_12,1
method_33,parameter_13,1
method_34,parameter_14,1
method_36,parameter_15,1
method_39,parameter_16,1
method_39,parameter_17,2
method_40,parameter_18,1
method_42,parameter_19,1
method_42,parameter_20,2
method_42,parameter_21,3
method_45,parameter_22,1
method_45,parameter_23,2
method_45,parameter_24,3
method_45,parameter_25,4
method_45,parameter_26,5
method_45,parameter_27,6
method_46,parameter_28,1
method_47,parameter_29,1
method_51,parameter_30,1
method_52,parameter_31,1
method_53,parameter_32,1
method_58,parameter_33,1
method_61,parameter_34,1
method_61,parameter_35,2
method_62,parameter_36,1
method_63,parameter_38,1
method_67,parameter_39,1
method_68,parameter_40,1
method_71,parameter_41,1
method_73,parameter_42,1
method_74,parameter_43,1
method_74,parameter_44,2
method_74,parameter_45,3
method_74,parameter_46,4
method_80,parameter_47,1
method_81,parameter_48,1
method_82,parameter_49,1
method_83,parameter_50,1
method_85,parameter_51,1
method_87,parameter_52,1
method_88,parameter_53,1
method_89,parameter_54,1
method_89,parameter_55,2
method_89,parameter_56,3
method_89,parameter_57,4
method_90,parameter_58,1
method_92,parameter_59,1
method_94,parameter_60,1
method_95,parameter_61,1
method_97,parameter_62,1
method_98,parameter_63,1
method_99,parameter_64,1
method_99,parameter_65,2
method_99,parameter_66,3
method_99,parameter_67,4
method_99,parameter_68,5
method_100,parameter_69,1
method_101,parameter_70,1
method_101,parameter_71,2
method_102,parameter_72,1
method_103,parameter_73,1
method_104,parameter_74,1
method_104,parameter_75,2
method_105,parameter_76,1
method_105,parameter_77,2
method_106,parameter_78,1
method_106,parameter_79,2
method_107,parameter_80,1
method_107,parameter_81,2
method_107,parameter_82,3
method_107,parameter_83,4
method_108,parameter_84,1
method_110,parameter_85,1
method_111,parameter_86,1
method_112,parameter_88,1
method_112,parameter_89,2
method_112,parameter_90,3
method_115,parameter_91,1
method_115,parameter_92,2
method_115,parameter_93,3
method_116,parameter_94,1
method_116,parameter_95,2
method_116,parameter_96,3
method_116,parameter_97,4
method_117,parameter_98,1
method_117,parameter_99,2
method_117,parameter_100,3
method_117,parameter_101,4
method_118,parameter_102,1
method_118,parameter_103,2
method_118,parameter_104,3
method_119,parameter_105,1
method_119,parameter_106,2
method_119,parameter_107,3
method_119,parameter_108,4
method_120,parameter_109,1
method_120,parameter_110,2
method_121,parameter_111,1
method_121,parameter_112,2
method_122,parameter_113,1
method_122,parameter_114,2
method_123,parameter_115,1
method_123,parameter_116,2
method_124,parameter_117,1
method_124,parameter_118,2
method_124,parameter_119,3
method_124,parameter_120,4
method_124,parameter_121,5
method_124,parameter_122,6
method_124,parameter_123,7
method_124,parameter_124,8
method_125,parameter_125,1
method_125,parameter_126,2
method_125,parameter_127,3
method_126,parameter_128,1
method_127,parameter_129,1
method_128,parameter_130,1
method_128,parameter_131,2
method_128,parameter_132,3
method_129,parameter_133,1
method_130,parameter_134,1
method_130,parameter_135,2
method_131,parameter_136,1
method_131,parameter_137,2
method_132,parameter_138,1
method_134,parameter_139,1
method_135,parameter_140,1
method_135,parameter_141,2
method_136,parameter_143,1
method_137,parameter_144,1
method_137,parameter_145,2
method_138,parameter_146,1
method_138,parameter_147,2
method_138,parameter_148,3
method_139,parameter_150,1
method_139,parameter_151,2
method_139,parameter_152,3
method_139,parameter_153,4
method_139,parameter_154,5
method_139,parameter_155,6
method_139,parameter_156,7
method_140,parameter_157,1
method_141,parameter_158,1
method_141,parameter_159,2
method_141,parameter_160,3
method_141,parameter_161,4
method_141,parameter_162,5
method_141,parameter_163,6
method_143,parameter_164,1
method_143,parameter_165,2
method_143,parameter_166,3
method_143,parameter_167,4
method_143,parameter_168,5
method_143,parameter_169,6
method_143,parameter_170,7
method_143,parameter_171,8
method_144,parameter_172,1
method_144,parameter_173,2
method_146,parameter_174,1
method_146,parameter_175,2
method_147,parameter_176,1
method_147,parameter_177,2
method_148,parameter_179,1
method_148,parameter_180,2
method_149,parameter_181,1
method_149,parameter_182,2
method_150,parameter_183,1
method_150,parameter_184,2
method_150,parameter_185,3
method_150,parameter_186,4
method_151,parameter_187,1
method_152,parameter_188,1
method_153,parameter_189,1
method_154,parameter_190,1
method_154,parameter_191,2
method_154,parameter_192,3
method_154,parameter_193,4
method_154,parameter_194,5
method_154,parameter_195,6
method_154,parameter_196,7
method_155,parameter_197,1
method_155,parameter_198,2
method_155,parameter_199,3
method_155,parameter_200,4
method_155,parameter_201,5
method_155,parameter_202,6
method_155,parameter_203,7
method_155,parameter_204,8
method_155,parameter_205,9
method_155,parameter_206,10
method_156,parameter_207,1
method_156,parameter_208,2
method_156,parameter_209,3
method_156,parameter_210,4
method_156,parameter_211,5
method_156,parameter_212,6
method_156,parameter_213,7
method_157,parameter_214,1
method_157,parameter_215,2
method_157,parameter_216,3
method_157,parameter_217,4
method_157,parameter_218,5
method_157,parameter_219,6
method_157,parameter_220,7
method_157,parameter_221,8
method_157,parameter_222,9
method_157,parameter_223,10
method_159,parameter_224,1
method_159,parameter_225,2
method_161,parameter_226,1
method_161,parameter_227,2
method_162,parameter_228,1
method_162,parameter_229,2
method_163,parameter_230,1
method_163,parameter_232,3
method_163,parameter_233,4
method_163,parameter_234,5
method_164,parameter_235,1
method_164,parameter_236,2
method_164,parameter_237,3
method_165,parameter_239,1
method_165,parameter_240,2
method_166,parameter_241,1
method_167,parameter_242,1
method_168,parameter_243,1
method_168,parameter_244,2
method_169,parameter_245,1
method_170,parameter_246,1
method_171,parameter_247,1
method_172,parameter_248,1
method_173,parameter_249,1
method_174,parameter_250,1
method_175,parameter_251,1
method_176,parameter_252,1
method_177,parameter_253,1
method_178,parameter_254,1
method_178,parameter_255,2
method_179,parameter_256,1
method_180,parameter_257,1
method_180,parameter_258,2
method_180,parameter_259,3
method_181,parameter_260,1
method_182,parameter_261,1
method_183,parameter_262,1
method_184,parameter_263,1
method_184,parameter_264,2
method_185,parameter_265,1
method_186,parameter_266,1
method_187,parameter_267,1
method_187,parameter_268,2
method_188,parameter_269,1
method_189,parameter_270,1
method_190,parameter_271,1
method_191,parameter_272,1
method_192,parameter_273,1
method_193,parameter_274,1
method_194,parameter_275,1
method_195,parameter_276,1
method_195,parameter_277,2
method_197,parameter_278,1
method_197,parameter_279,2
method_199,parameter_280,1
method_199,parameter_281,2
method_199,parameter_282,3
method_199,parameter_283,4
method_200,parameter_284,1
method_209,parameter_285,1
method_210,parameter_286,1
method_210,parameter_287,2
method_211,parameter_288,1
method_212,parameter_289,1
method_213,parameter_290,1
method_213,parameter_291,2
method_213,parameter_292,3
method_217,parameter_293,1
method_217,parameter_294,2
method_218,parameter_295,1
method_219,parameter_296,1
method_220,parameter_297,1
method_221,parameter_298,1
method_222,parameter_299,1
method_222,parameter_300,2
method_223,parameter_301,1
method_223,parameter_302,2
method_226,parameter_303,1
method_227,parameter_304,1
method_228,parameter_306,1
method_228,parameter_307,2
method_229,parameter_309,1
method_229,parameter_310,2
method_230,parameter_311,1
method_230,parameter_312,2
method_230,parameter_313,3
method_230,parameter_314,4
method_231,parameter_315,1
method_231,parameter_316,2
method_231,parameter_317,3
method_231,parameter_318,4
method_232,parameter_319,1
method_232,parameter_320,2
method_232,parameter_321,3
method_232,parameter_322,4
method_232,parameter_323,5
method_232,parameter_324,6
method_232,parameter_325,7
method_232,parameter_326,8
method_233,parameter_327,1
method_233,parameter_328,2
method_235,parameter_330,1
method_237,parameter_331,1
method_238,parameter_332,1
method_240,parameter_333,1
method_241,parameter_334,1
method_241,parameter_335,2
method_241,parameter_336,3
method_241,parameter_337,4
method_241,parameter_338,5
method_241,parameter_339,6
method_242,parameter_340,1
method_243,parameter_341,1
method_243,parameter_342,2
method_243,parameter_343,3
method_243,parameter_344,4
method_243,parameter_345,5
method_243,parameter_346,6
method_243,parameter_347,7
method_243,parameter_348,8
method_244,parameter_349,1
method_244,parameter_350,2
method_244,parameter_351,3
method_244,parameter_352,4
method_244,parameter_353,5
method_244,parameter_354,6
method_244,parameter_355,7
method_245,parameter_356,1
method_245,parameter_357,2
method_245,parameter_358,3
method_245,parameter_359,4
method_245,parameter_360,5
method_245,parameter_361,6
method_245,parameter_362,7
method_245,parameter_363,8
method_246,parameter_364,1
method_246,parameter_365,2
method_246,parameter_366,3
method_246,parameter_367,4
method_246,parameter_368,5
method_246,parameter_369,6
method_246,parameter_370,7
method_247,parameter_371,1
method_247,parameter_372,2
method_247,parameter_373,3
method_247,parameter_374,4
method_247,parameter_375,5
method_247,parameter_376,6
method_247,parameter_377,7
method_247,parameter_378,8
method_248,parameter_379,1
method_248,parameter_380,2
method_250,parameter_381,1
method_250,parameter_382,2
method_251,parameter_383,1
method_253,parameter_384,1
method_253,parameter_385,2
method_253,parameter_386,3
method_253,parameter_387,4
method_253,parameter_388,5
method_253,parameter_389,6
method_253,parameter_390,7
method_254,parameter_392,1
method_254,parameter_393,2
method_254,parameter_394,3
method_254,parameter_395,4
method_254,parameter_396,5
method_255,parameter_397,1
method_256,parameter_398,1
method_256,parameter_399,2
method_256,parameter_400,3
method_256,parameter_401,4
method_257,parameter_403,1
method_257,parameter_404,2
method_257,parameter_405,3
method_258,parameter_406,1
method_259,parameter_407,1
method_260,parameter_408,1
method_260,parameter_409,2
method_261,parameter_410,1
method_262,parameter_412,1
method_262,parameter_413,2
method_262,parameter_414,3
method_263,parameter_416,1
method_263,parameter_417,2
method_266,parameter_419,1
method_266,parameter_420,2
method_266,parameter_421,3
method_267,parameter_423,1
method_269,parameter_425,1
method_269,parameter_426,2
method_269,parameter_427,3
method_269,parameter_428,4
method_269,parameter_429,5
method_269,parameter_430,6
method_269,parameter_431,7
method_270,parameter_432,1
method_270,parameter_433,2
method_270,parameter_434,3
method_270,parameter_435,4
method_270,parameter_436,5
method_270,parameter_437,6
method_270,parameter_438,7
method_270,parameter_439,8
method_270,parameter_440,9
method_270,parameter_441,10
method_270,parameter_442,11
method_270,parameter_443,12
method_271,parameter_444,1
method_271,parameter_445,2
method_271,parameter_446,3
method_271,parameter_447,4
method_271,parameter_448,5
method_271,parameter_449,6
method_271,parameter_450,7
method_271,parameter_451,8
method_271,parameter_452,9
method_271,parameter_453,10
method_271,parameter_454,11
method_271,parameter_455,12
method_272,parameter_456,1
method_272,parameter_457,2
method_272,parameter_458,3
method_272,parameter_459,4
method_272,parameter_460,5
method_272,parameter_461,6
method_273,parameter_463,1
method_273,parameter_464,2
method_273,parameter_465,3
method_274,parameter_467,1
method_274,parameter_468,2
method_274,parameter_469,3
method_274,parameter_470,4
method_274,parameter_471,5
method_274,parameter_472,6
method_275,parameter_474,1
method_275,parameter_475,2
method_275,parameter_476,3
method_275,parameter_477,4
method_275,parameter_478,5
method_275,parameter_479,6
method_276,parameter_481,1
method_276,parameter_482,2
method_276,parameter_483,3
method_276,parameter_484,4
method_277,parameter_486,1
method_277,parameter_487,2
method_277,parameter_488,3
method_277,parameter_489,4
method_277,parameter_490,5
method_277,parameter_491,6
method_278,parameter_493,1
method_278,parameter_494,2
method_278,parameter_495,3
method_278,parameter_496,4
method_279,parameter_498,1
method_279,parameter_499,2
method_279,parameter_500,3
method_279,parameter_501,4
method_279,parameter_503,6
method_280,parameter_504,1
method_280,parameter_505,2
method_280,parameter_506,3
method_280,parameter_507,4
method_280,parameter_508,5
method_280,parameter_509,6
method_281,parameter_511,1
method_281,parameter_512,2
method_281,parameter_513,3
method_281,parameter_514,4
method_282,parameter_516,1
method_282,parameter_517,2
method_282,parameter_518,3
method_282,parameter_519,4
method_282,parameter_520,5
method_282,parameter_521,6
method_283,parameter_523,1
method_284,parameter_525,1
method_284,parameter_526,2
method_284,parameter_527,3
method_284,parameter_528,4
method_284,parameter_529,5
method_284,parameter_530,6
method_284,parameter_531,7
method_285,parameter_533,1
method_286,parameter_534,1
method_286,parameter_535,2
method_286,parameter_536,3
method_287,parameter_538,1
method_288,parameter_539,1
method_288,parameter_540,2
method_288,parameter_541,3
method_289,parameter_543,1
method_289,parameter_544,2
method_289,parameter_545,3
method_289,parameter_546,4
method_289,parameter_547,5
method_290,parameter_549,1
method_290,parameter_550,2
method_290,parameter_551,3
method_290,parameter_552,4
method_290,parameter_553,5
method_290,parameter_554,6
method_290,parameter_555,7
method_290,parameter_556,8
method_290,parameter_557,9
method_290,parameter_558,10
method_290,parameter_559,11
method_291,parameter_561,1
method_291,parameter_562,2
method_291,parameter_563,3
method_291,parameter_564,4
method_291,parameter_565,5
method_291,parameter_566,6
method_291,parameter_567,7
method_292,parameter_569,1
method_293,parameter_571,1
method_293,parameter_572,2
method_293,parameter_573,3
method_293,parameter_574,4
method_293,parameter_576,6
method_294,parameter_578,1
method_295,parameter_580,1
method_295,parameter_581,2
method_295,parameter_582,3
method_295,parameter_583,4
method_295,parameter_584,5
method_296,parameter_586,1
method_296,parameter_588,3
method_297,parameter_589,1
method_297,parameter_590,2
method_297,parameter_591,3
method_298,parameter_593,1
method_299,parameter_595,1
method_299,parameter_596,2
method_299,parameter_597,3
method_300,parameter_599,1
method_300,parameter_600,2
method_300,parameter_601,3
method_300,parameter_602,4
method_300,parameter_603,5
method_300,parameter_604,6
method_305,parameter_605,1
method_306,parameter_607,1
method_307,parameter_609,1
method_307,parameter_610,2
method_307,parameter_611,3
method_308,parameter_613,1
method_308,parameter_614,2
method_308,parameter_615,3
method_309,parameter_617,1
method_309,parameter_618,2
method_309,parameter_619,3
method_310,parameter_621,1
method_310,parameter_622,2
method_311,parameter_624,1
method_311,parameter_625,2
method_311,parameter_626,3
method_311,parameter_627,4
method_314,parameter_630,1
method_314,parameter_631,2
method_314,parameter_632,3
method_314,parameter_633,4
method_314,parameter_634,5
method_314,parameter_635,6
method_314,parameter_636,7
method_315,parameter_638,1
method_315,parameter_639,2
method_315,parameter_640,3
method_315,parameter_641,4
method_315,parameter_642,5
method_315,parameter_643,6
method_315,parameter_644,7
method_315,parameter_645,8
method_318,parameter_647,1
method_319,parameter_648,1
method_320,parameter_649,1
method_321,parameter_651,1
method_321,parameter_652,2
method_321,parameter_653,3
method_321,parameter_654,4
method_321,parameter_655,5
method_321,parameter_656,6
method_321,parameter_657,7
method_321,parameter_658,8
method_321,parameter_659,9
method_322,parameter_661,1
method_322,parameter_662,2
method_323,parameter_663,1
method_323,parameter_664,2
method_323,parameter_665,3
method_323,parameter_666,4
method_323,parameter_667,5
method_324,parameter_668,1
method_324,parameter_669,2
method_324,parameter_670,3
method_325,parameter_671,1
method_325,parameter_672,2
method_326,parameter_673,1
method_326,parameter_674,2
method_326,parameter_675,3
method_326,parameter_676,4
method_326,parameter_677,5
method_326,parameter_678,6
method_327,parameter_679,1
method_327,parameter_680,2
method_327,parameter_681,3
method_327,parameter_682,4
method_327,parameter_683,5
method_327,parameter_684,6
method_328,parameter_685,1
method_328,parameter_686,2
method_328,parameter_687,3
method_329,parameter_689,1
method_329,parameter_690,2
method_329,parameter_691,3
method_330,parameter_693,1
method_330,parameter_694,2
method_330,parameter_695,3
method_330,parameter_696,4
method_331,parameter_698,1
method_332,parameter_699,1
method_333,parameter_700,1
method_333,parameter_701,2
method_333,parameter_703,4
method_334,parameter_704,1
method_334,parameter_705,2
method_335,parameter_707,1
method_335,parameter_708,2
method_336,parameter_710,1
method_336,parameter_711,2
method_337,parameter_713,1
method_337,parameter_714,2
method_337,parameter_715,3
method_337,parameter_716,4
method_337,parameter_717,5
method_337,parameter_718,6
method_337,parameter_719,7
method_337,parameter_720,8
method_338,parameter_722,1
method_338,parameter_723,2
method_338,parameter_724,3
method_339,parameter_726,1
method_339,parameter_727,2
method_339,parameter_728,3
method_339,parameter_729,4
method_339,parameter_730,5
method_340,parameter_732,1
method_340,parameter_733,2
method_340,parameter_734,3
method_340,parameter_735,4
method_340,parameter_736,5
method_340,parameter_737,6
method_341,parameter_739,1
method_341,parameter_740,2
method_341,parameter_741,3
method_341,parameter_742,4
method_341,parameter_743,5
method_341,parameter_744,6
method_341,parameter_745,7
method_342,parameter_747,1
method_342,parameter_748,2
method_342,parameter_749,3
method_342,parameter_750,4
method_342,parameter_751,5
method_342,parameter_752,6
method_343,parameter_754,1
method_344,parameter_756,1
method_344,parameter_757,2
method_344,parameter_758,3
method_344,parameter_759,4
method_344,parameter_760,5
method_345,parameter_762,1
method_345,parameter_763,2
method_345,parameter_764,3
method_345,parameter_765,4
method_345,parameter_766,5
method_345,parameter_767,6
method_346,parameter_769,1
method_346,parameter_770,2
method_346,parameter_771,3
method_346,parameter_772,4
method_346,parameter_773,5
method_346,parameter_774,6
method_346,parameter_775,7
method_347,parameter_777,1
method_347,parameter_778,2
method_348,parameter_780,1
method_348,parameter_781,2
method_348,parameter_782,3
method_348,parameter_783,4
method_349,parameter_785,1
method_349,parameter_786,2
method_349,parameter_787,3
method_350,parameter_789,1
method_350,parameter_790,2
method_350,parameter_791,3
method_350,parameter_792,4
method_350,parameter_793,5
method_351,parameter_795,1
method_351,parameter_796,2
method_351,parameter_797,3
method_351,parameter_798,4
method_351,parameter_799,5
method_352,parameter_801,1
method_352,parameter_802,2
method_352,parameter_803,3
method_352,parameter_804,4
method_352,parameter_805,5
method_352,parameter_806,6
method_355,parameter_809,1
method_356,parameter_810,1
method_356,parameter_811,2
method_357,parameter_813,1
method_357,parameter_814,2
method_357,parameter_815,3
method_357,parameter_816,4
method_358,parameter_818,1
method_358,parameter_819,2
method_359,parameter_820,1
method_359,parameter_821,2
method_360,parameter_822,1
method_361,parameter_824,1
method_361,parameter_825,2
method_362,parameter_827,1
method_362,parameter_828,2
method_363,parameter_830,1
method_363,parameter_831,2
method_363,parameter_832,3
method_364,parameter_834,1
method_364,parameter_835,2
method_364,parameter_836,3
method_364,parameter_837,4
method_364,parameter_838,5
method_365,parameter_840,1
method_366,parameter_842,1
method_366,parameter_843,2
method_366,parameter_844,3
method_366,parameter_845,4
method_367,parameter_848,2
method_368,parameter_850,1
method_368,parameter_851,2
method_369,parameter_853,1
method_369,parameter_854,2
method_369,parameter_855,3
method_370,parameter_857,1
method_370,parameter_858,2
method_371,parameter_860,1
method_371,parameter_861,2
method_372,parameter_863,1
method_372,parameter_864,2
method_373,parameter_865,1
method_373,parameter_866,2
method_374,parameter_867,1
method_374,parameter_868,2
method_374,parameter_869,3
method_374,parameter_870,4
method_375,parameter_872,1
method_376,parameter_874,1
method_376,parameter_875,2
method_376,parameter_876,3
method_377,parameter_878,1
method_377,parameter_879,2
method_377,parameter_880,3
method_377,parameter_881,4
method_378,parameter_883,1
method_379,parameter_885,1
method_379,parameter_886,2
method_379,parameter_887,3
method_379,parameter_888,4
method_380,parameter_890,1
method_380,parameter_891,2
method_380,parameter_892,3
method_381,parameter_894,1
method_381,parameter_895,2
method_381,parameter_896,3
method_382,parameter_898,1
method_382,parameter_899,2
method_382,parameter_900,3
method_382,parameter_901,4
method_382,parameter_902,5
method_383,parameter_904,1
method_383,parameter_905,2
method_383,parameter_906,3
method_383,parameter_907,4
method_384,parameter_909,1
method_384,parameter_910,2
method_384,parameter_911,3
method_384,parameter_912,4
method_385,parameter_914,1
method_385,parameter_915,2
method_385,parameter_916,3
method_386,parameter_918,1
method_386,parameter_919,2
method_386,parameter_920,3
method_386,parameter_921,4
method_387,parameter_923,1
method_387,parameter_924,2
method_387,parameter_925,3
method_388,parameter_927,1
method_388,parameter_928,2
method_388,parameter_929,3
method_388,parameter_930,4
method_389,parameter_932,1
method_389,parameter_933,2
method_391,parameter_936,1
method_392,parameter_938,1
method_393,parameter_939,1
method_393,parameter_940,2
method_394,parameter_942,1
method_395,parameter_943,1
method_395,parameter_944,2
method_395,parameter_945,3
method_395,parameter_946,4
method_395,parameter_947,5
method_395,parameter_948,6
method_395,parameter_949,7
method_395,parameter_950,8
method_395,parameter_951,9
method_395,parameter_952,10
method_395,parameter_953,11
method_395,parameter_954,12
method_395,parameter_955,13
method_395,parameter_956,14
method_396,parameter_957,1
method_396,parameter_958,2
method_396,parameter_959,3
method_396,parameter_960,4
method_396,parameter_961,5
method_396,parameter_962,6
method_396,parameter_963,7
method_396,parameter_964,8
method_396,parameter_965,9
method_396,parameter_966,10
method_396,parameter_967,11
method_396,parameter_968,12
method_396,parameter_969,13
method_396,parameter_970,14
method_397,parameter_971,1
method_397,parameter_972,2
method_397,parameter_973,3
method_397,parameter_974,4
method_398,parameter_976,1
method_398,parameter_977,2
method_398,parameter_978,3
method_398,parameter_979,4
method_398,parameter_980,5
method_399,parameter_982,1
method_400,parameter_983,1
method_400,parameter_984,2
method_403,parameter_985,1
method_403,parameter_986,2
method_403,parameter_987,3
method_404,parameter_988,1
method_404,parameter_989,2
method_404,parameter_990,3
method_404,parameter_991,4
method_405,parameter_993,1
method_405,parameter_994,2
method_406,parameter_995,1
method_406,parameter_996,2
method_407,parameter_997,1
method_407,parameter_998,2
method_407,parameter_999,3
method_409,parameter_1001,1
method_409,parameter_1002,2
method_410,parameter_1003,1
method_410,parameter_1004,2
method_412,parameter_1006,1
method_412,parameter_1007,2
method_413,parameter_1008,1
method_414,parameter_1009,1
method_415,parameter_1010,1
method_415,parameter_1011,2
method_415,parameter_1012,3
method_416,parameter_1013,1
method_416,parameter_1014,2
method_417,parameter_1015,1
method_417,parameter_1016,2
method_418,parameter_1017,1
method_418,parameter_1018,2
method_419,parameter_1019,1
method_419,parameter_1020,2
method_419,parameter_1021,3
method_420,parameter_1022,1
method_420,parameter_1023,2
method_420,parameter_1024,3
method_420,parameter_1025,4
method_421,parameter_1026,1
method_421,parameter_1027,2
method_421,parameter_1028,3
method_422,parameter_1029,1
method_422,parameter_1030,2
method_422,parameter_1031,3
method_422,parameter_1032,4
method_423,parameter_1033,1
method_423,parameter_1034,2
method_423,parameter_1035,3
method_423,parameter_1036,4
method_423,parameter_1037,5
method_423,parameter_1038,6
method_423,parameter_1039,7
method_423,parameter_1040,8
method_425,parameter_1043,1
method_425,parameter_1044,2
method_425,parameter_1045,3
method_425,parameter_1046,4
method_425,parameter_1047,5
method_425,parameter_1048,6
method_427,parameter_1051,1
method_427,parameter_1052,2
method_428,parameter_1053,1
method_429,parameter_1054,1
method_430,parameter_1055,1
method_431,parameter_1057,1
method_431,parameter_1058,2
method_431,parameter_1059,3
method_432,parameter_1060,1
method_432,parameter_1061,2
method_432,parameter_1062,3
method_432,parameter_1063,4
method_433,parameter_1064,1
method_433,parameter_1065,2
method_433,parameter_1066,3
method_434,parameter_1067,1
method_434,parameter_1068,2
method_434,parameter_1069,3
method_434,parameter_1070,4
method_435,parameter_1071,1
method_436,parameter_1072,1
method_436,parameter_1073,2
method_436,parameter_1074,3
method_436,parameter_1075,4
method_436,parameter_1076,5
method_436,parameter_1077,6
method_436,parameter_1078,7
method_436,parameter_1079,8
method_436,parameter_1080,9
method_436,parameter_1081,10
method_436,parameter_1082,11
method_436,parameter_1083,12
method_436,parameter_1084,13
method_437,parameter_1085,1
method_437,parameter_1086,2
method_437,parameter_1087,3
method_437,parameter_1088,4
method_437,parameter_1089,5
method_437,parameter_1090,6
method_437,parameter_1091,7
method_437,parameter_1092,8
method_437,parameter_1093,9
method_437,parameter_1094,10
method_437,parameter_1095,11
method_437,parameter_1096,12
method_437,parameter_1097,13
method_437,parameter_1098,14
method_438,parameter_1099,1
method_438,parameter_1100,2
method_439,parameter_1101,1
method_440,parameter_1103,1
method_441,parameter_1105,1
method_441,parameter_1106,2
method_442,parameter_1108,1
method_443,parameter_1110,1
method_443,parameter_1111,2
method_444,parameter_1113,1
method_444,parameter_1114,2
method_444,parameter_1115,3
method_444,parameter_1116,4
method_445,parameter_1117,1
method_445,parameter_1118,2
method_447,parameter_1119,1
method_447,parameter_1120,2
method_448,parameter_1121,1
method_448,parameter_1122,2
method_449,parameter_1124,1
method_449,parameter_1125,2
method_449,parameter_1126,3
method_449,parameter_1129,6
method_450,parameter_1130,1
method_453,parameter_1132,1
method_453,parameter_1133,2
method_454,parameter_1134,1
method_454,parameter_1135,2
method_455,parameter_1136,1
method_455,parameter_1137,2
method_455,parameter_1138,3
method_456,parameter_1139,1
method_457,parameter_1140,1
method_458,parameter_1142,1
method_458,parameter_1143,2
method_458,parameter_1144,3
method_459,parameter_1145,1
method_459,parameter_1146,2
method_459,parameter_1147,3
method_460,parameter_1148,1
method_460,parameter_1149,2
method_460,parameter_1150,3
method_460,parameter_1151,4
method_461,parameter_1152,1
method_461,parameter_1153,2
method_461,parameter_1154,3
method_461,parameter_1155,4
method_461,parameter_1156,5
method_462,parameter_1157,1
method_462,parameter_1158,2
method_462,parameter_1159,3
method_462,parameter_1160,4
method_463,parameter_1161,1
method_463,parameter_1162,2
method_463,parameter_1163,3
method_463,parameter_1164,4
method_464,parameter_1165,1
method_464,parameter_1166,2
method_465,parameter_1167,1
method_465,parameter_1168,2
method_465,parameter_1169,3
method_465,parameter_1170,4
method_465,parameter_1171,5
method_465,parameter_1172,6
method_465,parameter_1173,7
method_465,parameter_1174,8
method_469,parameter_1177,1
method_470,parameter_1178,1
method_471,parameter_1179,1
method_472,parameter_1180,1
method_473,parameter_1181,1
method_474,parameter_1182,1
method_475,parameter_1183,1
method_476,parameter_1184,1
method_483,parameter_1185,1
method_484,parameter_1186,1
method_484,parameter_1187,2
method_484,parameter_1188,3
method_485,parameter_1189,1
method_485,parameter_1190,2
method_485,parameter_1191,3
method_490,parameter_1192,1
method_490,parameter_1193,2
method_490,parameter_1194,3
method_490,parameter_1195,4
method_490,parameter_1196,5
method_490,parameter_1197,6
method_491,parameter_1198,1
method_491,parameter_1199,2
method_491,parameter_1200,3
method_492,parameter_1201,1
method_492,parameter_1202,2
method_492,parameter_1203,3
method_493,parameter_1204,1
method_494,parameter_1205,1
method_495,parameter_1206,1
method_495,parameter_1207,2
method_495,parameter_1208,3
method_495,parameter_1209,4
method_495,parameter_1210,5
method_495,parameter_1211,6
method_496,parameter_1212,1
method_496,parameter_1213,2
method_496,parameter_1214,3
method_496,parameter_1215,4
method_496,parameter_1216,5
method_497,parameter_1217,1
method_497,parameter_1218,2
method_497,parameter_1219,3
method_498,parameter_1220,1
method_498,parameter_1221,2
method_498,parameter_1222,3
method_498,parameter_1223,4
method_499,parameter_1224,1
method_499,parameter_1225,2
method_499,parameter_1226,3
method_500,parameter_1227,1
method_500,parameter_1228,2
method_500,parameter_1229,3
method_500,parameter_1230,4
method_501,parameter_1231,1
method_501,parameter_1232,2
method_501,parameter_1233,3
method_502,parameter_1234,1
method_502,parameter_1235,2
method_503,parameter_1236,1
method_503,parameter_1237,2
method_503,parameter_1238,3
method_504,parameter_1239,1
method_504,parameter_1240,2
method_505,parameter_1241,1
method_505,parameter_1242,2
method_506,parameter_1243,1
method_506,parameter_1244,2
method_507,parameter_1245,1
method_507,parameter_1246,2
method_509,parameter_1247,1
method_510,parameter_1249,1
method_510,parameter_1250,2
method_511,parameter_1251,1
method_511,parameter_1252,2
method_512,parameter_1253,1
method_512,parameter_1254,2
method_512,parameter_1255,3
method_512,parameter_1256,4
method_513,parameter_1257,1
method_514,parameter_1258,1
method_514,parameter_1259,2
method_514,parameter_1260,3
method_514,parameter_1261,4
method_514,parameter_1262,5
method_514,parameter_1263,6
method_514,parameter_1264,7
method_515,parameter_1265,1
method_516,parameter_1266,1
method_516,parameter_1267,2
method_517,parameter_1268,1
method_517,parameter_1269,2
method_517,parameter_1270,3
method_517,parameter_1271,4
method_519,parameter_1272,1
method_521,parameter_1273,1
method_522,parameter_1274,1
method_522,parameter_1275,2
method_522,parameter_1276,3
method_523,parameter_1277,1
method_523,parameter_1278,2
method_523,parameter_1279,3
method_524,parameter_1280,1
method_525,parameter_1281,1
method_526,parameter_1282,1
method_526,parameter_1283,2
method_526,parameter_1284,3
method_526,parameter_1285,4
method_527,parameter_1286,1
method_527,parameter_1287,2
method_527,parameter_1289,4
method_528,parameter_1290,1
method_528,parameter_1291,2
method_528,parameter_1292,3
method_528,parameter_1293,4
method_529,parameter_1294,1
method_532,parameter_1295,1
method_533,parameter_1296,1
method_533,parameter_1297,2
method_533,parameter_1298,3
method_534,parameter_1299,1
method_534,parameter_1300,2
method_535,parameter_1301,1
method_535,parameter_1302,2
method_536,parameter_1303,1
method_536,parameter_1304,2
method_537,parameter_1305,1
method_537,parameter_1306,2
method_538,parameter_1307,1
method_538,parameter_1308,2
method_539,parameter_1309,1
method_539,parameter_1310,2
method_540,parameter_1311,1
method_540,parameter_1312,2
method_541,parameter_1313,1
method_541,parameter_1314,2
method_542,parameter_1315,1
method_542,parameter_1316,2
method_543,parameter_1317,1
method_543,parameter_1318,2
method_544,parameter_1319,1
method_544,parameter_1320,2
method_545,parameter_1321,1
method_545,parameter_1322,2
method_546,parameter_1323,1
method_546,parameter_1324,2
method_547,parameter_1325,1
method_547,parameter_1326,2
method_548,parameter_1327,1
method_548,parameter_1328,2
method_549,parameter_1329,1
method_549,parameter_1330,2
method_550,parameter_1331,1
method_550,parameter_1332,2
method_551,parameter_1333,1
method_551,parameter_1334,2
method_552,parameter_1335,1
method_552,parameter_1336,2
method_553,parameter_1337,1
method_553,parameter_1338,2
method_554,parameter_1339,1
method_554,parameter_1340,2
method_555,parameter_1341,1
method_555,parameter_1342,2
method_556,parameter_1343,1
method_556,parameter_1344,2
method_557,parameter_1345,1
method_557,parameter_1346,2
method_558,parameter_1347,1
method_558,parameter_1348,2
method_559,parameter_1349,1
method_559,parameter_1350,2
method_560,parameter_1351,1
method_560,parameter_1352,2
method_561,parameter_1353,1
method_561,parameter_1354,2
method_562,parameter_1355,1
method_562,parameter_1356,2
method_563,parameter_1357,1
method_563,parameter_1358,2
method_564,parameter_1359,1
method_564,parameter_1360,2
method_565,parameter_1361,1
method_565,parameter_1362,2
method_565,parameter_1363,3
method_566,parameter_1364,1
method_566,parameter_1365,2
method_567,parameter_1366,1
method_567,parameter_1367,2
method_568,parameter_1368,1
method_568,parameter_1369,2
method_568,parameter_1370,3
method_569,parameter_1371,1
method_569,parameter_1372,2
method_570,parameter_1373,1
method_570,parameter_1374,2
method_571,parameter_1375,1
method_571,parameter_1376,2
method_572,parameter_1377,1
method_572,parameter_1378,2
method_572,parameter_1379,3
method_573,parameter_1380,1
method_573,parameter_1381,2
method_574,parameter_1382,1
method_574,parameter_1383,2
method_575,parameter_1384,1
method_575,parameter_1385,2
method_576,parameter_1386,1
method_576,parameter_1387,2
method_577,parameter_1388,1
method_577,parameter_1389,2
method_578,parameter_1390,1
method_578,parameter_1391,2
method_578,parameter_1392,3
method_579,parameter_1393,1
method_579,parameter_1394,2
method_580,parameter_1395,1
method_580,parameter_1396,2
method_581,parameter_1397,1
method_581,parameter_1398,2
method_584,parameter_1399,1
method_585,parameter_1400,1
method_585,parameter_1401,2
method_585,parameter_1402,3
method_585,parameter_1403,4
method_587,parameter_1404,1
method_588,parameter_1405,1
method_589,parameter_1406,1
method_590,parameter_1407,1
method_590,parameter_1408,2
method_591,parameter_1409,1
method_594,parameter_1410,1
method_594,parameter_1411,2
method_600,parameter_1412,1
method_600,parameter_1413,2
method_601,parameter_1414,1
method_602,parameter_1416,1
method_603,parameter_1417,1
method_605,parameter_1419,1
method_607,parameter_1421,1
method_608,parameter_1423,1
method_609,parameter_1425,1
method_610,parameter_1427,1
method_610,parameter_1428,2
method_612,parameter_1431,1
method_613,parameter_1433,1
method_613,parameter_1434,2
method_614,parameter_1436,1
method_615,parameter_1438,1
method_615,parameter_1439,2
method_616,parameter_1441,1
method_617,parameter_1443,1
method_618,parameter_1445,1
method_618,parameter_1447,3
method_619,parameter_1448,1
method_619,parameter_1449,2
method_619,parameter_1450,3
method_620,parameter_1452,1
method_620,parameter_1454,3
method_621,parameter_1455,1
method_621,parameter_1456,2
method_621,parameter_1457,3
method_622,parameter_1459,1
method_622,parameter_1460,2
method_623,parameter_1462,1
method_624,parameter_1464,1
method_624,parameter_1465,2
method_625,parameter_1467,1
method_626,parameter_1468,1
method_626,parameter_1469,2
method_635,parameter_1479,1
method_635,parameter_1480,2
method_643,parameter_1497,1
method_646,parameter_1499,1
method_647,parameter_1501,1
method_648,parameter_1505,1
method_649,parameter_1508,1
method_650,parameter_1511,1
method_652,parameter_1515,1
method_653,parameter_1516,1
method_661,parameter_1532,1
method_663,parameter_1535,1
method_663,parameter_1536,2
method_668,parameter_1540,1
method_675,parameter_1549,2
method_678,parameter_1552,1
method_684,parameter_1559,1
method_684,parameter_1560,2
method_685,parameter_1562,1
method_685,parameter_1563,2
method_686,parameter_1564,1
method_691,parameter_1565,1
method_691,parameter_1566,2
method_692,parameter_1567,1
method_693,parameter_1568,1
method_696,parameter_1569,1
method_696,parameter_1570,2
method_696,parameter_1571,3
method_697,parameter_1572,1
method_698,parameter_1573,1
method_699,parameter_1574,1
method_700,parameter_1575,1
method_701,parameter_1576,1
method_702,parameter_1577,1
method_703,parameter_1578,1
method_705,parameter_1580,1
method_706,parameter_1581,1
method_707,parameter_1583,1
method_709,parameter_1584,1
method_710,parameter_1585,1
method_711,parameter_1586,1
method_712,parameter_1587,1
method_713,parameter_1588,1
method_714,parameter_1589,1
method_715,parameter_1590,1
method_716,parameter_1591,1
method_717,parameter_1592,1
method_718,parameter_1593,1
method_719,parameter_1594,1
method_720,parameter_1595,1
method_720,parameter_1596,2
method_721,parameter_1597,1
method_722,parameter_1598,1
method_723,parameter_1599,1
method_724,parameter_1600,1
method_724,parameter_1601,2
method_726,parameter_1602,1
method_740,parameter_1603,1
method_741,parameter_1604,1
method_742,parameter_1605,1
method_742,parameter_1606,2
method_742,parameter_1607,3
method_742,parameter_1608,4
method_743,parameter_1609,1
method_743,parameter_1610,2
method_743,parameter_1611,3
method_749,parameter_1612,1
method_749,parameter_1613,2
method_749,parameter_1614,3
method_750,parameter_1615,1
method_750,parameter_1616,2
method_751,parameter_1618,1
method_752,parameter_1620,1
method_753,parameter_1621,1
method_753,parameter_1622,2
method_755,parameter_1623,1
method_755,parameter_1624,2
method_755,parameter_1625,3
method_755,parameter_1626,4
method_755,parameter_1627,5
method_755,parameter_1628,6
method_756,parameter_1629,1
method_756,parameter_1630,2
method_756,parameter_1631,3
method_757,parameter_1634,1
method_757,parameter_1635,2
method_757,parameter_1636,3
method_758,parameter_1638,1
method_758,parameter_1639,2
method_760,parameter_1641,1
method_760,parameter_1642,2
method_761,parameter_1643,1
method_761,parameter_1644,2
method_762,parameter_1645,1
method_762,parameter_1646,2
method_762,parameter_1647,3
method_763,parameter_1648,1
method_763,parameter_1649,2
method_763,parameter_1650,3
method_764,parameter_1651,1
method_766,parameter_1652,1
method_766,parameter_1653,2
method_767,parameter_1654,1
method_767,parameter_1655,2
method_768,parameter_1656,1
method_768,parameter_1657,2
method_769,parameter_1658,1
method_769,parameter_1659,2
method_769,parameter_1660,3
method_794,parameter_1661,1
method_798,parameter_1662,1
method_803,parameter_1663,1
method_804,parameter_1664,1
method_804,parameter_1665,2
method_805,parameter_1666,1
method_805,parameter_1667,2
method_805,parameter_1668,3
method_805,parameter_1669,4
method_806,parameter_1670,1
method_806,parameter_1671,2
method_806,parameter_1672,3
method_806,parameter_1673,4
method_806,parameter_1674,5
method_810,parameter_1675,1
method_810,parameter_1676,2
method_810,parameter_1677,3
method_810,parameter_1678,4
method_810,parameter_1679,5
method_811,parameter_1680,1
method_811,parameter_1681,2
method_811,parameter_1682,3
method_811,parameter_1683,4
method_811,parameter_1684,5
method_811,parameter_1685,6
method_812,parameter_1686,1
method_812,parameter_1687,2
method_812,parameter_1688,3
method_812,parameter_1689,4
method_813,parameter_1690,1
method_813,parameter_1691,2
method_813,parameter_1692,3
method_813,parameter_1693,4
method_813,parameter_1694,5
method_814,parameter_1695,1
method_814,parameter_1696,2
method_814,parameter_1697,3
method_814,parameter_1698,4
method_815,parameter_1699,1
method_815,parameter_1700,2
method_815,parameter_1701,3
method_816,parameter_1702,1
method_816,parameter_1703,2
method_816,parameter_1704,3
method_816,parameter_1705,4
method_817,parameter_1706,1
method_817,parameter_1707,2
method_817,parameter_1708,3
method_817,parameter_1709,4
method_817,parameter_1710,5
method_818,parameter_1711,1
method_818,parameter_1712,2
method_818,parameter_1713,3
method_818,parameter_1714,4
method_820,parameter_1715,1
method_820,parameter_1716,2
method_821,parameter_1717,1
method_821,parameter_1718,2
method_821,parameter_1719,3
method_822,parameter_1720,1
method_822,parameter_1721,2
method_822,parameter_1722,3
method_822,parameter_1723,4
method_822,parameter_1724,5
method_822,parameter_1725,6
method_822,parameter_1726,7
method_822,parameter_1727,8
method_822,parameter_1728,9
method_822,parameter_1729,10
method_822,parameter_1730,11
method_823,parameter_1731,1
method_823,parameter_1732,2
method_823,parameter_1733,3
method_823,parameter_1734,4
method_823,parameter_1735,5
method_823,parameter_1736,6
method_823,parameter_1737,7
method_823,parameter_1738,8
method_823,parameter_1739,9
method_823,parameter_1740,10
method_824,parameter_1741,1
method_824,parameter_1742,2
method_824,parameter_1743,3
method_824,parameter_1744,4
method_824,parameter_1745,5
method_824,parameter_1746,6
method_824,parameter_1747,7
method_824,parameter_1748,8
method_824,parameter_1749,9
method_824,parameter_1750,10
method_825,parameter_1751,1
method_825,parameter_1752,2
method_825,parameter_1753,3
method_825,parameter_1754,4
method_825,parameter_1755,5
method_826,parameter_1756,1
method_826,parameter_1757,2
method_826,parameter_1758,3
method_826,parameter_1759,4
method_826,parameter_1760,5
method_826,parameter_1761,6
method_827,parameter_1762,1
method_827,parameter_1763,2
method_827,parameter_1764,3
method_827,parameter_1765,4
method_828,parameter_1766,1
method_828,parameter_1767,2
method_828,parameter_1768,3
method_828,parameter_1769,4
method_829,parameter_1770,1
method_829,parameter_1771,2
method_829,parameter_1772,3
method_829,parameter_1773,4
method_829,parameter_1774,5
method_830,parameter_1775,1
method_830,parameter_1776,2
method_830,parameter_1777,3
method_830,parameter_1778,4
method_830,parameter_1779,5
method_831,parameter_1780,1
method_831,parameter_1781,2
method_831,parameter_1782,3
method_832,parameter_1783,1
method_832,parameter_1784,2
method_832,parameter_1785,3
method_833,parameter_1786,1
method_833,parameter_1787,2
method_833,parameter_1788,3
method_834,parameter_1789,1
method_834,parameter_1790,2
method_834,parameter_1791,3
method_835,parameter_1792,1
method_835,parameter_1793,2
method_836,parameter_1795,1
method_836,parameter_1796,2
method_837,parameter_1797,1
method_838,parameter_1798,1
method_838,parameter_1799,2
method_841,parameter_1800,1
method_841,parameter_1801,2
method_842,parameter_1802,1
method_843,parameter_1804,1
method_844,parameter_1806,1
method_844,parameter_1807,2
method_845,parameter_1809,1
method_845,parameter_1810,2
method_846,parameter_1811,1
method_847,parameter_1813,1
method_848,parameter_1815,1
method_848,parameter_1816,2
method_850,parameter_1818,1
method_851,parameter_1819,1
method_851,parameter_1820,2
method_851,parameter_1821,3
method_852,parameter_1822,1
method_852,parameter_1823,2
method_855,parameter_1824,1
method_855,parameter_1825,2
method_859,parameter_1826,1
method_871,parameter_1827,1
method_872,parameter_1829,1
method_873,parameter_1831,1
method_873,parameter_1833,3
method_873,parameter_1834,4
method_876,parameter_1835,1
method_877,parameter_1836,1
method_878,parameter_1837,1
method_879,parameter_1839,1
method_879,parameter_1840,2
method_880,parameter_1841,1
method_880,parameter_1842,2
method_880,parameter_1843,3
method_880,parameter_1845,5
method_880,parameter_1846,6
method_882,parameter_1848,1
method_882,parameter_1849,2
method_882,parameter_1850,3
method_882,parameter_1851,4
method_882,parameter_1852,5
method_882,parameter_1853,6
method_882,parameter_1854,7
method_883,parameter_1855,1
method_883,parameter_1856,2
method_884,parameter_1857,1
method_884,parameter_1858,2
method_885,parameter_1859,1
method_885,parameter_1860,2
method_885,parameter_1861,3
method_886,parameter_1862,1
method_886,parameter_1863,2
method_886,parameter_1864,3
method_886,parameter_1865,4
method_887,parameter_1866,1
method_888,parameter_1868,1
method_888,parameter_1869,2
method_888,parameter_1870,3
method_888,parameter_1871,4
method_888,parameter_1872,5
method_889,parameter_1873,1
method_889,parameter_1874,2
method_889,parameter_1875,3
method_890,parameter_1876,1
method_890,parameter_1877,2
method_890,parameter_1878,3
method_890,parameter_1879,4
method_890,parameter_1880,5
method_890,parameter_1881,6
method_891,parameter_1882,1
method_891,parameter_1883,2
method_891,parameter_1884,3
method_891,parameter_1885,4
method_891,parameter_1886,5
method_891,parameter_1887,6
method_892,parameter_1888,1
method_892,parameter_1889,2
method_892,parameter_1890,3
method_892,parameter_1891,4
method_892,parameter_1892,5
method_892,parameter_1893,6
method_893,parameter_1894,1
method_893,parameter_1895,2
method_893,parameter_1896,3
method_893,parameter_1897,4
method_893,parameter_1898,5
method_893,parameter_1899,6
method_893,parameter_1900,7
method_894,parameter_1901,1
method_894,parameter_1902,2
method_894,parameter_1903,3
method_894,parameter_1904,4
method_894,parameter_1905,5
method_894,parameter_1906,6
method_894,parameter_1907,7
method_895,parameter_1908,1
method_895,parameter_1909,2
method_895,parameter_1910,3
method_895,parameter_1911,4
method_895,parameter_1912,5
method_895,parameter_1913,6
method_896,parameter_1914,1
method_896,parameter_1915,2
method_896,parameter_1916,3
method_896,parameter_1917,4
method_896,parameter_1918,5
method_896,parameter_1919,6
method_897,parameter_1920,1
method_897,parameter_1921,2
method_897,parameter_1922,3
method_897,parameter_1923,4
method_897,parameter_1924,5
method_897,parameter_1925,6
method_897,parameter_1926,7
method_898,parameter_1927,1
method_898,parameter_1928,2
method_898,parameter_1929,3
method_898,parameter_1930,4
method_898,parameter_1931,5
method_898,parameter_1932,6
method_898,parameter_1933,7
method_899,parameter_1934,1
method_899,parameter_1935,2
method_899,parameter_1936,3
method_899,parameter_1937,4
method_900,parameter_1939,1
method_900,parameter_1940,2
method_902,parameter_1942,1
method_902,parameter_1943,2
method_902,parameter_1944,3
method_903,parameter_1945,1
method_903,parameter_1946,2
method_904,parameter_1947,1
method_904,parameter_1948,2
method_904,parameter_1949,3
method_905,parameter_1950,1
method_907,parameter_1952,1
method_907,parameter_1953,2
method_908,parameter_1955,1
method_908,parameter_1956,2
method_908,parameter_1957,3
method_909,parameter_1958,1
method_909,parameter_1959,2
method_909,parameter_1960,3
method_909,parameter_1961,4
method_910,parameter_1962,1
method_910,parameter_1963,2
method_911,parameter_1965,1
method_911,parameter_1966,2
method_911,parameter_1967,3
method_911,parameter_1968,4
method_911,parameter_1969,5
method_911,parameter_1970,6
method_911,parameter_1971,7
method_911,parameter_1972,8
method_912,parameter_1973,1
method_912,parameter_1974,2
method_912,parameter_1975,3
method_912,parameter_1976,4
method_912,parameter_1977,5
method_913,parameter_1979,1
method_913,parameter_1980,2
method_913,parameter_1981,3
method_913,parameter_1982,4
method_913,parameter_1983,5
method_914,parameter_1985,1
method_914,parameter_1986,2
method_915,parameter_1987,1
method_915,parameter_1988,2
method_916,parameter_1989,1
method_917,parameter_1991,1
method_918,parameter_1992,1
method_918,parameter_1993,2
method_918,parameter_1994,3
method_918,parameter_1995,4
method_920,parameter_1997,1
method_921,parameter_1999,1
method_922,parameter_2001,1
method_923,parameter_2003,1
method_925,parameter_2006,1
method_925,parameter_2007,2
method_925,parameter_2008,3
method_925,parameter_2010,5
method_925,parameter_2011,6
method_925,parameter_2012,7
method_925,parameter_2013,8
method_929,parameter_2017,1
method_929,parameter_2018,2
method_929,parameter_2019,3
method_930,parameter_2020,1
method_930,parameter_2021,2
method_930,parameter_2022,3
method_931,parameter_2023,1
method_932,parameter_2024,1
method_932,parameter_2025,2
method_934,parameter_2026,1
method_934,parameter_2027,2
method_934,parameter_2028,3
method_934,parameter_2029,4
method_934,parameter_2030,5
method_934,parameter_2031,6
method_935,parameter_2032,1
method_935,parameter_2033,2
method_936,parameter_2034,1
method_937,parameter_2035,1
method_938,parameter_2036,1
method_938,parameter_2037,2
method_938,parameter_2038,3
method_939,parameter_2039,1
method_939,parameter_2040,2
method_939,parameter_2041,3
method_939,parameter_2042,4
method_940,parameter_2043,1
method_940,parameter_2044,2
method_940,parameter_2045,3
method_940,parameter_2046,4
method_941,parameter_2047,1
method_942,parameter_2048,1
method_952,parameter_2050,1
method_956,parameter_2053,1
method_957,parameter_2054,1
method_958,parameter_2055,1
method_958,parameter_2056,2
method_959,parameter_2058,1
method_959,parameter_2059,2
method_959,parameter_2060,3
method_960,parameter_2062,1
method_960,parameter_2063,2
method_960,parameter_2065,4
method_960,parameter_2066,5
method_962,parameter_2067,1
method_963,parameter_2069,1
method_963,parameter_2070,2
method_963,parameter_2071,3
method_963,parameter_2072,4
method_963,parameter_2073,5
method_964,parameter_2074,1
method_964,parameter_2075,2
method_964,parameter_2076,3
method_964,parameter_2077,4
method_964,parameter_2078,5
method_965,parameter_2079,1
method_965,parameter_2080,2
method_965,parameter_2081,3
method_965,parameter_2082,4
method_965,parameter_2083,5
method_966,parameter_2084,1
method_966,parameter_2085,2
method_966,parameter_2086,3
method_967,parameter_2087,1
method_967,parameter_2088,2
method_967,parameter_2089,3
method_968,parameter_2090,1
method_968,parameter_2091,2
method_970,parameter_2092,1
method_970,parameter_2093,2
method_970,parameter_2095,4
method_971,parameter_2096,1
method_971,parameter_2097,2
method_971,parameter_2098,3
method_972,parameter_2099,1
method_973,parameter_2100,1
method_975,parameter_2101,1
method_975,parameter_2102,2
method_976,parameter_2103,1
method_976,parameter_2104,2
method_977,parameter_2105,1
method_977,parameter_2106,2
method_978,parameter_2107,1
method_979,parameter_2108,1
method_980,parameter_2109,1
method_981,parameter_2110,1
method_982,parameter_2111,1
method_984,parameter_2112,1
method_984,parameter_2113,2
method_984,parameter_2115,4
method_984,parameter_2116,5
method_985,parameter_2117,1
method_985,parameter_2119,3
method_985,parameter_2120,4
method_986,parameter_2121,1
method_987,parameter_2123,1
method_987,parameter_2124,2
method_987,parameter_2125,3
method_987,parameter_2126,4
method_987,parameter_2127,5
method_987,parameter_2128,6
method_987,parameter_2129,7
method_988,parameter_2131,1
method_988,parameter_2132,2
method_988,parameter_2133,3
method_989,parameter_2135,1
method_989,parameter_2136,2
method_989,parameter_2137,3
method_989,parameter_2138,4
method_989,parameter_2139,5
method_990,parameter_2140,1
method_990,parameter_2141,2
method_991,parameter_2142,1
method_991,parameter_2143,2
method_992,parameter_2144,1
method_992,parameter_2145,2
method_992,parameter_2146,3
method_993,parameter_2148,1
method_993,parameter_2149,2
method_994,parameter_2151,1
method_994,parameter_2152,2
method_995,parameter_2154,1
method_995,parameter_2155,2
method_996,parameter_2157,1
method_996,parameter_2158,2
method_997,parameter_2160,1
method_1001,parameter_2162,1
method_1001,parameter_2163,2
method_1001,parameter_2164,3
method_1003,parameter_2165,1
method_1005,parameter_2166,1
method_1007,parameter_2167,1
method_1007,parameter_2168,2
method_1007,parameter_2169,3
method_1007,parameter_2170,4
method_1008,parameter_2171,1
method_1008,parameter_2172,2
method_1008,parameter_2173,3
method_1008,parameter_2174,4
method_1009,parameter_2175,1
method_1009,parameter_2176,2
method_1009,parameter_2177,3
method_1009,parameter_2178,4
method_1009,parameter_2179,5
method_1010,parameter_2180,1
method_1010,parameter_2181,2
method_1010,parameter_2182,3
method_1010,parameter_2183,4
method_1010,parameter_2184,5
method_1011,parameter_2185,1
method_1012,parameter_2186,1
method_1013,parameter_2187,1
method_1014,parameter_2188,1
method_1016,parameter_2189,1
method_1016,parameter_2190,2
method_1017,parameter_2191,1
method_1019,parameter_2194,1
method_1019,parameter_2196,3
method_1019,parameter_2197,4
method_1019,parameter_2198,5
method_1019,parameter_2199,6
method_1020,parameter_2200,1
method_1020,parameter_2201,2
method_1020,parameter_2202,3
method_1020,parameter_2204,5
method_1020,parameter_2205,6
method_1020,parameter_2206,7
method_1020,parameter_2207,8
method_1021,parameter_2208,1
method_1021,parameter_2210,3
method_1021,parameter_2211,4
method_1021,parameter_2212,5
method_1021,parameter_2213,6
method_1022,parameter_2214,1
method_1022,parameter_2215,2
method_1023,parameter_2217,1
method_1024,parameter_2219,1
method_1025,parameter_2221,1
method_1025,parameter_2222,2
method_1028,parameter_2224,1
method_1028,parameter_2225,2
method_1029,parameter_2226,1
method_1029,parameter_2227,2
method_1030,parameter_2228,1
method_1030,parameter_2229,2
method_1031,parameter_2230,1
method_1031,parameter_2231,2
method_1031,parameter_2232,3
method_1031,parameter_2233,4
method_1032,parameter_2234,1
method_1032,parameter_2235,2
method_1032,parameter_2236,3
method_1032,parameter_2237,4
method_1033,parameter_2238,1
method_1033,parameter_2239,2
method_1033,parameter_2240,3
method_1033,parameter_2241,4
method_1033,parameter_2242,5
method_1034,parameter_2243,1
method_1034,parameter_2244,2
method_1034,parameter_2245,3
method_1034,parameter_2246,4
method_1034,parameter_2247,5
method_1035,parameter_2248,1
method_1035,parameter_2249,2
method_1035,parameter_2250,3
method_1035,parameter_2251,4
method_1036,parameter_2252,1
method_1036,parameter_2253,2
method_1036,parameter_2254,3
method_1036,parameter_2255,4
method_1037,parameter_2256,1
method_1037,parameter_2257,2
method_1037,parameter_2258,3
method_1037,parameter_2259,4
method_1037,parameter_2260,5
method_1038,parameter_2261,1
method_1038,parameter_2262,2
method_1038,parameter_2263,3
method_1038,parameter_2264,4
method_1038,parameter_2265,5
method_1041,parameter_2266,1
method_1041,parameter_2267,2
method_1041,parameter_2268,3
method_1041,parameter_2269,4
method_1041,parameter_2270,5
method_1042,parameter_2271,1
method_1042,parameter_2272,2
method_1042,parameter_2273,3
method_1042,parameter_2274,4
method_1042,parameter_2275,5
method_1043,parameter_2276,1
method_1048,parameter_2277,1
method_1048,parameter_2278,2
method_1051,parameter_2279,1
method_1056,parameter_2280,1
method_1056,parameter_2281,2
method_1057,parameter_2282,1
method_1058,parameter_2283,1
method_1058,parameter_2284,2
method_1058,parameter_2285,3
method_1059,parameter_2286,1
method_1060,parameter_2287,1
method_1061,parameter_2288,1
method_1061,parameter_2289,2
method_1062,parameter_2290,1
method_1063,parameter_2291,1
method_1063,parameter_2292,2
method_1064,parameter_2293,1
method_1064,parameter_2294,2
method_1065,parameter_2295,1
method_1066,parameter_2296,1
method_1066,parameter_2297,2
method_1067,parameter_2298,1
method_1068,parameter_2299,1
method_1068,parameter_2300,2
method_1069,parameter_2301,1
method_1069,parameter_2302,2
method_1069,parameter_2303,3
method_1069,parameter_2304,4
method_1069,parameter_2305,5
method_1069,parameter_2306,6
method_1070,parameter_2307,1
method_1070,parameter_2308,2
method_1070,parameter_2309,3
method_1070,parameter_2310,4
method_1070,parameter_2311,5
method_1070,parameter_2312,6
method_1070,parameter_2314,8
method_1070,parameter_2315,9
method_1071,parameter_2316,1
method_1071,parameter_2317,2
method_1071,parameter_2318,3
method_1071,parameter_2319,4
method_1071,parameter_2320,5
method_1071,parameter_2321,6
method_1072,parameter_2322,1
method_1072,parameter_2323,2
method_1080,parameter_2324,1
method_1081,parameter_2325,1
method_1082,parameter_2326,1
method_1083,parameter_2327,1
method_1084,parameter_2328,1
method_1085,parameter_2329,1
method_1086,parameter_2330,1
method_1087,parameter_2331,1
method_1087,parameter_2332,2
method_1087,parameter_2333,3
method_1088,parameter_2334,1
method_1089,parameter_2335,1
method_1091,parameter_2336,1
method_1091,parameter_2337,2
method_1091,parameter_2338,3
method_1092,parameter_2339,1
method_1094,parameter_2340,1
method_1095,parameter_2341,1
method_1097,parameter_2342,1
method_1097,parameter_2343,2
method_1098,parameter_2344,1
method_1100,parameter_2346,1
method_1100,parameter_2347,2
method_1107,parameter_2350,1
method_1111,parameter_2352,1
method_1111,parameter_2354,3
method_1111,parameter_2355,4
method_1111,parameter_2356,5
method_1112,parameter_2357,1
method_1112,parameter_2358,2
method_1112,parameter_2359,3
method_1112,parameter_2360,4
method_1112,parameter_2361,5
method_1112,parameter_2362,6
method_1113,parameter_2363,1
method_1113,parameter_2364,2
method_1114,parameter_2365,1
method_1114,parameter_2366,2
method_1115,parameter_2367,1
method_1115,parameter_2368,2
method_1116,parameter_2369,1
method_1116,parameter_2370,2
method_1117,parameter_2371,1
method_1117,parameter_2372,2
method_1118,parameter_2373,1
method_1118,parameter_2374,2
method_1119,parameter_2375,1
method_1119,parameter_2376,2
method_1125,parameter_2377,1
method_1127,parameter_2378,1
method_1127,parameter_2379,2
method_1127,parameter_2380,3
method_1127,parameter_2381,4
method_1128,parameter_2383,1
method_1129,parameter_2384,1
method_1130,parameter_2385,1
method_1130,parameter_2386,2
method_1130,parameter_2387,3
method_1130,parameter_2388,4
method_1130,parameter_2389,5
method_1134,parameter_2391,1
method_1137,parameter_2392,1
method_1137,parameter_2393,2
method_1139,parameter_2394,1
method_1140,parameter_2396,1
method_1140,parameter_2397,2
method_1141,parameter_2398,1
method_1141,parameter_2399,2
method_1141,parameter_2400,3
method_1141,parameter_2401,4
method_1142,parameter_2402,1
method_1142,parameter_2403,2
method_1143,parameter_2404,1
method_1143,parameter_2405,2
method_1143,parameter_2406,3
method_1144,parameter_2407,1
method_1144,parameter_2408,2
method_1144,parameter_2409,3
method_1144,parameter_2410,4
method_1144,parameter_2411,5
method_1145,parameter_2412,1
method_1145,parameter_2413,2
method_1145,parameter_2414,3
method_1145,parameter_2415,4
method_1145,parameter_2416,5
method_1145,parameter_2417,6
method_1145,parameter_2418,7
method_1145,parameter_2419,8
method_1145,parameter_2420,9
method_1146,parameter_2421,1
method_1146,parameter_2422,2
method_1146,parameter_2423,3
method_1146,parameter_2424,4
method_1146,parameter_2425,5
method_1146,parameter_2426,6
method_1146,parameter_2427,7
method_1147,parameter_2428,1
method_1147,parameter_2429,2
method_1147,parameter_2430,3
method_1148,parameter_2431,1
method_1148,parameter_2432,2
method_1150,parameter_2433,1
method_1151,parameter_2434,1
method_1152,parameter_2435,1
method_1152,parameter_2436,2
method_1153,parameter_2437,1
method_1153,parameter_2438,2
method_1154,parameter_2439,1
method_1154,parameter_2440,2
method_1156,parameter_2441,1
method_1157,parameter_2443,1
method_1158,parameter_2444,1
method_1158,parameter_2445,2
method_1158,parameter_2446,3
method_1161,parameter_2448,1
method_1161,parameter_2450,3
method_1161,parameter_2451,4
method_1161,parameter_2452,5
method_1161,parameter_2453,6
method_1161,parameter_2454,7
method_1161,parameter_2455,8
method_1161,parameter_2456,9
method_1161,parameter_2457,10
method_1162,parameter_2458,1
method_1162,parameter_2459,2
method_1163,parameter_2461,1
method_1163,parameter_2462,2
method_1165,parameter_2463,1
method_1167,parameter_2465,1
method_1167,parameter_2466,2
method_1175,parameter_2470,1
method_1176,parameter_2471,1
method_1177,parameter_2472,1
method_1182,parameter_2473,1
method_1184,parameter_2474,1
method_1190,parameter_2478,1
method_1190,parameter_2479,2
method_1194,parameter_2481,1
method_1198,parameter_2482,1
method_1198,parameter_2483,2
method_1198,parameter_2484,3
method_1201,parameter_2485,1
method_1201,parameter_2486,2
method_1201,parameter_2487,3
method_1201,parameter_2488,4
method_1202,parameter_2489,1
method_1202,parameter_2490,2
method_1203,parameter_2491,1
method_1206,parameter_2492,1
method_1207,parameter_2493,1
method_1211,parameter_2494,1
method_1214,parameter_2495,1
method_1214,parameter_2496,2
method_1215,parameter_2497,1
method_1215,parameter_2498,2
method_1216,parameter_2499,1
method_1218,parameter_2500,1
method_1218,parameter_2501,2
method_1219,parameter_2502,1
method_1219,parameter_2503,2
method_1220,parameter_2504,1
method_1221,parameter_2506,2
method_1221,parameter_2507,3
method_1222,parameter_2508,1
method_1222,parameter_2509,2
method_1223,parameter_2510,1
method_1224,parameter_2511,1
method_1225,parameter_2512,1
method_1226,parameter_2513,1
method_1229,parameter_2515,2
method_1229,parameter_2516,3
method_1230,parameter_2517,1
method_1230,parameter_2518,2
method_1236,parameter_2519,1
method_1236,parameter_2521,3
method_1236,parameter_2522,4
method_1238,parameter_2524,1
method_1240,parameter_2525,1
method_1242,parameter_2528,1
method_1243,parameter_2530,1
method_1244,parameter_2532,1
method_1244,parameter_2533,2
method_1245,parameter_2534,1
method_1245,parameter_2535,2
method_1246,parameter_2537,2
method_1246,parameter_2538,3
method_1247,parameter_2540,2
method_1248,parameter_2541,1
method_1248,parameter_2542,2
method_1249,parameter_2544,2
method_1249,parameter_2545,3
method_1251,parameter_2546,1
method_1252,parameter_2548,2
method_1252,parameter_2549,3
method_1256,parameter_2550,1
method_1256,parameter_2551,2
method_1258,parameter_2553,1
method_1258,parameter_2554,2
method_1261,parameter_2557,1
method_1263,parameter_2558,1
method_1264,parameter_2561,1
method_1264,parameter_2562,2
method_1265,parameter_2563,1
method_1265,parameter_2564,2
method_1266,parameter_2565,1
method_1267,parameter_2568,1
method_1268,parameter_2571,1
method_1269,parameter_2572,1
method_1273,parameter_2575,1
method_1273,parameter_2576,2
method_1274,parameter_2577,1
method_1274,parameter_2578,2
method_1275,parameter_2579,1
method_1275,parameter_2580,2
method_1276,parameter_2581,1
method_1276,parameter_2583,3
method_1276,parameter_2584,4
method_1277,parameter_2585,1
method_1277,parameter_2586,2
method_1279,parameter_2587,1
method_1281,parameter_2591,1
method_1286,parameter_2594,1
method_1287,parameter_2597,1
method_1287,parameter_2598,2
method_1288,parameter_2599,1
method_1288,parameter_2600,2
method_1289,parameter_2601,1
method_1289,parameter_2602,2
method_1290,parameter_2603,1
method_1290,parameter_2604,2
method_1291,parameter_2605,1
method_1291,parameter_2606,2
method_1292,parameter_2607,1
method_1292,parameter_2608,2
method_1293,parameter_2609,1
method_1293,parameter_2610,2
method_1294,parameter_2611,1
method_1294,parameter_2612,2
method_1295,parameter_2613,1
method_1295,parameter_2614,2
method_1296,parameter_2615,1
method_1296,parameter_2616,2
method_1297,parameter_2617,1
method_1297,parameter_2618,2
method_1298,parameter_2619,1
method_1298,parameter_2620,2
method_1300,parameter_2621,1
method_1300,parameter_2622,2
method_1301,parameter_2623,1
method_1303,parameter_2624,1
method_1303,parameter_2625,2
method_1304,parameter_2626,1
method_1304,parameter_2627,2
method_1306,parameter_2628,1
method_1306,parameter_2629,2
method_1307,parameter_2630,1
method_1307,parameter_2631,2
method_1308,parameter_2632,1
method_1308,parameter_2633,2
method_1309,parameter_2634,1
method_1309,parameter_2635,2
method_1310,parameter_2638,1
method_1311,parameter_2641,1
method_1311,parameter_2642,2
method_1315,parameter_2643,1
method_1317,parameter_2645,1
method_1317,parameter_2646,2
method_1320,parameter_2648,1
method_1320,parameter_2649,2
method_1321,parameter_2650,1
method_1321,parameter_2651,2
method_1323,parameter_2653,1
method_1323,parameter_2654,2
method_1324,parameter_2655,1
method_1324,parameter_2656,2
method_1325,parameter_2658,1
method_1325,parameter_2659,2
method_1328,parameter_2661,1
method_1329,parameter_2663,1
method_1330,parameter_2666,2
method_1331,parameter_2667,1
method_1331,parameter_2668,2
method_1332,parameter_2669,1
method_1332,parameter_2670,2
method_1333,parameter_2671,1
method_1333,parameter_2672,2
method_1334,parameter_2673,1
method_1334,parameter_2674,2
method_1335,parameter_2675,1
method_1335,parameter_2676,2
method_1336,parameter_2677,1
method_1336,parameter_2678,2
method_1337,parameter_2679,1
method_1337,parameter_2680,2
method_1338,parameter_2681,1
method_1338,parameter_2682,2
method_1339,parameter_2684,2
method_1339,parameter_2685,3
method_1340,parameter_2686,1
method_1340,parameter_2687,2
method_1341,parameter_2688,1
method_1341,parameter_2689,2
method_1342,parameter_2690,1
method_1342,parameter_2691,2
method_1343,parameter_2692,1
method_1343,parameter_2693,2
method_1344,parameter_2694,1
method_1344,parameter_2695,2
method_1345,parameter_2696,1
method_1345,parameter_2697,2
method_1346,parameter_2698,1
method_1346,parameter_2699,2
method_1347,parameter_2700,1
method_1347,parameter_2701,2
method_1348,parameter_2702,1
method_1348,parameter_2703,2
method_1349,parameter_2704,1
method_1349,parameter_2705,2
method_1350,parameter_2706,1
method_1350,parameter_2707,2
method_1351,parameter_2708,1
method_1351,parameter_2709,2
method_1352,parameter_2710,1
method_1352,parameter_2711,2
method_1353,parameter_2712,1
method_1353,parameter_2713,2
method_1354,parameter_2714,1
method_1354,parameter_2715,2
method_1355,parameter_2716,1
method_1355,parameter_2717,2
method_1356,parameter_2718,1
method_1356,parameter_2719,2
method_1357,parameter_2720,1
method_1357,parameter_2721,2
method_1358,parameter_2722,1
method_1358,parameter_2723,2
method_1359,parameter_2724,1
method_1359,parameter_2725,2
method_1360,parameter_2726,1
method_1360,parameter_2727,2
method_1361,parameter_2728,1
method_1361,parameter_2729,2
method_1362,parameter_2730,1
method_1362,parameter_2731,2
method_1363,parameter_2732,1
method_1363,parameter_2733,2
method_1364,parameter_2734,1
method_1364,parameter_2735,2
method_1368,parameter_2739,1
method_1368,parameter_2740,2
method_1374,parameter_2741,1
method_1379,parameter_2742,1
method_1380,parameter_2743,1
method_1381,parameter_2745,1
method_1381,parameter_2746,2
method_1382,parameter_2747,1
method_1382,parameter_2748,2
method_1383,parameter_2749,1
method_1383,parameter_2750,2
method_1386,parameter_2751,1
method_1386,parameter_2752,2
method_1387,parameter_2753,1
method_1387,parameter_2754,2
method_1388,parameter_2755,1
method_1388,parameter_2756,2
method_1389,parameter_2757,1
method_1389,parameter_2758,2
method_1390,parameter_2759,1
method_1390,parameter_2760,2
method_1391,parameter_2761,1
method_1391,parameter_2762,2
method_1392,parameter_2763,1
method_1392,parameter_2764,2
method_1393,parameter_2765,1
method_1393,parameter_2766,2
method_1394,parameter_2767,1
method_1394,parameter_2768,2
method_1397,parameter_2769,1
method_1397,parameter_2770,2
method_1398,parameter_2771,1
method_1398,parameter_2772,2
method_1399,parameter_2773,1
method_1399,parameter_2774,2
method_1400,parameter_2775,1
method_1404,parameter_2780,1
method_1404,parameter_2781,2
method_1404,parameter_2783,4
method_1404,parameter_2784,5
method_1405,parameter_2785,1
method_1405,parameter_2786,2
method_1405,parameter_2788,4
method_1405,parameter_2789,5
method_1409,parameter_2791,1
method_1411,parameter_2794,1
method_1411,parameter_2795,2
method_1413,parameter_2798,1
method_1413,parameter_2799,2
method_1414,parameter_2800,1
method_1414,parameter_2801,2
method_1415,parameter_2802,1
method_1415,parameter_2803,2
method_1416,parameter_2804,1
method_1416,parameter_2805,2
method_1417,parameter_2807,2
method_1417,parameter_2808,3
method_1420,parameter_2809,1
method_1420,parameter_2810,2
method_1423,parameter_2811,1
method_1424,parameter_2816,1
method_1424,parameter_2817,2
method_1426,parameter_2818,1
method_1426,parameter_2819,2
method_1426,parameter_2820,3
method_1427,parameter_2823,1
method_1427,parameter_2824,2
method_1427,parameter_2825,3
method_1427,parameter_2826,4
method_1428,parameter_2828,1
method_1428,parameter_2829,2
method_1428,parameter_2830,3
method_1428,parameter_2831,4
method_1429,parameter_2832,1
method_1429,parameter_2833,2
method_1431,parameter_2834,1
method_1431,parameter_2835,2
method_1432,parameter_2836,1
method_1437,parameter_2838,1
method_1438,parameter_2839,1
method_1439,parameter_2840,1
method_1442,parameter_2842,1
method_1442,parameter_2843,2
method_1443,parameter_2844,1
method_1443,parameter_2845,2
method_1444,parameter_2846,1
method_1444,parameter_2847,2
method_1445,parameter_2848,1
method_1445,parameter_2849,2
method_1446,parameter_2850,1
method_1447,parameter_2851,1
method_1448,parameter_2852,1
method_1450,parameter_2854,1
method_1453,parameter_2857,1
method_1453,parameter_2858,2
method_1454,parameter_2859,1
method_1455,parameter_2861,1
method_1455,parameter_2862,2
method_1457,parameter_2863,1
method_1457,parameter_2864,2
method_1458,parameter_2865,1
method_1458,parameter_2866,2
method_1459,parameter_2867,1
method_1459,parameter_2868,2
method_1460,parameter_2869,1
method_1460,parameter_2870,2
method_1461,parameter_2871,1
method_1461,parameter_2872,2
method_1465,parameter_2875,1
method_1466,parameter_2876,1
method_1466,parameter_2877,2
method_1467,parameter_2879,2
method_1467,parameter_2880,3
method_1468,parameter_2881,1
method_1468,parameter_2882,2
method_1469,parameter_2883,1
method_1469,parameter_2884,2
method_1470,parameter_2885,1
method_1470,parameter_2886,2
method_1471,parameter_2888,1
method_1471,parameter_2889,2
method_1472,parameter_2891,1
method_1472,parameter_2892,2
method_1473,parameter_2894,1
method_1473,parameter_2895,2
method_1474,parameter_2897,1
method_1474,parameter_2898,2
method_1482,parameter_2902,1
method_1484,parameter_2906,1
method_1484,parameter_2907,2
method_1489,parameter_2917,3
method_1491,parameter_2918,1
method_1491,parameter_2919,2
method_1492,parameter_2920,1
method_1492,parameter_2921,2
method_1493,parameter_2922,1
method_1493,parameter_2923,2
method_1496,parameter_2924,1
method_1496,parameter_2925,2
method_1498,parameter_2929,1
method_1498,parameter_2930,2
method_1499,parameter_2931,1
method_1499,parameter_2932,2
method_1499,parameter_2933,3
method_1500,parameter_2934,1
method_1500,parameter_2935,2
method_1502,parameter_2936,1
method_1502,parameter_2937,2
method_1503,parameter_2938,1
method_1503,parameter_2939,2
method_1504,parameter_2940,1
method_1504,parameter_2941,2
method_1505,parameter_2942,1
method_1510,parameter_2944,1
method_1510,parameter_2945,2
method_1512,parameter_2946,1
method_1515,parameter_2952,1
method_1515,parameter_2953,2
method_1516,parameter_2954,1
method_1516,parameter_2955,2
method_1517,parameter_2956,1
method_1519,parameter_2959,1
method_1522,parameter_2960,1
method_1522,parameter_2961,2
method_1523,parameter_2962,1
method_1523,parameter_2963,2
method_1524,parameter_2964,1
method_1524,parameter_2965,2
method_1525,parameter_2966,1
method_1529,parameter_2968,1
method_1530,parameter_2969,1
method_1530,parameter_2970,2
method_1531,parameter_2971,1
method_1531,parameter_2972,2
method_1533,parameter_2975,2
method_1533,parameter_2976,3
method_1534,parameter_2977,1
method_1535,parameter_2978,1
method_1537,parameter_2980,1
method_1538,parameter_2981,1
method_1540,parameter_2982,1
method_1542,parameter_2984,1
method_1544,parameter_2988,1
method_1544,parameter_2989,2
method_1545,parameter_2990,1
method_1545,parameter_2991,2
method_1546,parameter_2992,1
method_1546,parameter_2993,2
method_1548,parameter_2995,1
method_1548,parameter_2996,2
method_1549,parameter_2997,1
method_1550,parameter_2998,1
method_1556,parameter_3004,1
method_1556,parameter_3005,2
method_1558,parameter_3007,2
method_1561,parameter_3010,2
method_1563,parameter_3012,1
method_1563,parameter_3013,2
method_1563,parameter_3014,3
method_1564,parameter_3015,1
method_1564,parameter_3016,2
method_1564,parameter_3017,3
method_1567,parameter_3019,1
method_1567,parameter_3020,2
method_1568,parameter_3021,1
method_1568,parameter_3022,2
method_1572,parameter_3023,1
method_1575,parameter_3026,1
method_1576,parameter_3027,1
method_1578,parameter_3028,1
method_1578,parameter_3029,2
method_1579,parameter_3030,1
method_1580,parameter_3031,1
method_1581,parameter_3032,1
method_1584,parameter_3034,1
method_1585,parameter_3035,1
method_1586,parameter_3038,1
method_1586,parameter_3039,2
method_1587,parameter_3040,1
method_1587,parameter_3041,2
method_1588,parameter_3042,1
method_1588,parameter_3043,2
method_1589,parameter_3044,1
method_1589,parameter_3045,2
method_1590,parameter_3046,1
method_1592,parameter_3048,2
method_1593,parameter_3049,1
method_1593,parameter_3052,4
method_1595,parameter_3053,1
method_1595,parameter_3056,4
method_1596,parameter_3057,1
method_1596,parameter_3058,2
method_1596,parameter_3059,3
method_1598,parameter_3061,1
method_1599,parameter_3064,1
method_1599,parameter_3065,2
method_1600,parameter_3066,1
method_1600,parameter_3067,2
method_1601,parameter_3068,1
method_1601,parameter_3069,2
method_1602,parameter_3070,1
method_1602,parameter_3071,2
method_1604,parameter_3072,1
method_1604,parameter_3073,2
method_1605,parameter_3074,1
method_1605,parameter_3075,2
method_1606,parameter_3076,1
method_1606,parameter_3077,2
method_1607,parameter_3078,1
method_1607,parameter_3079,2
method_1608,parameter_3080,1
method_1608,parameter_3081,2
method_1609,parameter_3082,1
method_1609,parameter_3083,2
method_1610,parameter_3084,1
method_1610,parameter_3085,2
method_1611,parameter_3086,1
method_1611,parameter_3087,2
method_1612,parameter_3088,1
method_1612,parameter_3089,2
method_1613,parameter_3090,1
method_1613,parameter_3091,2
method_1614,parameter_3092,1
method_1614,parameter_3093,2
method_1615,parameter_3094,1
method_1615,parameter_3095,2
method_1616,parameter_3096,1
method_1616,parameter_3097,2
method_1617,parameter_3098,1
method_1617,parameter_3099,2
method_1618,parameter_3100,1
method_1618,parameter_3101,2
method_1619,parameter_3102,1
method_1619,parameter_3103,2
method_1620,parameter_3104,1
method_1620,parameter_3105,2
method_1621,parameter_3106,1
method_1622,parameter_3109,2
method_1623,parameter_3111,2
method_1623,parameter_3112,3
method_1624,parameter_3113,1
method_1628,parameter_3115,1
method_1628,parameter_3116,2
method_1630,parameter_3117,1
method_1631,parameter_3120,1
method_1634,parameter_3123,1
method_1641,parameter_3126,1
method_1641,parameter_3127,2
method_1642,parameter_3128,1
method_1642,parameter_3129,2
method_1643,parameter_3130,1
method_1643,parameter_3131,2
method_1644,parameter_3132,1
method_1644,parameter_3133,2
method_1645,parameter_3134,1
method_1645,parameter_3135,2
method_1646,parameter_3136,1
method_1647,parameter_3137,1
method_1648,parameter_3138,1
method_1648,parameter_3139,2
method_1650,parameter_3140,1
method_1651,parameter_3141,1
method_1653,parameter_3142,1
method_1654,parameter_3145,1
method_1654,parameter_3146,2
method_1655,parameter_3147,1
method_1655,parameter_3148,2
method_1663,parameter_3154,2
method_1682,parameter_3155,1
method_1683,parameter_3158,1
method_1684,parameter_3161,1
method_1685,parameter_3164,1
method_1692,parameter_3167,1
method_1693,parameter_3170,1
method_1701,parameter_3173,1
method_1703,parameter_3175,2
method_1709,parameter_3177,1
method_1710,parameter_3178,1
method_1716,parameter_3179,1
method_1717,parameter_3181,2
method_1718,parameter_3182,1
method_1718,parameter_3183,2
method_1719,parameter_3184,1
method_1719,parameter_3185,2
method_1720,parameter_3186,1
method_1720,parameter_3187,2
method_1721,parameter_3188,1
method_1721,parameter_3189,2
method_1723,parameter_3190,1
method_1723,parameter_3191,2
method_1725,parameter_3192,1
method_1725,parameter_3193,2
method_1726,parameter_3194,1
method_1726,parameter_3195,2
method_1729,parameter_3196,1
method_1729,parameter_3197,2
method_1730,parameter_3198,1
method_1730,parameter_3199,2
method_1731,parameter_3200,1
method_1731,parameter_3201,2
method_1732,parameter_3202,1
method_1732,parameter_3203,2
method_1733,parameter_3204,1
method_1733,parameter_3205,2
method_1734,parameter_3206,1
method_1736,parameter_3208,1
method_1736,parameter_3209,2
method_1740,parameter_3210,1
method_1740,parameter_3211,2
method_1742,parameter_3212,1
method_1742,parameter_3213,2
method_1744,parameter_3214,1
method_1745,parameter_3216,1
method_1748,parameter_3217,1
method_1751,parameter_3221,1
method_1751,parameter_3222,2
method_1760,parameter_3226,1
method_1760,parameter_3227,2
method_1761,parameter_3228,1
method_1762,parameter_3229,1
method_1762,parameter_3230,2
method_1763,parameter_3231,1
method_1766,parameter_3233,1
method_1767,parameter_3234,1
method_1767,parameter_3236,3
method_1769,parameter_3237,1
method_1769,parameter_3238,2
method_1769,parameter_3239,3
method_1769,parameter_3240,4
method_1769,parameter_3241,5
method_1769,parameter_3242,6
method_1769,parameter_3243,7
method_1769,parameter_3244,8
method_1769,parameter_3245,9
method_1769,parameter_3246,10
method_1769,parameter_3247,11
method_1769,parameter_3248,12
method_1769,parameter_3249,13
method_1769,parameter_3251,15
method_1769,parameter_3252,16
method_1769,parameter_3253,17
method_1769,parameter_3254,18
method_1769,parameter_3255,19
method_1769,parameter_3256,20
method_1769,parameter_3258,22
method_1769,parameter_3259,23
method_1769,parameter_3261,25
method_1769,parameter_3262,26
method_1769,parameter_3264,28
method_1769,parameter_3265,29
method_1769,parameter_3267,31
method_1769,parameter_3268,32
method_1769,parameter_3270,34
method_1769,parameter_3271,35
method_1770,parameter_3272,1
method_1770,parameter_3273,2
method_1772,parameter_3275,1
method_1772,parameter_3276,2
method_1773,parameter_3277,1
method_1773,parameter_3278,2
method_1779,parameter_3282,1
method_1779,parameter_3283,2
method_1786,parameter_3284,1
method_1791,parameter_3288,1
method_1791,parameter_3289,2
method_1792,parameter_3290,1
method_1792,parameter_3291,2
method_1793,parameter_3292,1
method_1793,parameter_3293,2
method_1806,parameter_3294,1
method_1806,parameter_3295,2
method_1807,parameter_3296,1
method_1807,parameter_3297,2
method_1808,parameter_3298,1
method_1809,parameter_3301,1
method_1809,parameter_3302,2
method_1812,parameter_3303,1
method_1816,parameter_3309,2
method_1824,parameter_3312,1
method_1825,parameter_3314,1
method_1826,parameter_3316,1
method_1830,parameter_3317,1
method_1830,parameter_3319,3
method_1831,parameter_3320,1
method_1833,parameter_3321,1
method_1835,parameter_3324,1
method_1837,parameter_3325,1
method_1838,parameter_3326,1
method_1838,parameter_3327,2
method_1840,parameter_3331,1
method_1848,parameter_3339,1
method_1848,parameter_3340,2
method_1857,parameter_3342,1
method_1860,parameter_3343,1
method_1860,parameter_3344,2
method_1861,parameter_3345,1
method_1861,parameter_3346,2
method_1862,parameter_3347,1
method_1862,parameter_3348,2
method_1863,parameter_3349,1
method_1863,parameter_3350,2
method_1864,parameter_3351,1
method_1866,parameter_3354,1
method_1867,parameter_3356,1
method_1868,parameter_3358,1
method_1869,parameter_3360,1
method_1875,parameter_3371,4
method_1876,parameter_3372,1
method_1878,parameter_3374,1
method_1882,parameter_3376,1
method_1882,parameter_3377,2
method_1883,parameter_3378,1
method_1884,parameter_3383,1
method_1884,parameter_3384,2
method_1887,parameter_3387,1
method_1890,parameter_3392,1
method_1890,parameter_3393,2
method_1892,parameter_3395,1
method_1893,parameter_3397,1
method_1893,parameter_3398,2
method_1893,parameter_3399,3
method_1894,parameter_3400,1
method_1895,parameter_3402,1
method_1895,parameter_3403,2
method_1896,parameter_3404,1
method_1898,parameter_3407,1
method_1899,parameter_3408,1
method_1902,parameter_3409,1
method_1905,parameter_3410,1
method_1905,parameter_3411,2
method_1906,parameter_3412,1
method_1906,parameter_3413,2
method_1908,parameter_3414,1
method_1908,parameter_3415,2
method_1909,parameter_3416,1
method_1909,parameter_3417,2
method_1913,parameter_3418,1
method_1913,parameter_3419,2
method_1916,parameter_3420,1
method_1916,parameter_3421,2
method_1917,parameter_3422,1
method_1918,parameter_3425,1
method_1925,parameter_3433,1
method_1925,parameter_3434,2
method_1926,parameter_3435,1
method_1926,parameter_3436,2
method_1927,parameter_3437,1
method_1927,parameter_3438,2
method_1930,parameter_3440,1
method_1930,parameter_3441,2
method_1931,parameter_3442,1
method_1932,parameter_3443,1
method_1935,parameter_3445,1
method_1935,parameter_3446,2
method_1937,parameter_3447,1
method_1937,parameter_3448,2
method_1938,parameter_3449,1
method_1938,parameter_3450,2
method_1939,parameter_3451,1
method_1939,parameter_3452,2
method_1940,parameter_3453,1
method_1940,parameter_3454,2
method_1941,parameter_3455,1
method_1941,parameter_3456,2
method_1942,parameter_3457,1
method_1942,parameter_3458,2
method_1943,parameter_3459,1
method_1943,parameter_3460,2
method_1945,parameter_3463,1
method_1945,parameter_3464,2
method_1946,parameter_3465,1
method_1946,parameter_3466,2
method_1947,parameter_3467,1
method_1947,parameter_3468,2
method_1948,parameter_3469,1
method_1948,parameter_3470,2
method_1949,parameter_3471,1
method_1949,parameter_3472,2
method_1950,parameter_3473,1
method_1950,parameter_3474,2
method_1951,parameter_3475,1
method_1951,parameter_3476,2
method_1952,parameter_3477,1
method_1952,parameter_3478,2
method_1954,parameter_3479,1
method_1954,parameter_3480,2
method_1955,parameter_3481,1
method_1955,parameter_3482,2
method_1957,parameter_3483,1
method_1957,parameter_3484,2
method_1958,parameter_3485,1
method_1958,parameter_3486,2
method_1961,parameter_3487,1
method_1961,parameter_3488,2
method_1963,parameter_3489,1
method_1963,parameter_3490,2
method_1964,parameter_3491,1
method_1964,parameter_3492,2
method_1965,parameter_3493,1
method_1965,parameter_3494,2
method_1967,parameter_3495,1
method_1967,parameter_3496,2
method_1968,parameter_3497,1
method_1968,parameter_3498,2
method_1969,parameter_3499,1
method_1969,parameter_3500,2
method_1970,parameter_3501,1
method_1970,parameter_3502,2
method_1971,parameter_3503,1
method_1971,parameter_3504,2
method_1977,parameter_3507,1
method_1978,parameter_3508,1
method_1979,parameter_3509,1
method_1980,parameter_3510,1
method_1981,parameter_3511,1
method_1982,parameter_3512,1
method_1983,parameter_3513,1
method_1984,parameter_3514,1
method_1985,parameter_3515,1
method_1986,parameter_3516,1
method_1986,parameter_3517,2
method_1987,parameter_3518,1
method_1987,parameter_3519,2
method_1990,parameter_3521,1
method_1990,parameter_3522,2
method_1992,parameter_3523,1
method_1993,parameter_3525,1
method_1994,parameter_3527,1
method_1996,parameter_3530,2
method_1999,parameter_3531,1
method_2002,parameter_3536,2
method_2002,parameter_3537,3
method_2006,parameter_3539,1
method_2007,parameter_3540,1
method_2009,parameter_3541,1
method_2009,parameter_3542,2
method_2010,parameter_3543,1
method_2010,parameter_3544,2
method_2012,parameter_3545,1
method_2012,parameter_3546,2
method_2014,parameter_3547,1
method_2014,parameter_3548,2
method_2016,parameter_3550,1
method_2016,parameter_3551,2
method_2017,parameter_3553,2
method_2017,parameter_3554,3
method_2020,parameter_3557,2
method_2021,parameter_3559,2
method_2024,parameter_3560,1
method_2024,parameter_3561,2
method_2027,parameter_3563,2
method_2029,parameter_3567,1
method_2029,parameter_3568,2
method_2031,parameter_3569,1
method_2032,parameter_3572,1
method_2032,parameter_3573,2
method_2038,parameter_3580,1
method_2038,parameter_3581,2
method_2040,parameter_3582,1
method_2041,parameter_3584,1
method_2042,parameter_3585,1
method_2043,parameter_3586,1
method_2043,parameter_3587,2
method_2044,parameter_3589,1
method_2046,parameter_3592,1
method_2046,parameter_3593,2
method_2047,parameter_3594,1
method_2047,parameter_3595,2
method_2055,parameter_3603,1
method_2056,parameter_3604,1
method_2059,parameter_3605,1
method_2061,parameter_3606,1
method_2065,parameter_3608,1
method_2065,parameter_3609,2
method_2066,parameter_3610,1
method_2066,parameter_3611,2
method_2067,parameter_3612,1
method_2067,parameter_3613,2
method_2068,parameter_3614,1
method_2068,parameter_3615,2
method_2072,parameter_3618,1
method_2072,parameter_3619,2
method_2073,parameter_3620,1
method_2073,parameter_3621,2
method_2073,parameter_3622,3
method_2073,parameter_3623,4
method_2073,parameter_3624,5
method_2073,parameter_3625,6
method_2073,parameter_3626,7
method_2077,parameter_3631,1
method_2077,parameter_3632,2
method_2080,parameter_3635,1
method_2080,parameter_3636,2
method_2081,parameter_3637,1
method_2081,parameter_3638,2
method_2082,parameter_3639,1
method_2082,parameter_3640,2
method_2087,parameter_3641,1
method_2091,parameter_3642,1
method_2097,parameter_3645,1
method_2098,parameter_3646,1
method_2098,parameter_3647,2
method_2110,parameter_3651,1
method_2110,parameter_3652,2
method_2111,parameter_3653,1
method_2111,parameter_3654,2
method_2113,parameter_3655,1
method_2113,parameter_3656,2
method_2114,parameter_3657,1
method_2114,parameter_3658,2
method_2115,parameter_3659,1
method_2115,parameter_3660,2
method_2116,parameter_3661,1
method_2116,parameter_3662,2
method_2117,parameter_3663,1
method_2117,parameter_3664,2
method_2119,parameter_3665,1
method_2119,parameter_3666,2
method_2120,parameter_3667,1
method_2120,parameter_3668,2
method_2121,parameter_3669,1
method_2121,parameter_3670,2
method_2122,parameter_3671,1
method_2122,parameter_3672,2
method_2124,parameter_3674,1
method_2124,parameter_3675,2
method_2125,parameter_3676,1
method_2125,parameter_3677,2
method_2126,parameter_3678,1
method_2126,parameter_3679,2
method_2134,parameter_3690,1
method_2135,parameter_3694,1
method_2135,parameter_3695,2
method_2136,parameter_3696,1
method_2136,parameter_3697,2
method_2137,parameter_3698,1
method_2137,parameter_3699,2
method_2138,parameter_3700,1
method_2138,parameter_3701,2
method_2139,parameter_3702,1
method_2139,parameter_3703,2
method_2140,parameter_3704,1
method_2140,parameter_3705,2
method_2141,parameter_3706,1
method_2146,parameter_3712,1
method_2146,parameter_3713,2
method_2147,parameter_3714,1
method_2147,parameter_3715,2
method_2156,parameter_3718,1
method_2156,parameter_3719,2
method_2161,parameter_3720,1
method_2161,parameter_3721,2
method_2162,parameter_3722,1
method_2162,parameter_3723,2
method_2162,parameter_3724,3
method_2163,parameter_3725,1
method_2163,parameter_3726,2
method_2164,parameter_3727,1
method_2164,parameter_3728,2
method_2164,parameter_3729,3
method_2165,parameter_3730,1
method_2165,parameter_3731,2
method_2168,parameter_3732,1
method_2168,parameter_3733,2
method_2169,parameter_3734,1
method_2169,parameter_3735,2
method_2169,parameter_3736,3
method_2170,parameter_3737,1
method_2170,parameter_3738,2
method_2171,parameter_3739,1
method_2171,parameter_3740,2
method_2171,parameter_3741,3
method_2172,parameter_3742,1
method_2172,parameter_3743,2
method_2172,parameter_3744,3
method_2173,parameter_3745,1
method_2173,parameter_3746,2
method_2173,parameter_3747,3
method_2174,parameter_3748,1
method_2174,parameter_3749,2
method_2175,parameter_3750,1
method_2175,parameter_3751,2
method_2175,parameter_3752,3
method_2178,parameter_3753,1
method_2178,parameter_3754,2
method_2180,parameter_3755,1
method_2180,parameter_3756,2
method_2181,parameter_3757,1
method_2181,parameter_3758,2
method_2181,parameter_3759,3
method_2182,parameter_3760,1
method_2182,parameter_3761,2
method_2183,parameter_3762,1
method_2183,parameter_3763,2
method_2184,parameter_3764,1
method_2184,parameter_3765,2
method_2184,parameter_3766,3
method_2185,parameter_3767,1
method_2185,parameter_3768,2
method_2186,parameter_3769,1
method_2186,parameter_3770,2
method_2187,parameter_3771,1
method_2187,parameter_3772,2
method_2188,parameter_3773,1
method_2188,parameter_3774,2
method_2189,parameter_3775,1
method_2189,parameter_3776,2
method_2190,parameter_3777,1
method_2190,parameter_3778,2
method_2191,parameter_3779,1
method_2191,parameter_3780,2
method_2191,parameter_3781,3
method_2192,parameter_3782,1
method_2193,parameter_3783,1
method_2194,parameter_3784,1
method_2195,parameter_3785,1
method_2197,parameter_3786,1
method_2205,parameter_3789,1
method_2205,parameter_3790,2
method_2211,parameter_3791,1
method_2211,parameter_3792,2
method_2214,parameter_3796,1
method_2214,parameter_3797,2
method_2215,parameter_3798,1
method_2215,parameter_3799,2
method_2216,parameter_3800,1
method_2216,parameter_3801,2
method_2218,parameter_3802,1
method_2218,parameter_3803,2
method_2218,parameter_3804,3
method_2218,parameter_3805,4
method_2223,parameter_3806,1
method_2223,parameter_3807,2
method_2225,parameter_3808,1
method_2240,parameter_3811,1
method_2240,parameter_3812,2
method_2248,parameter_3813,1
method_2249,parameter_3815,2
method_2249,parameter_3816,3
method_2250,parameter_3817,1
method_2250,parameter_3818,2
method_2251,parameter_3819,1
method_2252,parameter_3820,1
method_2253,parameter_3821,1
method_2253,parameter_3822,2
method_2253,parameter_3823,3
method_2254,parameter_3825,2
method_2254,parameter_3826,3
method_2257,parameter_3827,1
method_2260,parameter_3828,1
method_2265,parameter_3831,2
method_2265,parameter_3832,3
method_2270,parameter_3837,1
method_2276,parameter_3842,1
method_2276,parameter_3843,2
method_2303,parameter_3864,1
method_2308,parameter_3871,1
method_2308,parameter_3872,2
method_2309,parameter_3873,1
method_2309,parameter_3874,2
method_2310,parameter_3875,1
method_2310,parameter_3876,2
method_2311,parameter_3877,1
method_2311,parameter_3878,2
method_2312,parameter_3879,1
method_2312,parameter_3880,2
method_2313,parameter_3883,3
method_2319,parameter_3884,1
method_2321,parameter_3885,1
method_2321,parameter_3886,2
method_2321,parameter_3887,3
method_2322,parameter_3888,1
method_2322,parameter_3889,2
method_2322,parameter_3890,3
method_2323,parameter_3891,1
method_2323,parameter_3892,2
method_2323,parameter_3893,3
method_2323,parameter_3894,4
method_2323,parameter_3895,5
method_2323,parameter_3896,6
method_2323,parameter_3897,7
method_2332,parameter_3901,1
method_2332,parameter_3902,2
method_2338,parameter_3904,1
method_2350,parameter_3909,1
method_2350,parameter_3910,2
method_2351,parameter_3911,1
method_2352,parameter_3912,1
method_2353,parameter_3913,1
method_2355,parameter_3915,1
method_2356,parameter_3918,2
method_2356,parameter_3919,3
method_2359,parameter_3921,1
method_2359,parameter_3922,2
method_2360,parameter_3923,1
method_2360,parameter_3924,2
method_2361,parameter_3925,1
method_2361,parameter_3926,2
method_2365,parameter_3928,1
method_2365,parameter_3929,2
method_2371,parameter_3930,1
method_2372,parameter_3932,1
method_2373,parameter_3935,3
method_2375,parameter_3937,1
method_2375,parameter_3938,2
method_2376,parameter_3939,1
method_2376,parameter_3940,2
method_2376,parameter_3941,3
method_2377,parameter_3942,1
method_2378,parameter_3945,2
method_2380,parameter_3946,1
method_2386,parameter_3948,1
method_2391,parameter_3950,1
method_2396,parameter_3952,1
method_2407,parameter_3955,1
method_2407,parameter_3956,2
method_2408,parameter_3957,1
method_2409,parameter_3958,1
method_2410,parameter_3959,1
method_2411,parameter_3960,1
method_2412,parameter_3961,1
method_2413,parameter_3962,1
method_2413,parameter_3963,2
method_2414,parameter_3964,1
method_2414,parameter_3965,2
method_2415,parameter_3966,1
method_2415,parameter_3967,2
method_2416,parameter_3968,1
method_2416,parameter_3969,2
method_2417,parameter_3970,1
method_2417,parameter_3971,2
method_2419,parameter_3973,1
method_2419,parameter_3974,2
method_2420,parameter_3975,1
method_2420,parameter_3976,2
method_2421,parameter_3977,1
method_2422,parameter_3980,1
method_2423,parameter_3981,1
method_2426,parameter_3984,1
method_2426,parameter_3985,2
method_2427,parameter_3986,1
method_2427,parameter_3987,2
method_2428,parameter_3988,1
method_2428,parameter_3989,2
method_2429,parameter_3990,1
method_2429,parameter_3991,2
method_2430,parameter_3992,1
method_2431,parameter_3995,1
method_2431,parameter_3996,2
method_2432,parameter_3997,1
method_2432,parameter_3998,2
method_2436,parameter_4002,1
method_2436,parameter_4003,2
method_2438,parameter_4005,1
method_2439,parameter_4006,1
method_2440,parameter_4007,1
method_2441,parameter_4008,1
method_2442,parameter_4009,1
method_2443,parameter_4010,1
method_2445,parameter_4011,1
method_2445,parameter_4012,2
method_2446,parameter_4013,1
method_2446,parameter_4014,2
method_2446,parameter_4015,3
method_2447,parameter_4016,1
method_2447,parameter_4017,2
method_2448,parameter_4018,1
method_2448,parameter_4019,2
method_2450,parameter_4020,1
method_2451,parameter_4021,1
method_2452,parameter_4022,1
method_2453,parameter_4023,1
method_2453,parameter_4024,2
method_2455,parameter_4027,2
method_2456,parameter_4028,1
method_2457,parameter_4029,1
method_2459,parameter_4030,1
method_2462,parameter_4031,1
method_2462,parameter_4032,2
method_2464,parameter_4034,1
method_2464,parameter_4035,2
method_2466,parameter_4036,1
method_2466,parameter_4037,2
method_2467,parameter_4038,1
method_2469,parameter_4041,1
method_2470,parameter_4043,1
method_2470,parameter_4044,2
method_2478,parameter_4048,2
method_2481,parameter_4050,1
method_2482,parameter_4051,1
method_2482,parameter_4052,2
method_2482,parameter_4053,3
method_2482,parameter_4054,4
method_2482,parameter_4055,5
method_2484,parameter_4059,1
method_2484,parameter_4060,2
method_2487,parameter_4063,1
method_2487,parameter_4064,2
method_2488,parameter_4065,1
method_2488,parameter_4066,2
method_2491,parameter_4067,1
method_2491,parameter_4068,2
method_2492,parameter_4069,1
method_2492,parameter_4070,2
method_2493,parameter_4071,1
method_2493,parameter_4072,2
method_2494,parameter_4073,1
method_2494,parameter_4074,2
method_2496,parameter_4076,1
method_2497,parameter_4079,1
method_2498,parameter_4082,1
method_2498,parameter_4083,2
method_2499,parameter_4084,1
method_2500,parameter_4086,1
method_2501,parameter_4088,1
method_2502,parameter_4091,1
method_2503,parameter_4093,1
method_2504,parameter_4099,1
method_2505,parameter_4104,1
method_2505,parameter_4105,2
method_2510,parameter_4112,2
method_2511,parameter_4113,1
method_2511,parameter_4114,2
method_2512,parameter_4116,1
method_2512,parameter_4118,3
method_2512,parameter_4119,4
method_2513,parameter_4120,1
method_2514,parameter_4122,1
method_2514,parameter_4124,3
method_2514,parameter_4125,4
method_2515,parameter_4126,1
method_2516,parameter_4128,1
method_2516,parameter_4130,3
method_2516,parameter_4131,4
method_2517,parameter_4132,1
method_2517,parameter_4134,3
method_2517,parameter_4135,4
method_2518,parameter_4136,1
method_2519,parameter_4138,1
method_2519,parameter_4140,3
method_2520,parameter_4141,1
method_2520,parameter_4143,3
method_2520,parameter_4144,4
method_2520,parameter_4145,5
method_2520,parameter_4146,6
method_2521,parameter_4147,1
method_2527,parameter_4156,1
method_2528,parameter_4158,1
method_2530,parameter_4161,1
method_2538,parameter_4165,1
method_2538,parameter_4166,2
method_2541,parameter_4171,1
method_2541,parameter_4172,2
method_2542,parameter_4173,1
method_2542,parameter_4174,2
method_2543,parameter_4175,1
method_2543,parameter_4176,2
method_2544,parameter_4177,1
method_2544,parameter_4178,2
method_2545,parameter_4179,1
method_2545,parameter_4180,2
method_2546,parameter_4181,1
method_2546,parameter_4182,2
method_2547,parameter_4183,1
method_2547,parameter_4184,2
method_2548,parameter_4185,1
method_2548,parameter_4186,2
method_2549,parameter_4187,1
method_2549,parameter_4188,2
method_2550,parameter_4189,1
method_2550,parameter_4190,2
method_2551,parameter_4191,1
method_2554,parameter_4196,1
method_2557,parameter_4199,1
method_2560,parameter_4202,1
method_2560,parameter_4203,2
method_2561,parameter_4204,1
method_2561,parameter_4205,2
method_2562,parameter_4206,1
method_2562,parameter_4207,2
method_2563,parameter_4208,1
method_2563,parameter_4209,2
method_2564,parameter_4210,1
method_2564,parameter_4211,2
method_2565,parameter_4212,1
method_2565,parameter_4213,2
method_2566,parameter_4214,1
method_2566,parameter_4215,2
method_2567,parameter_4216,1
method_2567,parameter_4217,2
method_2568,parameter_4218,1
method_2570,parameter_4220,1
method_2570,parameter_4221,2
method_2572,parameter_4223,1
method_2573,parameter_4225,1
method_2573,parameter_4227,3
method_2574,parameter_4228,1
method_2574,parameter_4229,2
method_2577,parameter_4231,1
method_2577,parameter_4232,2
method_2577,parameter_4233,3
method_2578,parameter_4234,1
method_2579,parameter_4235,1
method_2579,parameter_4236,2
method_2580,parameter_4237,1
method_2581,parameter_4239,1
method_2581,parameter_4241,3
method_2582,parameter_4242,1
method_2582,parameter_4243,2
method_2584,parameter_4244,1
method_2584,parameter_4245,2
method_2588,parameter_4246,1
method_2588,parameter_4247,2
method_2589,parameter_4248,1
method_2589,parameter_4249,2
method_2590,parameter_4250,1
method_2590,parameter_4251,2
method_2593,parameter_4252,1
method_2594,parameter_4253,1
method_2594,parameter_4254,2
method_2595,parameter_4255,1
method_2595,parameter_4256,2
method_2596,parameter_4257,1
method_2596,parameter_4258,2
method_2597,parameter_4259,1
method_2597,parameter_4260,2
method_2598,parameter_4261,1
method_2598,parameter_4262,2
method_2599,parameter_4263,1
method_2599,parameter_4264,2
method_2600,parameter_4265,1
method_2600,parameter_4266,2
method_2601,parameter_4267,1
method_2601,parameter_4268,2
method_2602,parameter_4269,1
method_2602,parameter_4270,2
method_2603,parameter_4271,1
method_2603,parameter_4272,2
method_2604,parameter_4273,1
method_2604,parameter_4274,2
method_2605,parameter_4275,1
method_2605,parameter_4276,2
method_2606,parameter_4277,1
method_2606,parameter_4278,2
method_2607,parameter_4279,1
method_2607,parameter_4280,2
method_2608,parameter_4281,1
method_2608,parameter_4282,2
method_2609,parameter_4283,1
method_2609,parameter_4284,2
method_2610,parameter_4285,1
method_2610,parameter_4286,2
method_2611,parameter_4287,1
method_2611,parameter_4288,2
method_2612,parameter_4289,1
method_2612,parameter_4290,2
method_2613,parameter_4291,1
method_2613,parameter_4292,2
method_2614,parameter_4293,1
method_2614,parameter_4294,2
method_2615,parameter_4295,1
method_2616,parameter_4296,1
method_2618,parameter_4298,1
method_2618,parameter_4299,2
method_2619,parameter_4300,1
method_2619,parameter_4301,2
method_2620,parameter_4306,5
method_2620,parameter_4307,6
method_2621,parameter_4308,1
method_2621,parameter_4309,2
method_2621,parameter_4310,3
method_2621,parameter_4311,4
method_2621,parameter_4312,5
method_2622,parameter_4313,1
method_2622,parameter_4315,3
method_2622,parameter_4317,5
method_2622,parameter_4318,6
method_2623,parameter_4321,3
method_2623,parameter_4322,4
method_2624,parameter_4325,3
method_2624,parameter_4326,4
method_2625,parameter_4329,3
method_2625,parameter_4330,4
method_2626,parameter_4331,1
method_2626,parameter_4332,2
method_2628,parameter_4333,1
method_2628,parameter_4334,2
method_2629,parameter_4335,1
method_2629,parameter_4336,2
method_2629,parameter_4337,3
method_2629,parameter_4338,4
method_2629,parameter_4339,5
method_2630,parameter_4340,1
method_2630,parameter_4341,2
method_2630,parameter_4342,3
method_2630,parameter_4343,4
method_2630,parameter_4344,5
method_2631,parameter_4345,1
method_2631,parameter_4346,2
method_2631,parameter_4347,3
method_2640,parameter_4356,1
method_2640,parameter_4357,2
method_2641,parameter_4359,1
method_2641,parameter_4360,2
method_2642,parameter_4361,1
method_2642,parameter_4362,2
method_2643,parameter_4363,1
method_2643,parameter_4364,2
method_2645,parameter_4366,1
method_2652,parameter_4383,1
method_2653,parameter_4389,2
method_2654,parameter_4391,2
method_2655,parameter_4392,1
method_2655,parameter_4393,2
method_2657,parameter_4394,1
method_2657,parameter_4395,2
method_2658,parameter_4396,1
method_2658,parameter_4397,2
method_2659,parameter_4398,1
method_2659,parameter_4399,2
method_2660,parameter_4400,1
method_2660,parameter_4401,2
method_2661,parameter_4402,1
method_2661,parameter_4403,2
method_2662,parameter_4404,1
method_2662,parameter_4405,2
method_2663,parameter_4406,1
method_2663,parameter_4407,2
method_2664,parameter_4408,1
method_2664,parameter_4409,2
method_2666,parameter_4411,1
method_2666,parameter_4412,2
method_2667,parameter_4414,2
method_2667,parameter_4415,3
method_2668,parameter_4416,1
method_2668,parameter_4417,2
method_2669,parameter_4418,1
method_2671,parameter_4420,1
method_2672,parameter_4421,1
method_2672,parameter_4422,2
method_2673,parameter_4423,1
method_2674,parameter_4424,1
method_2674,parameter_4425,2
method_2675,parameter_4427,2
method_2675,parameter_4428,3
method_2679,parameter_4429,1
method_2681,parameter_4432,1
method_2681,parameter_4433,2
method_2682,parameter_4434,1
method_2682,parameter_4435,2
method_2683,parameter_4436,1
method_2683,parameter_4437,2
method_2684,parameter_4438,1
method_2684,parameter_4439,2
method_2692,parameter_4441,1
method_2693,parameter_4443,1
method_2694,parameter_4445,1
method_2694,parameter_4446,2
method_2695,parameter_4447,1
method_2695,parameter_4448,2
method_2696,parameter_4449,1
method_2696,parameter_4450,2
method_2697,parameter_4451,1
method_2697,parameter_4452,2
method_2698,parameter_4453,1
method_2698,parameter_4454,2
method_2699,parameter_4455,1
method_2699,parameter_4456,2
method_2700,parameter_4457,1
method_2700,parameter_4458,2
method_2701,parameter_4459,1
method_2701,parameter_4460,2
method_2702,parameter_4461,1
method_2702,parameter_4462,2
method_2703,parameter_4463,1
method_2703,parameter_4464,2
method_2704,parameter_4465,1
method_2704,parameter_4466,2
method_2705,parameter_4467,1
method_2705,parameter_4468,2
method_2753,parameter_4469,1
method_2754,parameter_4470,1
method_2755,parameter_4471,1
method_2755,parameter_4472,2
method_2757,parameter_4473,1
method_2757,parameter_4474,2
method_2758,parameter_4475,1
method_2758,parameter_4476,2
method_2759,parameter_4478,1
method_2759,parameter_4479,2
method_2760,parameter_4481,1
method_2761,parameter_4482,1
method_2761,parameter_4483,2
method_2762,parameter_4484,1
method_2762,parameter_4485,2
method_2764,parameter_4486,1
method_2764,parameter_4487,2
method_2765,parameter_4488,1
method_2765,parameter_4489,2
method_2767,parameter_4490,1
method_2767,parameter_4491,2
method_2768,parameter_4492,1
method_2768,parameter_4493,2
method_2769,parameter_4494,1
method_2769,parameter_4495,2
method_2770,parameter_4496,1
method_2770,parameter_4497,2
method_2773,parameter_4499,1
method_2773,parameter_4500,2
method_2774,parameter_4501,1
method_2777,parameter_4503,1
method_2780,parameter_4506,1
method_2784,parameter_4512,1
method_2787,parameter_4513,1
method_2788,parameter_4515,2
method_2795,parameter_4523,1
method_2796,parameter_4525,1
method_2796,parameter_4526,2
method_2797,parameter_4527,1
method_2798,parameter_4531,1
method_2798,parameter_4532,2
method_2799,parameter_4535,1
method_2799,parameter_4536,2
method_2802,parameter_4538,1
method_2813,parameter_4542,1
method_2813,parameter_4543,2
method_2814,parameter_4544,1
method_2815,parameter_4545,1
method_2815,parameter_4546,2
method_2815,parameter_4547,3
method_2815,parameter_4548,4
method_2818,parameter_4549,1
method_2818,parameter_4550,2
method_2821,parameter_4551,1
method_2821,parameter_4552,2
method_2822,parameter_4553,1
method_2822,parameter_4554,2
method_2823,parameter_4555,1
method_2823,parameter_4556,2
method_2824,parameter_4557,1
method_2824,parameter_4558,2
method_2825,parameter_4559,1
method_2825,parameter_4560,2
method_2829,parameter_4563,1
method_2829,parameter_4564,2
method_2833,parameter_4567,1
method_2833,parameter_4568,2
method_2834,parameter_4569,1
method_2834,parameter_4570,2
method_2835,parameter_4571,1
method_2835,parameter_4572,2
method_2837,parameter_4573,1
method_2838,parameter_4575,2
method_2841,parameter_4576,1
method_2844,parameter_4580,1
method_2844,parameter_4581,2
method_2858,parameter_4591,1
method_2859,parameter_4592,1
method_2859,parameter_4593,2
method_2861,parameter_4594,1
method_2862,parameter_4595,1
method_2862,parameter_4596,2
method_2863,parameter_4597,1
method_2864,parameter_4598,1
method_2864,parameter_4599,2
method_2865,parameter_4600,1
method_2865,parameter_4601,2
method_2866,parameter_4602,1
method_2870,parameter_4604,1
method_2873,parameter_4607,1
method_2879,parameter_4616,1
method_2880,parameter_4617,1
method_2881,parameter_4620,1
method_2881,parameter_4621,2
method_2884,parameter_4622,1
method_2885,parameter_4624,1
method_2886,parameter_4626,1
method_2888,parameter_4630,1
method_2889,parameter_4634,3
method_2889,parameter_4635,4
method_2897,parameter_4642,1
method_2897,parameter_4643,2
method_2898,parameter_4644,1
method_2898,parameter_4645,2
method_2902,parameter_4647,1
method_2902,parameter_4649,3
method_2904,parameter_4650,1
method_2905,parameter_4652,2
method_2905,parameter_4653,3
method_2911,parameter_4658,1
method_2913,parameter_4660,1
method_2916,parameter_4663,1
method_2917,parameter_4664,1
method_2918,parameter_4665,1
method_2919,parameter_4666,1
method_2919,parameter_4667,2
method_2919,parameter_4668,3
method_2920,parameter_4669,1
method_2920,parameter_4671,3
method_2920,parameter_4672,4
method_2921,parameter_4673,1
method_2922,parameter_4674,1
method_2922,parameter_4675,2
method_2924,parameter_4676,1
method_2925,parameter_4677,1
method_2926,parameter_4678,1
method_2927,parameter_4680,1
method_2928,parameter_4681,1
method_2929,parameter_4683,1
method_2930,parameter_4685,1
method_2931,parameter_4687,1
method_2932,parameter_4689,1
method_2934,parameter_4693,1
method_2934,parameter_4694,2
method_2935,parameter_4695,1
method_2935,parameter_4697,3
method_2936,parameter_4698,1
method_2936,parameter_4700,3
method_2937,parameter_4701,1
method_2937,parameter_4703,3
method_2938,parameter_4704,1
method_2938,parameter_4706,3
method_2940,parameter_4707,1
method_2940,parameter_4708,2
method_2941,parameter_4709,1
method_2942,parameter_4710,1
method_2942,parameter_4711,2
method_2944,parameter_4712,1
method_2944,parameter_4713,2
method_2947,parameter_4714,1
method_2948,parameter_4715,1
method_2948,parameter_4716,2
method_2951,parameter_4717,1
method_2952,parameter_4719,1
method_2952,parameter_4720,2
method_2954,parameter_4723,1
method_2954,parameter_4724,2
method_2966,parameter_4738,2
method_2966,parameter_4739,3
method_2967,parameter_4740,1
method_2967,parameter_4741,2
method_2968,parameter_4742,1
method_2969,parameter_4743,1
method_2971,parameter_4744,1
method_2971,parameter_4745,2
method_2972,parameter_4746,1
method_2972,parameter_4747,2
method_2973,parameter_4748,1
method_2973,parameter_4749,2
method_2974,parameter_4750,1
method_2974,parameter_4751,2
method_2975,parameter_4752,1
method_2975,parameter_4753,2
method_2976,parameter_4754,1
method_2976,parameter_4755,2
method_2977,parameter_4756,1
method_2977,parameter_4757,2
method_2978,parameter_4758,1
method_2978,parameter_4759,2
method_2979,parameter_4760,1
method_2979,parameter_4761,2
method_2980,parameter_4762,1
method_2980,parameter_4763,2
method_2981,parameter_4764,1
method_2981,parameter_4765,2
method_2982,parameter_4766,1
method_2982,parameter_4767,2
method_2983,parameter_4768,1
method_2983,parameter_4769,2
method_2984,parameter_4770,1
method_2984,parameter_4771,2
method_2989,parameter_4772,1
method_2991,parameter_4775,1
method_2992,parameter_4776,1
method_2992,parameter_4777,2
method_2995,parameter_4779,1
method_2995,parameter_4780,2
method_2996,parameter_4781,1
method_2996,parameter_4782,2
method_2998,parameter_4783,1
method_2999,parameter_4784,1
method_2999,parameter_4785,2
method_3001,parameter_4786,1
method_3001,parameter_4787,2
method_3002,parameter_4788,1
method_3002,parameter_4789,2
method_3003,parameter_4791,2
method_3003,parameter_4792,3
method_3005,parameter_4794,2
method_3007,parameter_4796,1
method_3008,parameter_4798,1
method_3012,parameter_4800,1
method_3012,parameter_4801,2
method_3013,parameter_4802,1
method_3013,parameter_4803,2
method_3014,parameter_4804,1
method_3014,parameter_4805,2
method_3015,parameter_4806,1
method_3015,parameter_4807,2
method_3016,parameter_4808,1
method_3016,parameter_4809,2
method_3017,parameter_4810,1
method_3017,parameter_4811,2
method_3018,parameter_4812,1
method_3018,parameter_4813,2
method_3019,parameter_4814,1
method_3019,parameter_4815,2
method_3020,parameter_4816,1
method_3020,parameter_4817,2
method_3021,parameter_4818,1
method_3021,parameter_4819,2
method_3022,parameter_4820,1
method_3022,parameter_4821,2
method_3024,parameter_4822,1
method_3024,parameter_4823,2
method_3033,parameter_4825,1
method_3034,parameter_4827,1
method_3034,parameter_4828,2
method_3035,parameter_4829,1
method_3035,parameter_4830,2
method_3036,parameter_4831,1
method_3036,parameter_4832,2
method_3037,parameter_4833,1
method_3037,parameter_4834,2
method_3040,parameter_4835,1
method_3040,parameter_4836,2
method_3042,parameter_4837,1
method_3042,parameter_4838,2
method_3046,parameter_4839,1
method_3046,parameter_4840,2
method_3047,parameter_4841,1
method_3047,parameter_4843,3
method_3047,parameter_4844,4
method_3048,parameter_4845,1
method_3048,parameter_4846,2
method_3054,parameter_4847,1
method_3054,parameter_4848,2
method_3054,parameter_4849,3
method_3054,parameter_4850,4
method_3055,parameter_4851,1
method_3055,parameter_4852,2
method_3055,parameter_4853,3
method_3055,parameter_4854,4
method_3055,parameter_4855,5
method_3058,parameter_4856,1
method_3058,parameter_4857,2
method_3058,parameter_4858,3
method_3058,parameter_4859,4
method_3058,parameter_4860,5
method_3060,parameter_4861,1
method_3060,parameter_4862,2
method_3062,parameter_4865,1
method_3062,parameter_4866,2
method_3063,parameter_4867,1
method_3063,parameter_4868,2
method_3066,parameter_4870,1
method_3066,parameter_4871,2
method_3066,parameter_4872,3
method_3067,parameter_4873,1
method_3068,parameter_4876,1
method_3070,parameter_4879,1
method_3070,parameter_4880,2
method_3071,parameter_4881,1
method_3071,parameter_4882,2
method_3077,parameter_4883,1
method_3077,parameter_4884,2
method_3078,parameter_4885,1
method_3078,parameter_4886,2
method_3079,parameter_4887,1
method_3079,parameter_4888,2
method_3081,parameter_4889,1
method_3081,parameter_4890,2
method_3082,parameter_4891,1
method_3082,parameter_4892,2
method_3083,parameter_4893,1
method_3083,parameter_4894,2
method_3084,parameter_4895,1
method_3084,parameter_4896,2
method_3085,parameter_4897,1
method_3086,parameter_4899,1
method_3087,parameter_4905,5
method_3087,parameter_4906,6
method_3088,parameter_4907,1
method_3088,parameter_4910,4
method_3088,parameter_4911,5
method_3089,parameter_4914,3
method_3089,parameter_4915,4
method_3090,parameter_4918,3
method_3090,parameter_4919,4
method_3091,parameter_4922,3
method_3091,parameter_4923,4
method_3092,parameter_4924,1
method_3092,parameter_4925,2
method_3094,parameter_4926,1
method_3094,parameter_4927,2
method_3102,parameter_4928,1
method_3103,parameter_4929,1
method_3103,parameter_4930,2
method_3105,parameter_4931,1
method_3105,parameter_4932,2
method_3106,parameter_4933,1
method_3106,parameter_4934,2
method_3107,parameter_4935,1
method_3107,parameter_4936,2
method_3108,parameter_4937,1
method_3108,parameter_4938,2
method_3109,parameter_4939,1
method_3109,parameter_4940,2
method_3110,parameter_4941,1
method_3110,parameter_4942,2
method_3113,parameter_4944,1
method_3114,parameter_4945,1
method_3114,parameter_4946,2
method_3115,parameter_4947,1
method_3115,parameter_4948,2
method_3116,parameter_4949,1
method_3116,parameter_4950,2
method_3117,parameter_4951,1
method_3118,parameter_4954,1
method_3118,parameter_4955,2
method_3126,parameter_4960,1
method_3129,parameter_4963,1
method_3138,parameter_4969,1
method_3143,parameter_4970,1
method_3143,parameter_4971,2
method_3146,parameter_4972,1
method_3146,parameter_4973,2
method_3147,parameter_4974,1
method_3147,parameter_4975,2
method_3152,parameter_4978,1
method_3152,parameter_4979,2
method_3152,parameter_4980,3
method_3154,parameter_4981,1
method_3154,parameter_4982,2
method_3155,parameter_4983,1
method_3159,parameter_4984,1
method_3159,parameter_4985,2
method_3161,parameter_4986,1
method_3161,parameter_4987,2
method_3161,parameter_4988,3
method_3161,parameter_4989,4
method_3163,parameter_4990,1
method_3163,parameter_4991,2
method_3163,parameter_4992,3
method_3163,parameter_4993,4
method_3164,parameter_4994,1
method_3164,parameter_4995,2
method_3165,parameter_4996,1
method_3165,parameter_4997,2
method_3166,parameter_4998,1
method_3168,parameter_5000,1
method_3170,parameter_5001,1
method_3171,parameter_5004,1
method_3171,parameter_5005,2
method_3172,parameter_5009,1
method_3172,parameter_5010,2
method_3172,parameter_5011,3
method_3172,parameter_5012,4
method_3172,parameter_5013,5
method_3172,parameter_5014,6
method_3172,parameter_5018,10
method_3173,parameter_5019,1
method_3173,parameter_5020,2
method_3173,parameter_5021,3
method_3173,parameter_5022,4
method_3173,parameter_5023,5
method_3173,parameter_5024,6
method_3173,parameter_5025,7
method_3173,parameter_5030,12
method_3175,parameter_5031,1
method_3175,parameter_5032,2
method_3177,parameter_5034,1
method_3177,parameter_5035,2
method_3178,parameter_5036,1
method_3178,parameter_5037,2
method_3179,parameter_5039,1
method_3179,parameter_5040,2
method_3180,parameter_5041,1
method_3181,parameter_5042,1
method_3181,parameter_5043,2
method_3182,parameter_5044,1
method_3183,parameter_5045,1
method_3183,parameter_5046,2
method_3184,parameter_5047,1
method_3184,parameter_5048,2
method_3185,parameter_5049,1
method_3186,parameter_5050,1
method_3187,parameter_5051,1
method_3187,parameter_5052,2
method_3187,parameter_5053,3
method_3188,parameter_5054,1
method_3188,parameter_5055,2
method_3188,parameter_5056,3
method_3189,parameter_5057,1
method_3189,parameter_5058,2
method_3189,parameter_5059,3
method_3190,parameter_5060,1
method_3190,parameter_5061,2
method_3190,parameter_5062,3
method_3191,parameter_5063,1
method_3191,parameter_5064,2
method_3192,parameter_5065,1
method_3193,parameter_5066,1
method_3194,parameter_5067,1
method_3196,parameter_5070,1
method_3196,parameter_5071,2
method_3197,parameter_5072,1
method_3197,parameter_5073,2
method_3197,parameter_5074,3
method_3197,parameter_5076,5
method_3197,parameter_5077,6
method_3199,parameter_5078,1
method_3199,parameter_5079,2
method_3199,parameter_5080,3
method_3200,parameter_5081,1
method_3200,parameter_5082,2
method_3201,parameter_5083,1
method_3201,parameter_5084,2
method_3203,parameter_5085,1
method_3203,parameter_5086,2
method_3206,parameter_5088,1
method_3206,parameter_5089,2
method_3209,parameter_5090,1
method_3239,parameter_5095,1
method_3242,parameter_5096,1
method_3243,parameter_5097,1
method_3246,parameter_5098,1
method_3246,parameter_5099,2
method_3246,parameter_5100,3
method_3246,parameter_5101,4
method_3247,parameter_5102,1
method_3249,parameter_5104,1
method_3249,parameter_5105,2
method_3249,parameter_5106,3
method_3255,parameter_5111,1
method_3259,parameter_5115,1
method_3261,parameter_5116,1
method_3265,parameter_5118,1
method_3267,parameter_5120,1
method_3274,parameter_5122,1
method_3276,parameter_5123,1
method_3277,parameter_5126,1
method_3277,parameter_5127,2
method_3278,parameter_5130,1
method_3278,parameter_5131,2
method_3279,parameter_5134,1
method_3286,parameter_5135,1
method_3286,parameter_5136,2
method_3287,parameter_5137,1
method_3287,parameter_5138,2
method_3288,parameter_5139,1
method_3289,parameter_5140,1
method_3289,parameter_5141,2
method_3290,parameter_5142,1
method_3291,parameter_5143,1
method_3291,parameter_5144,2
method_3292,parameter_5145,1
method_3292,parameter_5146,2
method_3293,parameter_5147,1
method_3293,parameter_5148,2
method_3294,parameter_5149,1
method_3295,parameter_5150,1
method_3296,parameter_5151,1
method_3296,parameter_5152,2
method_3297,parameter_5153,1
method_3298,parameter_5154,1
method_3298,parameter_5155,2
method_3299,parameter_5156,1
method_3299,parameter_5157,2
method_3300,parameter_5158,1
method_3300,parameter_5159,2
method_3301,parameter_5160,1
method_3302,parameter_5161,1
method_3303,parameter_5162,1
method_3305,parameter_5163,1
method_3305,parameter_5164,2
method_3306,parameter_5165,1
method_3307,parameter_5166,1
method_3308,parameter_5167,1
method_3309,parameter_5168,1
method_3309,parameter_5169,2
method_3311,parameter_5170,1
method_3313,parameter_5171,1
method_3313,parameter_5172,2
method_3314,parameter_5173,1
method_3315,parameter_5174,1
method_3316,parameter_5175,1
method_3317,parameter_5176,1
method_3317,parameter_5177,2
method_3318,parameter_5178,1
method_3319,parameter_5179,1
method_3321,parameter_5180,1
method_3322,parameter_5181,1
method_3323,parameter_5182,1
method_3323,parameter_5183,2
method_3324,parameter_5184,1
method_3324,parameter_5185,2
method_3325,parameter_5186,1
method_3325,parameter_5187,2
method_3326,parameter_5188,1
method_3326,parameter_5189,2
method_3327,parameter_5190,1
method_3327,parameter_5191,2
method_3328,parameter_5192,1
method_3328,parameter_5193,2
method_3329,parameter_5194,1
method_3329,parameter_5195,2
method_3330,parameter_5196,1
method_3331,parameter_5197,1
method_3332,parameter_5198,1
method_3332,parameter_5199,2
method_3333,parameter_5200,1
method_3334,parameter_5201,1
method_3334,parameter_5202,2
method_3336,parameter_5203,1
method_3336,parameter_5204,2
method_3337,parameter_5205,1
method_3337,parameter_5206,2
method_3338,parameter_5207,1
method_3338,parameter_5208,2
method_3339,parameter_5209,1
method_3340,parameter_5210,1
method_3340,parameter_5211,2
method_3341,parameter_5212,1
method_3341,parameter_5213,2
method_3342,parameter_5214,1
method_3343,parameter_5215,1
method_3343,parameter_5216,2
method_3344,parameter_5217,1
method_3344,parameter_5218,2
method_3344,parameter_5219,3
method_3345,parameter_5220,1
method_3346,parameter_5222,1
method_3347,parameter_5223,1
method_3348,parameter_5224,1
method_3349,parameter_5225,1
method_3349,parameter_5226,2
method_3350,parameter_5227,1
method_3351,parameter_5228,1
method_3352,parameter_5229,1
method_3353,parameter_5230,1
method_3353,parameter_5231,2
method_3354,parameter_5232,1
method_3354,parameter_5233,2
method_3355,parameter_5234,1
method_3355,parameter_5235,2
method_3356,parameter_5236,1
method_3358,parameter_5237,1
method_3359,parameter_5238,1
method_3360,parameter_5239,1
method_3361,parameter_5240,1
method_3361,parameter_5241,2
method_3362,parameter_5242,1
method_3362,parameter_5243,2
method_3363,parameter_5244,1
method_3364,parameter_5245,1
method_3365,parameter_5246,1
method_3366,parameter_5247,1
method_3367,parameter_5248,1
method_3368,parameter_5249,1
method_3368,parameter_5250,2
method_3369,parameter_5251,1
method_3370,parameter_5252,1
method_3370,parameter_5253,2
method_3372,parameter_5254,1
method_3372,parameter_5255,2
method_3373,parameter_5256,1
method_3374,parameter_5257,1
method_3375,parameter_5258,1
method_3376,parameter_5259,1
method_3376,parameter_5260,2
method_3377,parameter_5261,1
method_3378,parameter_5262,1
method_3378,parameter_5263,2
method_3379,parameter_5264,1
method_3379,parameter_5265,2
method_3380,parameter_5266,1
method_3380,parameter_5267,2
method_3381,parameter_5268,1
method_3381,parameter_5269,2
method_3382,parameter_5270,1
method_3383,parameter_5271,1
method_3383,parameter_5272,2
method_3384,parameter_5273,1
method_3385,parameter_5274,1
method_3386,parameter_5275,1
method_3386,parameter_5276,2
method_3387,parameter_5277,1
method_3388,parameter_5278,1
method_3388,parameter_5279,2
method_3389,parameter_5280,1
method_3389,parameter_5281,2
method_3390,parameter_5282,1
method_3390,parameter_5283,2
method_3391,parameter_5284,1
method_3392,parameter_5285,1
method_3393,parameter_5288,1
method_3393,parameter_5289,2
method_3394,parameter_5290,1
method_3394,parameter_5291,2
method_3395,parameter_5292,1
method_3395,parameter_5293,2
method_3396,parameter_5294,1
method_3396,parameter_5295,2
method_3397,parameter_5296,1
method_3397,parameter_5297,2
method_3398,parameter_5298,1
method_3399,parameter_5299,1
method_3400,parameter_5300,1
method_3401,parameter_5301,1
method_3401,parameter_5302,2
method_3402,parameter_5303,1
method_3402,parameter_5304,2
method_3403,parameter_5305,1
method_3403,parameter_5306,2
method_3404,parameter_5307,1
method_3404,parameter_5308,2
method_3405,parameter_5309,1
method_3405,parameter_5310,2
method_3406,parameter_5311,1
method_3406,parameter_5312,2
method_3408,parameter_5313,1
method_3409,parameter_5314,1
method_3410,parameter_5315,1
method_3410,parameter_5316,2
method_3411,parameter_5317,1
method_3411,parameter_5318,2
method_3412,parameter_5319,1
method_3412,parameter_5320,2
method_3413,parameter_5321,1
method_3413,parameter_5322,2
method_3415,parameter_5323,1
method_3415,parameter_5324,2
method_3416,parameter_5325,1
method_3416,parameter_5326,2
method_3417,parameter_5327,1
method_3417,parameter_5329,3
method_3418,parameter_5330,1
method_3419,parameter_5331,1
method_3420,parameter_5332,1
method_3421,parameter_5333,1
method_3422,parameter_5334,1
method_3423,parameter_5335,1
method_3424,parameter_5336,1
method_3425,parameter_5337,1
method_3425,parameter_5338,2
method_3426,parameter_5339,1
method_3427,parameter_5340,1
method_3428,parameter_5341,1
method_3429,parameter_5342,1
method_3430,parameter_5343,1
method_3431,parameter_5344,1
method_3432,parameter_5345,1
method_3434,parameter_5348,1
method_3436,parameter_5349,1
method_3440,parameter_5352,1
method_3440,parameter_5353,2
method_3441,parameter_5354,1
method_3444,parameter_5356,1
method_3445,parameter_5357,1
method_3445,parameter_5358,2
method_3445,parameter_5359,3
method_3446,parameter_5362,1
method_3447,parameter_5366,1
method_3448,parameter_5373,2
method_3449,parameter_5375,1
method_3452,parameter_5378,1
method_3454,parameter_5380,1
method_3464,parameter_5392,1
method_3466,parameter_5394,1
method_3468,parameter_5396,1
method_3471,parameter_5399,1
method_3474,parameter_5402,1
method_3475,parameter_5403,1
method_3475,parameter_5404,2
method_3476,parameter_5405,1
method_3477,parameter_5409,1
method_3480,parameter_5412,1
method_3484,parameter_5416,1
method_3485,parameter_5417,1
method_3487,parameter_5419,1
method_3487,parameter_5420,2
method_3487,parameter_5421,3
method_3492,parameter_5425,1
method_3492,parameter_5426,2
method_3493,parameter_5427,1
method_3496,parameter_5429,1
method_3496,parameter_5430,2
method_3496,parameter_5431,3
method_3498,parameter_5432,1
method_3498,parameter_5433,2
method_3499,parameter_5434,1
method_3500,parameter_5435,1
method_3500,parameter_5436,2
method_3501,parameter_5437,1
method_3501,parameter_5438,2
method_3502,parameter_5439,1
method_3502,parameter_5440,2
method_3502,parameter_5441,3
method_3503,parameter_5442,1
method_3503,parameter_5443,2
method_3503,parameter_5444,3
method_3504,parameter_5445,1
method_3504,parameter_5446,2
method_3505,parameter_5447,1
method_3505,parameter_5448,2
method_3506,parameter_5449,1
method_3506,parameter_5450,2
method_3507,parameter_5454,1
method_3507,parameter_5455,2
method_3508,parameter_5456,1
method_3508,parameter_5457,2
method_3509,parameter_5458,1
method_3509,parameter_5459,2
method_3511,parameter_5460,1
method_3511,parameter_5461,2
method_3512,parameter_5462,1
method_3512,parameter_5463,2
method_3514,parameter_5464,1
method_3514,parameter_5465,2
method_3514,parameter_5466,3
method_3514,parameter_5467,4
method_3514,parameter_5468,5
method_3514,parameter_5469,6
method_3514,parameter_5470,7
method_3514,parameter_5471,8
method_3515,parameter_5472,1
method_3516,parameter_5473,1
method_3516,parameter_5474,2
method_3518,parameter_5475,1
method_3518,parameter_5476,2
method_3522,parameter_5477,1
method_3524,parameter_5478,1
method_3524,parameter_5479,2
method_3532,parameter_5482,1
method_3532,parameter_5483,2
method_3533,parameter_5485,1
method_3534,parameter_5487,1
method_3535,parameter_5489,1
method_3536,parameter_5491,1
method_3537,parameter_5493,1
method_3538,parameter_5495,1
method_3539,parameter_5499,1
method_3540,parameter_5501,1
method_3541,parameter_5503,1
method_3542,parameter_5505,1
method_3543,parameter_5507,1
method_3544,parameter_5509,1
method_3546,parameter_5511,1
method_3554,parameter_5512,1
method_3555,parameter_5514,1
method_3555,parameter_5515,2
method_3556,parameter_5517,1
method_3557,parameter_5519,1
method_3557,parameter_5520,2
method_3558,parameter_5522,1
method_3558,parameter_5523,2
method_3558,parameter_5524,3
method_3559,parameter_5526,1
method_3559,parameter_5527,2
method_3559,parameter_5528,3
method_3559,parameter_5529,4
method_3559,parameter_5530,5
method_3559,parameter_5531,6
method_3559,parameter_5532,7
method_3559,parameter_5533,8
method_3559,parameter_5534,9
method_3562,parameter_5535,1
method_3563,parameter_5536,1
method_3564,parameter_5537,1
method_3564,parameter_5538,2
method_3564,parameter_5539,3
method_3567,parameter_5540,1
method_3569,parameter_5541,1
method_3570,parameter_5542,1
method_3571,parameter_5543,1
method_3571,parameter_5544,2
method_3572,parameter_5545,1
method_3574,parameter_5546,1
method_3574,parameter_5547,2
method_3575,parameter_5548,1
method_3576,parameter_5549,1
method_3577,parameter_5550,1
method_3578,parameter_5551,1
method_3580,parameter_5553,1
method_3580,parameter_5554,2
method_3580,parameter_5555,3
method_3583,parameter_5556,1
method_3584,parameter_5557,1
method_3584,parameter_5558,2
method_3586,parameter_5561,1
method_3586,parameter_5562,2
method_3588,parameter_5563,1
method_3592,parameter_5564,1
method_3592,parameter_5565,2
method_3593,parameter_5566,1
method_3593,parameter_5567,2
method_3594,parameter_5568,1
method_3594,parameter_5569,2
method_3595,parameter_5570,1
method_3595,parameter_5571,2
method_3596,parameter_5572,1
method_3596,parameter_5573,2
method_3598,parameter_5574,1
method_3598,parameter_5575,2
method_3599,parameter_5576,1
method_3600,parameter_5577,1
method_3601,parameter_5578,1
method_3606,parameter_5579,1
method_3607,parameter_5581,1
method_3608,parameter_5582,1
method_3609,parameter_5583,1
method_3611,parameter_5584,1
method_3612,parameter_5585,1
method_3617,parameter_5587,1
method_3620,parameter_5588,1
method_3620,parameter_5589,2
method_3622,parameter_5590,1
method_3623,parameter_5591,1
method_3624,parameter_5592,1
method_3625,parameter_5593,1
method_3631,parameter_5602,1
method_3631,parameter_5603,2
method_3631,parameter_5604,3
method_3632,parameter_5605,1
method_3633,parameter_5606,1
method_3640,parameter_5607,1
method_3640,parameter_5608,2
method_3641,parameter_5609,1
method_3642,parameter_5610,1
method_3643,parameter_5611,1
method_3643,parameter_5612,2
method_3644,parameter_5613,1
method_3645,parameter_5614,1
method_3646,parameter_5615,1
method_3646,parameter_5616,2
method_3647,parameter_5617,1
method_3648,parameter_5618,1
method_3649,parameter_5619,1
method_3650,parameter_5620,1
method_3651,parameter_5621,1
method_3652,parameter_5622,1
method_3653,parameter_5623,1
method_3654,parameter_5624,1
method_3654,parameter_5625,2
method_3656,parameter_5626,1
method_3656,parameter_5627,2
method_3657,parameter_5628,1
method_3658,parameter_5629,1
method_3659,parameter_5630,1
method_3660,parameter_5631,1
method_3660,parameter_5632,2
method_3661,parameter_5633,1
method_3664,parameter_5634,1
method_3664,parameter_5635,2
method_3665,parameter_5636,1
method_3665,parameter_5637,2
method_3666,parameter_5638,1
method_3666,parameter_5639,2
method_3667,parameter_5640,1
method_3667,parameter_5641,2
method_3668,parameter_5642,1
method_3669,parameter_5643,1
method_3670,parameter_5644,1
method_3670,parameter_5645,2
method_3671,parameter_5646,1
method_3671,parameter_5647,2
method_3672,parameter_5648,1
method_3673,parameter_5649,1
method_3673,parameter_5650,2
method_3674,parameter_5651,1
method_3674,parameter_5652,2
method_3675,parameter_5653,1
method_3676,parameter_5654,1
method_3677,parameter_5655,1
method_3678,parameter_5656,1
method_3678,parameter_5657,2
method_3679,parameter_5658,1
method_3680,parameter_5659,1
method_3681,parameter_5660,1
method_3682,parameter_5661,1
method_3682,parameter_5662,2
method_3683,parameter_5663,1
method_3683,parameter_5664,2
method_3684,parameter_5665,1
method_3685,parameter_5666,1
method_3686,parameter_5667,1
method_3686,parameter_5668,2
method_3687,parameter_5669,1
method_3688,parameter_5670,1
method_3689,parameter_5671,1
method_3690,parameter_5672,1
method_3692,parameter_5673,1
method_3693,parameter_5674,1
method_3694,parameter_5675,1
method_3694,parameter_5676,2
method_3695,parameter_5677,1
method_3695,parameter_5678,2
method_3696,parameter_5679,1
method_3697,parameter_5680,1
method_3697,parameter_5681,2
method_3698,parameter_5682,1
method_3699,parameter_5683,1
method_3699,parameter_5684,2
method_3700,parameter_5685,1
method_3700,parameter_5686,2
method_3701,parameter_5687,1
method_3701,parameter_5688,2
method_3702,parameter_5689,1
method_3702,parameter_5690,2
method_3703,parameter_5691,1
method_3704,parameter_5692,1
method_3705,parameter_5693,1
method_3705,parameter_5694,2
method_3707,parameter_5695,1
method_3707,parameter_5696,2
method_3708,parameter_5697,1
method_3708,parameter_5698,2
method_3709,parameter_5699,1
method_3710,parameter_5700,1
method_3710,parameter_5701,2
method_3711,parameter_5702,1
method_3711,parameter_5703,2
method_3712,parameter_5704,1
method_3712,parameter_5705,2
method_3713,parameter_5706,1
method_3715,parameter_5707,1
method_3715,parameter_5708,2
method_3717,parameter_5709,1
method_3717,parameter_5710,2
method_3718,parameter_5711,1
method_3718,parameter_5712,2
method_3719,parameter_5713,1
method_3719,parameter_5714,2
method_3720,parameter_5715,1
method_3721,parameter_5716,1
method_3723,parameter_5717,1
method_3731,parameter_5718,1
method_3740,parameter_5719,1
method_3750,parameter_5720,1
method_3755,parameter_5721,1
method_3756,parameter_5722,1
method_3757,parameter_5723,1
method_3759,parameter_5724,1
method_3760,parameter_5725,1
method_3761,parameter_5726,1
method_3762,parameter_5727,1
method_3762,parameter_5728,2
method_3763,parameter_5729,1
method_3763,parameter_5730,2
method_3764,parameter_5731,1
method_3765,parameter_5732,1
method_3766,parameter_5733,1
method_3767,parameter_5734,1
method_3768,parameter_5735,1
method_3769,parameter_5736,1
method_3770,parameter_5737,1
method_3771,parameter_5738,1
method_3772,parameter_5739,1
method_3773,parameter_5740,1
method_3773,parameter_5741,2
method_3774,parameter_5742,1
method_3775,parameter_5743,1
method_3776,parameter_5744,1
method_3777,parameter_5745,1
method_3778,parameter_5746,1
method_3779,parameter_5747,1
method_3780,parameter_5748,1
method_3781,parameter_5749,1
method_3782,parameter_5750,1
method_3783,parameter_5751,1
method_3784,parameter_5752,1
method_3784,parameter_5753,2
method_3784,parameter_5754,3
method_3784,parameter_5755,4
method_3784,parameter_5756,5
method_3784,parameter_5757,6
method_3784,parameter_5758,7
method_3785,parameter_5759,1
method_3786,parameter_5760,1
method_3787,parameter_5761,1
method_3787,parameter_5762,2
method_3787,parameter_5763,3
method_3787,parameter_5764,4
method_3788,parameter_5765,1
method_3788,parameter_5766,2
method_3788,parameter_5767,3
method_3789,parameter_5768,1
method_3790,parameter_5769,1
method_3792,parameter_5770,1
method_3793,parameter_5771,1
method_3794,parameter_5772,1
method_3795,parameter_5773,1
method_3796,parameter_5774,1
method_3797,parameter_5775,1
method_3798,parameter_5776,1
method_3799,parameter_5777,1
method_3800,parameter_5778,1
method_3801,parameter_5779,1
method_3802,parameter_5780,1
method_3802,parameter_5781,2
method_3803,parameter_5782,1
method_3804,parameter_5783,1
method_3805,parameter_5784,1
method_3806,parameter_5785,1
method_3807,parameter_5786,1
method_3810,parameter_5787,1
method_3811,parameter_5788,1
method_3812,parameter_5789,1
method_3814,parameter_5790,1
method_3814,parameter_5791,2
method_3815,parameter_5792,1
method_3817,parameter_5793,1
method_3818,parameter_5794,1
method_3819,parameter_5795,1
method_3820,parameter_5796,1
method_3821,parameter_5797,1
method_3822,parameter_5798,1
method_3823,parameter_5799,1
method_3824,parameter_5800,1
method_3830,parameter_5801,1
method_3832,parameter_5802,1
method_3833,parameter_5803,1
method_3834,parameter_5804,1
method_3835,parameter_5805,1
method_3837,parameter_5806,1
method_3838,parameter_5807,1
method_3840,parameter_5808,1
method_3841,parameter_5809,1
method_3842,parameter_5810,1
method_3843,parameter_5811,1
method_3844,parameter_5812,1
method_3845,parameter_5813,1
method_3846,parameter_5814,1
method_3847,parameter_5815,1
method_3849,parameter_5816,1
method_3851,parameter_5817,1
method_3852,parameter_5818,1
method_3857,parameter_5819,1
method_3858,parameter_5820,1
method_3859,parameter_5821,1
method_3860,parameter_5822,1
method_3861,parameter_5823,1
method_3861,parameter_5824,2
method_3861,parameter_5825,3
method_3862,parameter_5826,1
method_3862,parameter_5827,2
method_3864,parameter_5828,1
method_3865,parameter_5829,1
method_3866,parameter_5830,1
method_3867,parameter_5831,1
method_3867,parameter_5832,2
method_3869,parameter_5833,1
method_3870,parameter_5834,1
method_3871,parameter_5835,1
method_3872,parameter_5836,1
method_3872,parameter_5837,2
method_3873,parameter_5838,1
method_3874,parameter_5839,1
method_3875,parameter_5840,1
method_3876,parameter_5841,1
method_3877,parameter_5842,1
method_3877,parameter_5843,2
method_3877,parameter_5844,3
method_3879,parameter_5845,1
method_3885,parameter_5846,1
method_3888,parameter_5847,1
method_3889,parameter_5848,1
method_3890,parameter_5849,1
method_3892,parameter_5850,1
method_3893,parameter_5851,1
method_3896,parameter_5852,1
method_3897,parameter_5853,1
method_3898,parameter_5854,1
method_3898,parameter_5855,2
method_3899,parameter_5856,1
method_3899,parameter_5857,2
method_3902,parameter_5858,1
method_3902,parameter_5859,2
method_3902,parameter_5860,3
method_3904,parameter_5861,1
method_3904,parameter_5862,2
method_3905,parameter_5864,1
method_3905,parameter_5865,2
method_3906,parameter_5866,1
method_3906,parameter_5867,2
method_3907,parameter_5868,1
method_3907,parameter_5869,2
method_3908,parameter_5871,1
method_3908,parameter_5872,2
method_3909,parameter_5873,1
method_3909,parameter_5874,2
method_3910,parameter_5875,1
method_3910,parameter_5876,2
method_3911,parameter_5877,1
method_3911,parameter_5878,2
method_3911,parameter_5879,3
method_3913,parameter_5881,2
method_3913,parameter_5882,3
method_3914,parameter_5884,2
method_3914,parameter_5885,3
method_3915,parameter_5886,1
method_3915,parameter_5887,2
method_3916,parameter_5889,1
method_3916,parameter_5890,2
method_3917,parameter_5891,1
method_3917,parameter_5892,2
method_3918,parameter_5893,1
method_3922,parameter_5894,1
method_3924,parameter_5895,1
method_3925,parameter_5896,1
method_3930,parameter_5897,1
method_3932,parameter_5898,1
method_3932,parameter_5899,2
method_3932,parameter_5900,3
method_3933,parameter_5901,1
method_3933,parameter_5902,2
method_3933,parameter_5903,3
method_3933,parameter_5904,4
method_3934,parameter_5905,1
method_3934,parameter_5906,2
method_3934,parameter_5907,3
method_3935,parameter_5908,1
method_3935,parameter_5909,2
method_3935,parameter_5910,3
method_3935,parameter_5911,4
method_3937,parameter_5912,1
method_3937,parameter_5913,2
method_3940,parameter_5914,1
method_3941,parameter_5917,1
method_3941,parameter_5918,2
method_3941,parameter_5920,4
method_3955,parameter_5921,1
method_3956,parameter_5922,1
method_3957,parameter_5923,1
method_3957,parameter_5924,2
method_3959,parameter_5925,1
method_3959,parameter_5926,2
method_3959,parameter_5927,3
method_3959,parameter_5928,4
method_3959,parameter_5929,5
method_3959,parameter_5930,6
method_3959,parameter_5931,7
method_3959,parameter_5932,8
method_3959,parameter_5933,9
method_3963,parameter_5934,1
method_3964,parameter_5935,1
method_3965,parameter_5936,1
method_3966,parameter_5937,1
method_3972,parameter_5938,1
method_3973,parameter_5939,1
method_3974,parameter_5940,1
method_3974,parameter_5941,2
method_3974,parameter_5942,3
method_3974,parameter_5943,4
method_3977,parameter_5944,1
method_3977,parameter_5945,2
method_3977,parameter_5946,3
method_3978,parameter_5947,1
method_3978,parameter_5948,2
method_3978,parameter_5949,3
method_3978,parameter_5950,4
method_3981,parameter_5951,1
method_3981,parameter_5952,2
method_3983,parameter_5955,1
method_3984,parameter_5956,1
method_3985,parameter_5957,1
method_3993,parameter_5959,1
method_3994,parameter_5960,1
method_3994,parameter_5961,2
method_3994,parameter_5962,3
method_3994,parameter_5964,5
method_3994,parameter_5965,6
method_3994,parameter_5966,7
method_3994,parameter_5967,8
method_3994,parameter_5968,9
method_3994,parameter_5969,10
method_3994,parameter_5970,11
method_3994,parameter_5971,12
method_3994,parameter_5972,13
method_3994,parameter_5973,14
method_3994,parameter_5974,15
method_3994,parameter_5975,16
method_3994,parameter_5976,17
method_3994,parameter_5977,18
method_3995,parameter_5978,1
method_3995,parameter_5979,2
method_3995,parameter_5980,3
method_3995,parameter_5981,4
method_3995,parameter_5982,5
method_3995,parameter_5983,6
method_3995,parameter_5985,8
method_3995,parameter_5986,9
method_3995,parameter_5987,10
method_3996,parameter_5988,1
method_3996,parameter_5989,2
method_3996,parameter_5990,3
method_3996,parameter_5991,4
method_3996,parameter_5993,6
method_3996,parameter_5994,7
method_3996,parameter_5995,8
method_3996,parameter_5996,9
method_3997,parameter_5997,1
method_3998,parameter_5998,1
method_3999,parameter_5999,1
method_4001,parameter_6001,1
method_4002,parameter_6002,1
method_4003,parameter_6003,1
method_4004,parameter_6004,1
method_4004,parameter_6005,2
method_4004,parameter_6006,3
method_4005,parameter_6007,1
method_4006,parameter_6008,1
method_4009,parameter_6009,1
method_4013,parameter_6010,1
method_4014,parameter_6011,1
method_4014,parameter_6012,2
method_4014,parameter_6013,3
method_4014,parameter_6014,4
method_4015,parameter_6015,1
method_4015,parameter_6016,2
method_4017,parameter_6017,1
method_4017,parameter_6018,2
method_4018,parameter_6019,1
method_4018,parameter_6020,2
method_4019,parameter_6021,1
method_4019,parameter_6022,2
method_4020,parameter_6023,1
method_4021,parameter_6024,1
method_4022,parameter_6025,1
method_4026,parameter_6026,1
method_4027,parameter_6027,1
method_4027,parameter_6028,2
method_4029,parameter_6029,1
method_4030,parameter_6030,1
method_4031,parameter_6031,1
method_4032,parameter_6032,1
method_4033,parameter_6033,1
method_4034,parameter_6034,1
method_4034,parameter_6035,2
method_4035,parameter_6036,1
method_4035,parameter_6037,2
method_4036,parameter_6038,1
method_4036,parameter_6039,2
method_4037,parameter_6040,1
method_4039,parameter_6041,1
method_4040,parameter_6042,1
method_4043,parameter_6043,1
method_4043,parameter_6044,2
method_4043,parameter_6045,3
method_4044,parameter_6046,1
method_4046,parameter_6047,1
method_4047,parameter_6048,1
method_4047,parameter_6049,2
method_4047,parameter_6050,3
method_4048,parameter_6051,1
method_4051,parameter_6052,1
method_4052,parameter_6053,1
method_4053,parameter_6054,1
method_4054,parameter_6055,1
method_4055,parameter_6056,1
method_4056,parameter_6057,1
method_4057,parameter_6058,1
method_4058,parameter_6059,1
method_4059,parameter_6060,1
method_4060,parameter_6061,1
method_4061,parameter_6062,1
method_4062,parameter_6063,1
method_4063,parameter_6064,1
method_4064,parameter_6065,1
method_4065,parameter_6066,1
method_4067,parameter_6067,1
method_4068,parameter_6068,1
method_4068,parameter_6069,2
method_4070,parameter_6070,1
method_4071,parameter_6071,1
method_4073,parameter_6072,1
method_4074,parameter_6073,1
method_4075,parameter_6074,1
method_4076,parameter_6075,1
method_4076,parameter_6076,2
method_4077,parameter_6077,1
method_4078,parameter_6078,1
method_4081,parameter_6079,1
method_4083,parameter_6080,1
method_4084,parameter_6081,1
method_4085,parameter_6082,1
method_4087,parameter_6083,1
method_4087,parameter_6084,2
method_4089,parameter_6085,1
method_4090,parameter_6086,1
method_4091,parameter_6087,1
method_4093,parameter_6088,1
method_4094,parameter_6089,1
method_4095,parameter_6090,1
method_4096,parameter_6091,1
method_4097,parameter_6092,1
method_4098,parameter_6093,1
method_4099,parameter_6094,1
method_4100,parameter_6095,1
method_4101,parameter_6096,1
method_4102,parameter_6097,1
method_4103,parameter_6098,1
method_4104,parameter_6099,1
method_4105,parameter_6100,1
method_4106,parameter_6101,1
method_4107,parameter_6102,1
method_4108,parameter_6103,1
method_4109,parameter_6104,1
method_4110,parameter_6105,1
method_4111,parameter_6106,1
method_4112,parameter_6107,1
method_4113,parameter_6108,1
method_4114,parameter_6109,1
method_4115,parameter_6110,1
method_4116,parameter_6111,1
method_4117,parameter_6112,1
method_4118,parameter_6113,1
method_4119,parameter_6114,1
method_4120,parameter_6115,1
method_4121,parameter_6116,1
method_4122,parameter_6117,1
method_4123,parameter_6118,1
method_4124,parameter_6119,1
method_4125,parameter_6120,1
method_4126,parameter_6121,1
method_4127,parameter_6122,1
method_4128,parameter_6123,1
method_4129,parameter_6124,1
method_4129,parameter_6125,2
method_4130,parameter_6126,1
method_4130,parameter_6127,2
method_4131,parameter_6128,1
method_4131,parameter_6129,2
method_4132,parameter_6130,1
method_4132,parameter_6131,2
method_4133,parameter_6132,1
method_4133,parameter_6133,2
method_4134,parameter_6134,1
method_4137,parameter_6135,1
method_4138,parameter_6136,1
method_4139,parameter_6137,1
method_4140,parameter_6138,1
method_4141,parameter_6139,1
method_4143,parameter_6140,1
method_4144,parameter_6141,1
method_4145,parameter_6142,1
method_4146,parameter_6143,1
method_4149,parameter_6144,1
method_4150,parameter_6145,1
method_4151,parameter_6146,1
method_4152,parameter_6147,1
method_4154,parameter_6148,1
method_4154,parameter_6149,2
method_4154,parameter_6150,3
method_4154,parameter_6151,4
method_4154,parameter_6152,5
method_4155,parameter_6153,1
method_4155,parameter_6154,2
method_4155,parameter_6155,3
method_4155,parameter_6156,4
method_4155,parameter_6157,5
method_4156,parameter_6158,1
method_4157,parameter_6159,1
method_4157,parameter_6160,2
method_4158,parameter_6161,1
method_4159,parameter_6162,1
method_4160,parameter_6163,1
method_4161,parameter_6164,1
method_4163,parameter_6165,1
method_4166,parameter_6166,1
method_4166,parameter_6167,2
method_4166,parameter_6168,3
method_4166,parameter_6169,4
method_4166,parameter_6170,5
method_4167,parameter_6171,1
method_4168,parameter_6172,1
method_4168,parameter_6173,2
method_4168,parameter_6174,3
method_4169,parameter_6175,1
method_4169,parameter_6176,2
method_4169,parameter_6177,3
method_4170,parameter_6178,1
method_4171,parameter_6179,1
method_4173,parameter_6180,1
method_4173,parameter_6181,2
method_4178,parameter_6182,1
method_4178,parameter_6183,2
method_4180,parameter_6184,1
method_4181,parameter_6185,1
method_4182,parameter_6186,1
method_4183,parameter_6187,1
method_4184,parameter_6188,1
method_4184,parameter_6189,2
method_4186,parameter_6193,4
method_4186,parameter_6194,5
method_4186,parameter_6195,6
method_4187,parameter_6196,1
method_4188,parameter_6197,1
method_4188,parameter_6198,2
method_4189,parameter_6199,1
method_4190,parameter_6200,1
method_4192,parameter_6201,1
method_4193,parameter_6202,1
method_4194,parameter_6203,1
method_4195,parameter_6204,1
method_4196,parameter_6205,1
method_4198,parameter_6206,1
method_4199,parameter_6207,1
method_4200,parameter_6208,1
method_4201,parameter_6209,1
method_4201,parameter_6210,2
method_4201,parameter_6211,3
method_4202,parameter_6212,1
method_4203,parameter_6213,1
method_4204,parameter_6214,1
method_4204,parameter_6215,2
method_4204,parameter_6216,3
method_4205,parameter_6217,1
method_4205,parameter_6218,2
method_4205,parameter_6219,3
method_4206,parameter_6220,1
method_4206,parameter_6221,2
method_4206,parameter_6222,3
method_4207,parameter_6223,1
method_4207,parameter_6224,2
method_4207,parameter_6225,3
method_4208,parameter_6226,1
method_4208,parameter_6227,2
method_4208,parameter_6228,3
method_4210,parameter_6229,1
method_4211,parameter_6230,1
method_4211,parameter_6231,2
method_4211,parameter_6232,3
method_4211,parameter_6233,4
method_4211,parameter_6234,5
method_4212,parameter_6235,1
method_4212,parameter_6236,2
method_4212,parameter_6237,3
method_4214,parameter_6238,1
method_4215,parameter_6239,1
method_4216,parameter_6240,1
method_4219,parameter_6241,1
method_4220,parameter_6242,1
method_4220,parameter_6243,2
method_4220,parameter_6244,3
method_4221,parameter_6245,1
method_4222,parameter_6246,1
method_4222,parameter_6247,2
method_4223,parameter_6248,1
method_4225,parameter_6249,1
method_4226,parameter_6250,1
method_4227,parameter_6251,1
method_4228,parameter_6252,1
method_4228,parameter_6253,2
method_4228,parameter_6254,3
method_4229,parameter_6256,1
method_4230,parameter_6257,1
method_4230,parameter_6258,2
method_4234,parameter_6259,1
method_4236,parameter_6260,1
method_4236,parameter_6261,2
method_4236,parameter_6262,3
method_4236,parameter_6263,4
method_4236,parameter_6264,5
method_4238,parameter_6265,1
method_4239,parameter_6266,1
method_4240,parameter_6267,1
method_4240,parameter_6268,2
method_4241,parameter_6269,1
method_4242,parameter_6270,1
method_4244,parameter_6271,1
method_4245,parameter_6272,1
method_4246,parameter_6273,1
method_4247,parameter_6274,1
method_4247,parameter_6275,2
method_4247,parameter_6276,3
method_4248,parameter_6277,1
method_4250,parameter_6278,1
method_4250,parameter_6279,2
method_4251,parameter_6280,1
method_4251,parameter_6281,2
method_4252,parameter_6282,1
method_4252,parameter_6283,2
method_4252,parameter_6284,3
method_4253,parameter_6285,1
method_4254,parameter_6286,1
method_4255,parameter_6287,1
method_4256,parameter_6288,1
method_4257,parameter_6289,1
method_4257,parameter_6290,2
method_4258,parameter_6291,1
method_4258,parameter_6292,2
method_4259,parameter_6293,1
method_4261,parameter_6294,1
method_4261,parameter_6295,2
method_4262,parameter_6296,1
method_4262,parameter_6297,2
method_4263,parameter_6298,1
method_4263,parameter_6299,2
method_4264,parameter_6300,1
method_4264,parameter_6301,2
method_4264,parameter_6302,3
method_4264,parameter_6303,4
method_4265,parameter_6304,1
method_4265,parameter_6305,2
method_4265,parameter_6306,3
method_4266,parameter_6307,1
method_4266,parameter_6308,2
method_4266,parameter_6309,3
method_4267,parameter_6310,1
method_4268,parameter_6311,1
method_4272,parameter_6312,1
method_4273,parameter_6313,1
method_4275,parameter_6314,1
method_4276,parameter_6315,1
method_4277,parameter_6316,1
method_4278,parameter_6317,1
method_4280,parameter_6318,1
method_4281,parameter_6319,1
method_4282,parameter_6320,1
method_4285,parameter_6321,1
method_4285,parameter_6322,2
method_4286,parameter_6323,1
method_4287,parameter_6324,1
method_4288,parameter_6325,1
method_4289,parameter_6326,1
method_4290,parameter_6327,1
method_4290,parameter_6330,4
method_4290,parameter_6331,5
method_4292,parameter_6332,1
method_4292,parameter_6333,2
method_4293,parameter_6334,1
method_4294,parameter_6335,1
method_4295,parameter_6336,1
method_4296,parameter_6337,1
method_4298,parameter_6338,1
method_4299,parameter_6339,1
method_4300,parameter_6340,1
method_4301,parameter_6341,1
method_4302,parameter_6342,1
method_4303,parameter_6343,1
method_4304,parameter_6344,1
method_4305,parameter_6345,1
method_4306,parameter_6346,1
method_4307,parameter_6347,1
method_4308,parameter_6348,1
method_4309,parameter_6349,1
method_4310,parameter_6350,1
method_4311,parameter_6351,1
method_4312,parameter_6352,1
method_4313,parameter_6353,1
method_4314,parameter_6354,1
method_4315,parameter_6355,1
method_4315,parameter_6356,2
method_4316,parameter_6358,2
method_4317,parameter_6359,1
method_4317,parameter_6360,2
method_4317,parameter_6361,3
method_4317,parameter_6362,4
method_4318,parameter_6363,1
method_4318,parameter_6364,2
method_4319,parameter_6365,1
method_4319,parameter_6366,2
method_4319,parameter_6367,3
method_4320,parameter_6368,1
method_4320,parameter_6369,2
method_4320,parameter_6370,3
method_4320,parameter_6371,4
method_4320,parameter_6372,5
method_4320,parameter_6373,6
method_4321,parameter_6374,1
method_4321,parameter_6375,2
method_4321,parameter_6376,3
method_4321,parameter_6377,4
method_4321,parameter_6378,5
method_4322,parameter_6379,1
method_4322,parameter_6380,2
method_4322,parameter_6381,3
method_4322,parameter_6382,4
method_4322,parameter_6383,5
method_4322,parameter_6384,6
method_4323,parameter_6385,1
method_4324,parameter_6386,1
method_4325,parameter_6387,1
method_4327,parameter_6388,1
method_4328,parameter_6389,1
method_4331,parameter_6390,1
method_4337,parameter_6391,1
method_4338,parameter_6392,1
method_4339,parameter_6393,1
method_4340,parameter_6394,1
method_4341,parameter_6395,1
method_4342,parameter_6396,1
method_4343,parameter_6398,1
method_4346,parameter_6399,1
method_4347,parameter_6400,1
method_4348,parameter_6401,1
method_4349,parameter_6402,1
method_4353,parameter_6403,1
method_4368,parameter_6404,1
method_4369,parameter_6405,1
method_4370,parameter_6406,1
method_4371,parameter_6407,1
method_4378,parameter_6408,1
method_4379,parameter_6409,1
method_4387,parameter_6410,1
method_4388,parameter_6411,1
method_4388,parameter_6412,2
method_4388,parameter_6413,3
method_4390,parameter_6414,1
method_4390,parameter_6415,2
method_4390,parameter_6416,3
method_4391,parameter_6417,1
method_4392,parameter_6418,1
method_4393,parameter_6419,1
method_4393,parameter_6420,2
method_4394,parameter_6421,1
method_4394,parameter_6422,2
method_4395,parameter_6423,1
method_4396,parameter_6424,1
method_4397,parameter_6425,1
method_4397,parameter_6426,2
method_4398,parameter_6427,1
method_4399,parameter_6428,1
method_4400,parameter_6429,1
method_4402,parameter_6430,1
method_4404,parameter_6431,1
method_4405,parameter_6432,1
method_4408,parameter_6433,1
method_4409,parameter_6434,1
method_4410,parameter_6435,1
method_4411,parameter_6436,1
method_4412,parameter_6437,1
method_4414,parameter_6438,1
method_4415,parameter_6439,1
method_4419,parameter_6440,1
method_4420,parameter_6441,1
method_4421,parameter_6442,1
method_4421,parameter_6443,2
method_4422,parameter_6444,1
method_4426,parameter_6445,1
method_4429,parameter_6446,1
method_4430,parameter_6447,1
method_4434,parameter_6448,1
method_4435,parameter_6449,1
method_4435,parameter_6450,2
method_4437,parameter_6451,1
method_4437,parameter_6452,2
method_4437,parameter_6453,3
method_4437,parameter_6454,4
method_4437,parameter_6455,5
method_4437,parameter_6456,6
method_4437,parameter_6457,7
method_4437,parameter_6458,8
method_4437,parameter_6459,9
method_4437,parameter_6460,10
method_4437,parameter_6461,11
method_4437,parameter_6462,12
method_4437,parameter_6463,13
method_4437,parameter_6464,14
method_4437,parameter_6465,15
method_4437,parameter_6466,16
method_4437,parameter_6467,17
method_4437,parameter_6468,18
method_4437,parameter_6469,19
method_4437,parameter_6470,20
method_4437,parameter_6471,21
method_4437,parameter_6472,22
method_4437,parameter_6473,23
method_4437,parameter_6474,24
method_4437,parameter_6475,25
method_4437,parameter_6476,26
method_4437,parameter_6477,27
method_4437,parameter_6478,28
method_4437,parameter_6479,29
method_4437,parameter_6480,30
method_4437,parameter_6481,31
method_4437,parameter_6482,32
method_4437,parameter_6483,33
method_4437,parameter_6484,34
method_4437,parameter_6485,35
method_4438,parameter_6486,1
method_4439,parameter_6487,1
method_4440,parameter_6488,1
method_4441,parameter_6489,1
method_4441,parameter_6490,2
method_4441,parameter_6491,3
method_4442,parameter_6492,1
method_4442,parameter_6493,2
method_4442,parameter_6494,3
method_4443,parameter_6495,1
method_4443,parameter_6496,2
method_4444,parameter_6497,1
method_4445,parameter_6498,1
method_4446,parameter_6499,1
method_4447,parameter_6500,1
method_4449,parameter_6501,1
method_4451,parameter_6502,1
method_4451,parameter_6503,2
method_4452,parameter_6504,1
method_4452,parameter_6505,2
method_4454,parameter_6506,1
method_4455,parameter_6507,1
method_4456,parameter_6508,1
method_4457,parameter_6509,1
method_4470,parameter_6510,1
method_4471,parameter_6511,1
method_4472,parameter_6512,1
method_4473,parameter_6513,1
method_4476,parameter_6514,1
method_4477,parameter_6515,1
method_4477,parameter_6516,2
method_4479,parameter_6517,1
method_4479,parameter_6518,2
method_4482,parameter_6519,1
method_4482,parameter_6520,2
method_4482,parameter_6521,3
method_4482,parameter_6522,4
method_4483,parameter_6523,1
method_4485,parameter_6525,1
method_4485,parameter_6526,2
method_4486,parameter_6527,1
method_4486,parameter_6528,2
method_4487,parameter_6529,1
method_4487,parameter_6530,2
method_4488,parameter_6531,1
method_4489,parameter_6532,1
method_4489,parameter_6533,2
method_4489,parameter_6534,3
method_4490,parameter_6535,1
method_4491,parameter_6536,1
method_4491,parameter_6537,2
method_4492,parameter_6538,1
method_4492,parameter_6539,2
method_4492,parameter_6540,3
method_4494,parameter_6541,1
method_4503,parameter_6542,1
method_4503,parameter_6543,2
method_4503,parameter_6544,3
method_4504,parameter_6545,1
method_4504,parameter_6546,2
method_4504,parameter_6547,3
method_4505,parameter_6548,1
method_4506,parameter_6549,1
method_4507,parameter_6550,1
method_4507,parameter_6551,2
method_4508,parameter_6552,1
method_4509,parameter_6553,1
method_4509,parameter_6554,2
method_4510,parameter_6555,1
method_4510,parameter_6556,2
method_4511,parameter_6557,1
method_4511,parameter_6558,2
method_4512,parameter_6559,1
method_4512,parameter_6560,2
method_4516,parameter_6564,1
method_4517,parameter_6565,1
method_4517,parameter_6566,2
method_4517,parameter_6567,3
method_4517,parameter_6568,4
method_4517,parameter_6569,5
method_4518,parameter_6570,1
method_4518,parameter_6571,2
method_4519,parameter_6572,1
method_4520,parameter_6573,1
method_4521,parameter_6574,1
method_4521,parameter_6575,2
method_4521,parameter_6576,3
method_4523,parameter_6577,1
method_4523,parameter_6578,2
method_4523,parameter_6579,3
method_4523,parameter_6580,4
method_4523,parameter_6581,5
method_4523,parameter_6582,6
method_4524,parameter_6583,1
method_4524,parameter_6584,2
method_4524,parameter_6585,3
method_4524,parameter_6586,4
method_4525,parameter_6587,1
method_4525,parameter_6588,2
method_4526,parameter_6589,1
method_4526,parameter_6590,2
method_4526,parameter_6591,3
method_4526,parameter_6592,4
method_4530,parameter_6593,1
method_4531,parameter_6594,1
method_4531,parameter_6595,2
method_4535,parameter_6596,1
method_4536,parameter_6597,1
method_4538,parameter_6598,1
method_4539,parameter_6599,1
method_4543,parameter_6600,1
method_4546,parameter_6601,1
method_4547,parameter_6602,1
method_4549,parameter_6603,1
method_4552,parameter_6604,1
method_4552,parameter_6605,2
method_4553,parameter_6606,1
method_4553,parameter_6607,2
method_4554,parameter_6608,1
method_4554,parameter_6609,2
method_4555,parameter_6610,1
method_4555,parameter_6611,2
method_4556,parameter_6612,1
method_4556,parameter_6613,2
method_4557,parameter_6614,1
method_4557,parameter_6615,2
method_4558,parameter_6616,1
method_4558,parameter_6617,2
method_4559,parameter_6618,1
method_4559,parameter_6619,2
method_4560,parameter_6620,1
method_4560,parameter_6621,2
method_4563,parameter_6622,1
method_4564,parameter_6623,1
method_4564,parameter_6624,2
method_4565,parameter_6625,1
method_4566,parameter_6626,1
method_4567,parameter_6627,1
method_4569,parameter_6628,1
method_4569,parameter_6629,2
method_4570,parameter_6630,1
method_4571,parameter_6631,1
method_4573,parameter_6633,1
method_4574,parameter_6634,1
method_4575,parameter_6635,1
method_4576,parameter_6636,1
method_4577,parameter_6637,1
method_4578,parameter_6638,1
method_4579,parameter_6639,1
method_4580,parameter_6640,1
method_4581,parameter_6641,1
method_4582,parameter_6642,1
method_4583,parameter_6643,1
method_4583,parameter_6644,2
method_4584,parameter_6645,1
method_4585,parameter_6646,1
method_4586,parameter_6647,1
method_4587,parameter_6648,1
method_4588,parameter_6649,1
method_4589,parameter_6650,1
method_4590,parameter_6651,1
method_4591,parameter_6652,1
method_4592,parameter_6653,1
method_4593,parameter_6654,1
method_4595,parameter_6655,1
method_4596,parameter_6656,1
method_4598,parameter_6657,1
method_4599,parameter_6658,1
method_4600,parameter_6659,1
method_4601,parameter_6660,1
method_4603,parameter_6661,1
method_4604,parameter_6662,1
method_4605,parameter_6663,1
method_4606,parameter_6664,1
method_4609,parameter_6665,1
method_4611,parameter_6666,1
method_4612,parameter_6667,1
method_4613,parameter_6668,1
method_4613,parameter_6669,2
method_4614,parameter_6670,1
method_4614,parameter_6671,2
method_4614,parameter_6672,3
method_4616,parameter_6673,1
method_4616,parameter_6674,2
method_4617,parameter_6675,1
method_4617,parameter_6676,2
method_4618,parameter_6677,1
method_4618,parameter_6678,2
method_4623,parameter_6679,1
method_4624,parameter_6680,1
method_4625,parameter_6682,1
method_4626,parameter_6683,1
method_4628,parameter_6684,1
method_4630,parameter_6685,1
method_4631,parameter_6686,1
method_4631,parameter_6687,2
method_4632,parameter_6688,1
method_4632,parameter_6689,2
method_4632,parameter_6690,3
method_4638,parameter_6692,1
method_4640,parameter_6693,1
method_4640,parameter_6694,2
method_4642,parameter_6698,1
method_4644,parameter_6699,1
method_4645,parameter_6700,1
method_4646,parameter_6701,1
method_4647,parameter_6702,1
method_4647,parameter_6703,2
method_4649,parameter_6704,1
method_4651,parameter_6705,1
method_4651,parameter_6706,2
method_4652,parameter_6707,1
method_4652,parameter_6708,2
method_4653,parameter_6709,1
method_4653,parameter_6710,2
method_4654,parameter_6711,1
method_4655,parameter_6712,1
method_4656,parameter_6713,1
method_4657,parameter_6714,1
method_4658,parameter_6715,1
method_4659,parameter_6716,1
method_4660,parameter_6717,1
method_4661,parameter_6718,1
method_4662,parameter_6719,1
method_4663,parameter_6720,1
method_4663,parameter_6721,2
method_4665,parameter_6722,1
method_4666,parameter_6723,1
method_4667,parameter_6724,1
method_4669,parameter_6725,1
method_4670,parameter_6726,1
method_4671,parameter_6727,1
method_4672,parameter_6728,1
method_4673,parameter_6729,1
method_4675,parameter_6730,1
method_4676,parameter_6731,1
method_4677,parameter_6732,1
method_4678,parameter_6733,1
method_4678,parameter_6734,2
method_4678,parameter_6735,3
method_4678,parameter_6736,4
method_4678,parameter_6737,5
method_4678,parameter_6738,6
method_4678,parameter_6739,7
method_4678,parameter_6740,8
method_4680,parameter_6741,1
method_4681,parameter_6742,1
method_4682,parameter_6743,1
method_4683,parameter_6744,1
method_4684,parameter_6745,1
method_4685,parameter_6746,1
method_4688,parameter_6747,1
method_4689,parameter_6748,1
method_4691,parameter_6749,1
method_4692,parameter_6750,1
method_4693,parameter_6751,1
method_4694,parameter_6752,1
method_4695,parameter_6753,1
method_4697,parameter_6754,1
method_4698,parameter_6755,1
method_4699,parameter_6756,1
method_4700,parameter_6757,1
method_4701,parameter_6758,1
method_4702,parameter_6759,1
method_4703,parameter_6760,1
method_4704,parameter_6761,1
method_4704,parameter_6762,2
method_4705,parameter_6763,1
method_4705,parameter_6764,2
method_4706,parameter_6765,1
method_4706,parameter_6766,2
method_4707,parameter_6767,1
method_4707,parameter_6768,2
method_4708,parameter_6769,1
method_4708,parameter_6770,2
method_4710,parameter_6771,1
method_4710,parameter_6772,2
method_4710,parameter_6773,3
method_4710,parameter_6774,4
method_4711,parameter_6775,1
method_4711,parameter_6776,2
method_4712,parameter_6777,1
method_4713,parameter_6778,1
method_4714,parameter_6779,1
method_4715,parameter_6780,1
method_4716,parameter_6781,1
method_4717,parameter_6782,1
method_4717,parameter_6783,2
method_4719,parameter_6784,1
method_4719,parameter_6785,2
method_4721,parameter_6786,1
method_4722,parameter_6787,1
method_4725,parameter_6788,1
method_4728,parameter_6789,1
method_4729,parameter_6790,1
method_4732,parameter_6791,1
method_4733,parameter_6792,1
method_4733,parameter_6793,2
method_4734,parameter_6794,1
method_4735,parameter_6795,1
method_4735,parameter_6796,2
method_4736,parameter_6797,1
method_4739,parameter_6798,1
method_4740,parameter_6799,1
method_4740,parameter_6800,2
method_4741,parameter_6801,1
method_4742,parameter_6802,1
method_4742,parameter_6803,2
method_4743,parameter_6804,1
method_4743,parameter_6805,2
method_4744,parameter_6806,1
method_4744,parameter_6807,2
method_4745,parameter_6808,1
method_4746,parameter_6809,1
method_4746,parameter_6810,2
method_4749,parameter_6811,1
method_4751,parameter_6812,1
method_4752,parameter_6813,1
method_4752,parameter_6814,2
method_4753,parameter_6815,1
method_4754,parameter_6816,1
method_4755,parameter_6817,1
method_4755,parameter_6818,2
method_4756,parameter_6819,1
method_4757,parameter_6820,1
method_4758,parameter_6821,1
method_4759,parameter_6822,1
method_4760,parameter_6823,1
method_4761,parameter_6824,1
method_4762,parameter_6825,1
method_4762,parameter_6826,2
method_4763,parameter_6827,1
method_4764,parameter_6828,1
method_4766,parameter_6829,1
method_4771,parameter_6830,1
method_4772,parameter_6831,1
method_4772,parameter_6832,2
method_4774,parameter_6833,1
method_4775,parameter_6834,1
method_4776,parameter_6835,1
method_4778,parameter_6836,1
method_4779,parameter_6837,1
method_4787,parameter_6838,1
method_4793,parameter_6839,1
method_4794,parameter_6840,1
method_4794,parameter_6841,2
method_4794,parameter_6842,3
method_4795,parameter_6843,1
method_4795,parameter_6844,2
method_4795,parameter_6845,3
method_4800,parameter_6846,1
method_4800,parameter_6847,2
method_4803,parameter_6848,1
method_4804,parameter_6849,1
method_4804,parameter_6850,2
method_4804,parameter_6851,3
method_4806,parameter_6853,1
method_4807,parameter_6854,1
method_4808,parameter_6855,1
method_4809,parameter_6856,1
method_4810,parameter_6857,1
method_4811,parameter_6858,1
method_4812,parameter_6859,1
method_4813,parameter_6860,1
method_4814,parameter_6861,1
method_4816,parameter_6862,1
method_4817,parameter_6863,1
method_4818,parameter_6864,1
method_4819,parameter_6865,1
method_4820,parameter_6866,1
method_4821,parameter_6867,1
method_4822,parameter_6868,1
method_4823,parameter_6869,1
method_4823,parameter_6870,2
method_4824,parameter_6872,1
method_4824,parameter_6873,2
method_4825,parameter_6874,1
method_4825,parameter_6875,2
method_4827,parameter_6876,1
method_4831,parameter_6877,1
method_4831,parameter_6878,2
method_4831,parameter_6879,3
method_4832,parameter_6880,1
method_4832,parameter_6881,2
method_4832,parameter_6882,3
method_4833,parameter_6883,1
method_4833,parameter_6884,2
method_4833,parameter_6885,3
method_4833,parameter_6886,4
method_4833,parameter_6887,5
method_4833,parameter_6888,6
method_4833,parameter_6889,7
method_4833,parameter_6890,8
method_4833,parameter_6891,9
method_4839,parameter_6892,1
method_4844,parameter_6893,1
method_4844,parameter_6894,2
method_4845,parameter_6895,1
method_4845,parameter_6896,2
method_4845,parameter_6897,3
method_4849,parameter_6899,1
method_4850,parameter_6900,1
method_4851,parameter_6901,1
method_4852,parameter_6902,1
method_4854,parameter_6903,1
method_4856,parameter_6904,1
method_4856,parameter_6905,2
method_4857,parameter_6906,1
method_4865,parameter_6907,1
method_4865,parameter_6908,2
method_4866,parameter_6909,1
method_4866,parameter_6910,2
method_4867,parameter_6911,1
method_4867,parameter_6913,3
method_4868,parameter_6914,1
method_4868,parameter_6915,2
method_4869,parameter_6916,1
method_4870,parameter_6917,1
method_4870,parameter_6918,2
method_4870,parameter_6919,3
method_4871,parameter_6920,1
method_4871,parameter_6921,2
method_4872,parameter_6922,1
method_4872,parameter_6923,2
method_4872,parameter_6924,3
method_4873,parameter_6925,1
method_4873,parameter_6926,2
method_4874,parameter_6927,1
method_4881,parameter_6928,1
method_4882,parameter_6929,1
method_4883,parameter_6930,1
method_4884,parameter_6931,1
method_4885,parameter_6932,1
method_4886,parameter_6933,1
method_4887,parameter_6934,1
method_4888,parameter_6935,1
method_4888,parameter_6936,2
method_4889,parameter_6938,1
method_4892,parameter_6939,1
method_4893,parameter_6940,1
method_4894,parameter_6941,1
method_4895,parameter_6942,1
method_4896,parameter_6943,1
method_4896,parameter_6944,2
method_4896,parameter_6945,3
method_4897,parameter_6946,1
method_4898,parameter_6947,1
method_4899,parameter_6948,1
method_4900,parameter_6949,1
method_4901,parameter_6950,1
method_4902,parameter_6951,1
method_4903,parameter_6952,1
method_4905,parameter_6953,1
method_4906,parameter_6954,1
method_4906,parameter_6955,2
method_4906,parameter_6956,3
method_4906,parameter_6957,4
method_4907,parameter_6958,1
method_4908,parameter_6959,1
method_4910,parameter_6960,1
method_4911,parameter_6961,1
method_4912,parameter_6962,1
method_4913,parameter_6963,1
method_4915,parameter_6964,1
method_4915,parameter_6965,2
method_4919,parameter_6966,1
method_4920,parameter_6967,1
method_4922,parameter_6968,1
method_4923,parameter_6969,1
method_4923,parameter_6970,2
method_4924,parameter_6971,1
method_4924,parameter_6972,2
method_4925,parameter_6973,1
method_4925,parameter_6974,2
method_4925,parameter_6975,3
method_4926,parameter_6976,1
method_4926,parameter_6977,2
method_4926,parameter_6978,3
method_4926,parameter_6979,4
method_4927,parameter_6980,1
method_4933,parameter_6981,1
method_4933,parameter_6982,2
method_4934,parameter_6983,1
method_4935,parameter_6984,1
method_4938,parameter_6985,1
method_4938,parameter_6986,2
method_4939,parameter_6987,1
method_4940,parameter_6988,1
method_4940,parameter_6989,2
method_4941,parameter_6990,1
method_4941,parameter_6991,2
method_4941,parameter_6992,3
method_4941,parameter_6993,4
method_4941,parameter_6994,5
method_4941,parameter_6995,6
method_4943,parameter_6999,1
method_4944,parameter_7000,1
method_4945,parameter_7001,1
method_4948,parameter_7002,1
method_4949,parameter_7003,1
method_4950,parameter_7004,1
method_4951,parameter_7005,1
method_4952,parameter_7006,1
method_4952,parameter_7007,2
method_4953,parameter_7008,1
method_4953,parameter_7009,2
method_4953,parameter_7010,3
method_4954,parameter_7011,1
method_4954,parameter_7012,2
method_4954,parameter_7013,3
method_4955,parameter_7014,1
method_4955,parameter_7015,2
method_4955,parameter_7016,3
method_4955,parameter_7017,4
method_4955,parameter_7018,5
method_4955,parameter_7019,6
method_4956,parameter_7020,1
method_4956,parameter_7021,2
method_4956,parameter_7022,3
method_4956,parameter_7023,4
method_4956,parameter_7024,5
method_4957,parameter_7025,1
method_4957,parameter_7026,2
method_4958,parameter_7027,1
method_4958,parameter_7028,2
method_4958,parameter_7029,3
method_4959,parameter_7030,1
method_4959,parameter_7031,2
method_4960,parameter_7032,1
method_4960,parameter_7033,2
method_4960,parameter_7034,3
method_4961,parameter_7035,1
method_4961,parameter_7036,2
method_4962,parameter_7037,1
method_4962,parameter_7038,2
method_4962,parameter_7039,3
method_4962,parameter_7040,4
method_4963,parameter_7041,1
method_4963,parameter_7042,2
method_4963,parameter_7043,3
method_4963,parameter_7044,4
method_4964,parameter_7045,1
method_4964,parameter_7046,2
method_4965,parameter_7047,1
method_4965,parameter_7048,2
method_4965,parameter_7049,3
method_4966,parameter_7050,1
method_4966,parameter_7051,2
method_4966,parameter_7052,3
method_4966,parameter_7053,4
method_4966,parameter_7054,5
method_4966,parameter_7055,6
method_4967,parameter_7056,1
method_4967,parameter_7057,2
method_4967,parameter_7058,3
method_4968,parameter_7059,1
method_4970,parameter_7061,1
method_4971,parameter_7062,1
method_4971,parameter_7063,2
method_4972,parameter_7064,1
method_4972,parameter_7065,2
method_4974,parameter_7067,1
method_4974,parameter_7068,2
method_4975,parameter_7069,1
method_4978,parameter_7071,1
method_4982,parameter_7072,1
method_4982,parameter_7073,2
method_4984,parameter_7074,1
method_4985,parameter_7075,1
method_4986,parameter_7076,1
method_4987,parameter_7077,1
method_4988,parameter_7078,1
method_4989,parameter_7079,1
method_4990,parameter_7080,1
method_4991,parameter_7081,1
method_4992,parameter_7082,1
method_4993,parameter_7083,1
method_4994,parameter_7084,1
method_4994,parameter_7085,2
method_4995,parameter_7087,1
method_4996,parameter_7088,1
method_4997,parameter_7089,1
method_4998,parameter_7090,1
method_4999,parameter_7091,1
method_5000,parameter_7092,1
method_5001,parameter_7093,1
method_5002,parameter_7094,1
method_5003,parameter_7095,1
method_5004,parameter_7096,1
method_5005,parameter_7097,1
method_5005,parameter_7098,2
method_5006,parameter_7099,1
method_5007,parameter_7100,1
method_5008,parameter_7101,1
method_5010,parameter_7102,1
method_5011,parameter_7103,1
method_5013,parameter_7104,1
method_5013,parameter_7105,2
method_5014,parameter_7106,1
method_5017,parameter_7107,1
method_5018,parameter_7108,1
method_5019,parameter_7109,1
method_5022,parameter_7110,1
method_5022,parameter_7111,2
method_5023,parameter_7112,1
method_5024,parameter_7113,1
method_5025,parameter_7114,1
method_5026,parameter_7115,1
method_5027,parameter_7116,1
method_5028,parameter_7117,1
method_5029,parameter_7118,1
method_5030,parameter_7119,1
method_5031,parameter_7120,1
method_5032,parameter_7121,1
method_5033,parameter_7122,1
method_5034,parameter_7123,1
method_5035,parameter_7124,1
method_5036,parameter_7125,1
method_5037,parameter_7126,1
method_5038,parameter_7127,1
method_5039,parameter_7128,1
method_5040,parameter_7129,1
method_5041,parameter_7130,1
method_5042,parameter_7131,1
method_5043,parameter_7132,1
method_5043,parameter_7133,2
method_5043,parameter_7134,3
method_5044,parameter_7135,1
method_5044,parameter_7136,2
method_5045,parameter_7137,1
method_5045,parameter_7138,2
method_5046,parameter_7139,1
method_5046,parameter_7140,2
method_5048,parameter_7141,1
method_5049,parameter_7142,1
method_5050,parameter_7143,1
method_5050,parameter_7144,2
method_5050,parameter_7145,3
method_5050,parameter_7146,4
method_5050,parameter_7147,5
method_5051,parameter_7148,1
method_5051,parameter_7149,2
method_5051,parameter_7150,3
method_5051,parameter_7151,4
method_5051,parameter_7152,5
method_5052,parameter_7153,1
method_5052,parameter_7154,2
method_5052,parameter_7155,3
method_5053,parameter_7156,1
method_5053,parameter_7157,2
method_5054,parameter_7158,1
method_5054,parameter_7159,2
method_5054,parameter_7160,3
method_5055,parameter_7161,1
method_5056,parameter_7162,1
method_5057,parameter_7163,1
method_5057,parameter_7164,2
method_5057,parameter_7165,3
method_5057,parameter_7166,4
method_5058,parameter_7167,1
method_5058,parameter_7168,2
method_5058,parameter_7169,3
method_5058,parameter_7170,4
method_5058,parameter_7171,5
method_5059,parameter_7172,1
method_5059,parameter_7173,2
method_5059,parameter_7174,3
method_5059,parameter_7175,4
method_5059,parameter_7176,5
method_5060,parameter_7177,1
method_5060,parameter_7178,2
method_5060,parameter_7179,3
method_5061,parameter_7180,1
method_5063,parameter_7181,1
method_5064,parameter_7182,1
method_5065,parameter_7183,1
method_5065,parameter_7184,2
method_5065,parameter_7185,3
method_5067,parameter_7186,1
method_5068,parameter_7187,1
method_5069,parameter_7188,1
method_5070,parameter_7189,1
method_5071,parameter_7190,1
method_5071,parameter_7191,2
method_5071,parameter_7192,3
method_5074,parameter_7193,1
method_5074,parameter_7194,2
method_5074,parameter_7195,3
method_5074,parameter_7196,4
method_5075,parameter_7197,1
method_5075,parameter_7198,2
method_5075,parameter_7199,3
method_5075,parameter_7200,4
method_5076,parameter_7201,1
method_5076,parameter_7202,2
method_5076,parameter_7203,3
method_5076,parameter_7204,4
method_5077,parameter_7205,1
method_5077,parameter_7206,2
method_5077,parameter_7207,3
method_5077,parameter_7208,4
method_5078,parameter_7209,1
method_5078,parameter_7210,2
method_5078,parameter_7211,3
method_5078,parameter_7212,4
method_5078,parameter_7213,5
method_5079,parameter_7214,1
method_5079,parameter_7215,2
method_5080,parameter_7216,1
method_5082,parameter_7217,1
method_5083,parameter_7218,1
method_5084,parameter_7219,1
method_5085,parameter_7220,1
method_5086,parameter_7221,1
method_5087,parameter_7222,1
method_5088,parameter_7223,1
method_5089,parameter_7224,1
method_5090,parameter_7225,1
method_5091,parameter_7226,1
method_5092,parameter_7227,1
method_5093,parameter_7228,1
method_5094,parameter_7229,1
method_5095,parameter_7230,1
method_5096,parameter_7231,1
method_5099,parameter_7232,1
method_5100,parameter_7233,1
method_5101,parameter_7234,1
method_5102,parameter_7235,1
method_5103,parameter_7236,1
method_5104,parameter_7237,1
method_5104,parameter_7238,2
method_5105,parameter_7239,1
method_5109,parameter_7240,1
method_5109,parameter_7241,2
method_5111,parameter_7242,1
method_5112,parameter_7243,1
method_5113,parameter_7244,1
method_5114,parameter_7245,1
method_5115,parameter_7246,1
method_5116,parameter_7247,1
method_5117,parameter_7248,1
method_5118,parameter_7249,1
method_5119,parameter_7250,1
method_5120,parameter_7251,1
method_5121,parameter_7252,1
method_5122,parameter_7253,1
method_5170,parameter_7254,1
method_5172,parameter_7255,1
method_5173,parameter_7256,1
method_5174,parameter_7257,1
method_5176,parameter_7258,1
method_5177,parameter_7259,1
method_5179,parameter_7260,1
method_5180,parameter_7261,1
method_5181,parameter_7262,1
method_5182,parameter_7263,1
method_5183,parameter_7264,1
method_5185,parameter_7265,1
method_5186,parameter_7266,1
method_5186,parameter_7267,2
method_5187,parameter_7268,1
method_5187,parameter_7269,2
method_5187,parameter_7270,3
method_5188,parameter_7271,1
method_5189,parameter_7272,1
method_5190,parameter_7273,1
method_5190,parameter_7274,2
method_5191,parameter_7275,1
method_5191,parameter_7276,2
method_5192,parameter_7277,1
method_5192,parameter_7278,2
method_5192,parameter_7279,3
method_5193,parameter_7280,1
method_5196,parameter_7281,1
method_5197,parameter_7282,1
method_5197,parameter_7283,2
method_5198,parameter_7284,1
method_5199,parameter_7285,1
method_5200,parameter_7286,1
method_5206,parameter_7288,1
method_5207,parameter_7289,1
method_5207,parameter_7290,2
method_5211,parameter_7291,1
method_5212,parameter_7292,1
method_5215,parameter_7293,1
method_5218,parameter_7294,1
method_5219,parameter_7295,1
method_5220,parameter_7296,1
method_5221,parameter_7297,1
method_5222,parameter_7298,1
method_5224,parameter_7299,1
method_5225,parameter_7300,1
method_5227,parameter_7301,1
method_5228,parameter_7302,1
method_5229,parameter_7303,1
method_5231,parameter_7304,1
method_5233,parameter_7305,1
method_5234,parameter_7306,1
method_5235,parameter_7307,1
method_5237,parameter_7308,1
method_5237,parameter_7309,2
method_5239,parameter_7310,1
method_5239,parameter_7311,2
method_5239,parameter_7312,3
method_5239,parameter_7313,4
method_5240,parameter_7314,1
method_5240,parameter_7315,2
method_5240,parameter_7316,3
method_5240,parameter_7317,4
method_5241,parameter_7318,1
method_5243,parameter_7319,1
method_5244,parameter_7320,1
method_5245,parameter_7321,1
method_5247,parameter_7322,1
method_5247,parameter_7323,2
method_5247,parameter_7324,3
method_5248,parameter_7325,1
method_5248,parameter_7326,2
method_5248,parameter_7327,3
method_5249,parameter_7328,1
method_5250,parameter_7329,1
method_5250,parameter_7330,2
method_5251,parameter_7331,1
method_5252,parameter_7332,1
method_5253,parameter_7333,1
method_5253,parameter_7334,2
method_5253,parameter_7335,3
method_5253,parameter_7336,4
method_5254,parameter_7337,1
method_5255,parameter_7338,1
method_5260,parameter_7340,1
method_5264,parameter_7341,1
method_5264,parameter_7342,2
method_5265,parameter_7343,1
method_5266,parameter_7344,1
method_5267,parameter_7345,1
method_5268,parameter_7346,1
method_5269,parameter_7347,1
method_5269,parameter_7348,2
method_5270,parameter_7349,1
method_5272,parameter_7351,1
method_5272,parameter_7352,2
method_5273,parameter_7353,1
method_5273,parameter_7354,2
method_5274,parameter_7355,1
method_5274,parameter_7356,2
method_5275,parameter_7357,1
method_5276,parameter_7358,1
method_5277,parameter_7359,1
method_5278,parameter_7360,1
method_5279,parameter_7362,1
method_5280,parameter_7364,1
method_5280,parameter_7365,2
method_5281,parameter_7366,1
method_5281,parameter_7367,2
method_5282,parameter_7368,1
method_5282,parameter_7369,2
method_5283,parameter_7370,1
method_5283,parameter_7371,2
method_5284,parameter_7372,1
method_5285,parameter_7373,1
method_5286,parameter_7374,1
method_5287,parameter_7375,1
method_5288,parameter_7376,1
method_5289,parameter_7377,1
method_5290,parameter_7378,1
method_5291,parameter_7379,1
method_5293,parameter_7380,1
method_5294,parameter_7381,1
method_5294,parameter_7382,2
method_5294,parameter_7383,3
method_5296,parameter_7384,1
method_5298,parameter_7385,1
method_5298,parameter_7386,2
method_5298,parameter_7387,3
method_5299,parameter_7388,1
method_5301,parameter_7389,1
method_5302,parameter_7390,1
method_5303,parameter_7391,1
method_5303,parameter_7392,2
method_5304,parameter_7393,1
method_5304,parameter_7394,2
method_5305,parameter_7395,1
method_5305,parameter_7396,2
method_5306,parameter_7397,1
method_5307,parameter_7398,1
method_5307,parameter_7399,2
method_5307,parameter_7400,3
method_5307,parameter_7401,4
method_5307,parameter_7402,5
method_5307,parameter_7403,6
method_5307,parameter_7404,7
method_5307,parameter_7405,8
method_5308,parameter_7406,1
method_5308,parameter_7407,2
method_5308,parameter_7408,3
method_5308,parameter_7409,4
method_5308,parameter_7410,5
method_5308,parameter_7411,6
method_5308,parameter_7412,7
method_5308,parameter_7413,8
method_5309,parameter_7414,1
method_5309,parameter_7415,2
method_5309,parameter_7416,3
method_5309,parameter_7417,4
method_5310,parameter_7418,1
method_5312,parameter_7419,1
method_5313,parameter_7420,1
method_5313,parameter_7421,2
method_5313,parameter_7422,3
method_5313,parameter_7423,4
method_5314,parameter_7424,1
method_5314,parameter_7425,2
method_5315,parameter_7426,1
method_5317,parameter_7427,1
method_5320,parameter_7428,1
method_5321,parameter_7429,1
method_5322,parameter_7430,1
method_5323,parameter_7431,1
method_5323,parameter_7432,2
method_5324,parameter_7433,1
method_5325,parameter_7434,1
method_5325,parameter_7435,2
method_5325,parameter_7436,3
method_5326,parameter_7437,1
method_5326,parameter_7438,2
method_5327,parameter_7439,1
method_5332,parameter_7440,1
method_5332,parameter_7441,2
method_5332,parameter_7442,3
method_5332,parameter_7443,4
method_5332,parameter_7444,5
method_5332,parameter_7445,6
method_5332,parameter_7446,7
method_5337,parameter_7447,1
method_5338,parameter_7448,1
method_5338,parameter_7449,2
method_5338,parameter_7450,3
method_5339,parameter_7451,1
method_5340,parameter_7452,1
method_5341,parameter_7453,1
method_5342,parameter_7454,1
method_5343,parameter_7455,1
method_5344,parameter_7456,1
method_5345,parameter_7457,1
method_5346,parameter_7458,1
method_5347,parameter_7459,1
method_5348,parameter_7460,1
method_5349,parameter_7461,1
method_5349,parameter_7462,2
method_5349,parameter_7463,3
method_5349,parameter_7464,4
method_5349,parameter_7465,5
method_5350,parameter_7466,1
method_5351,parameter_7467,1
method_5352,parameter_7468,1
method_5353,parameter_7469,1
method_5354,parameter_7470,1
method_5354,parameter_7471,2
method_5355,parameter_7472,1
method_5355,parameter_7473,2
method_5356,parameter_7474,1
method_5358,parameter_7475,1
method_5359,parameter_7476,1
method_5360,parameter_7477,1
method_5360,parameter_7478,2
method_5362,parameter_7479,1
method_5363,parameter_7480,1
method_5364,parameter_7481,1
method_5364,parameter_7482,2
method_5364,parameter_7483,3
method_5365,parameter_7484,1
method_5365,parameter_7485,2
method_5365,parameter_7486,3
method_5365,parameter_7487,4
method_5367,parameter_7488,1
method_5367,parameter_7489,2
method_5368,parameter_7490,1
method_5369,parameter_7491,1
method_5369,parameter_7492,2
method_5370,parameter_7493,1
method_5371,parameter_7494,1
method_5372,parameter_7495,1
method_5373,parameter_7496,1
method_5374,parameter_7497,1
method_5375,parameter_7498,1
method_5376,parameter_7499,1
method_5377,parameter_7500,1
method_5378,parameter_7501,1
method_5379,parameter_7502,1
method_5380,parameter_7503,1
method_5381,parameter_7504,1
method_5383,parameter_7505,1
method_5389,parameter_7506,1
method_5390,parameter_7507,1
method_5390,parameter_7508,2
method_5391,parameter_7509,1
method_5392,parameter_7510,1
method_5393,parameter_7511,1
method_5394,parameter_7512,1
method_5395,parameter_7513,1
method_5398,parameter_7514,1
method_5400,parameter_7515,1
method_5405,parameter_7516,1
method_5406,parameter_7517,1
method_5406,parameter_7518,2
method_5406,parameter_7519,3
method_5407,parameter_7520,1
method_5408,parameter_7521,1
method_5414,parameter_7522,1
method_5414,parameter_7523,2
method_5414,parameter_7524,3
method_5414,parameter_7525,4
method_5415,parameter_7526,1
method_5415,parameter_7527,2
method_5415,parameter_7528,3
method_5415,parameter_7529,4
method_5415,parameter_7530,5
method_5416,parameter_7531,1
method_5416,parameter_7532,2
method_5416,parameter_7533,3
method_5416,parameter_7534,4
method_5416,parameter_7535,5
method_5419,parameter_7538,1
method_5420,parameter_7539,1
method_5421,parameter_7540,1
method_5422,parameter_7541,1
method_5423,parameter_7542,1
method_5423,parameter_7543,2
method_5423,parameter_7544,3
method_5424,parameter_7545,1
method_5425,parameter_7546,1
method_5427,parameter_7547,1
method_5428,parameter_7548,1
method_5434,parameter_7549,1
method_5435,parameter_7550,1
method_5436,parameter_7551,1
method_5438,parameter_7552,1
method_5439,parameter_7553,1
method_5440,parameter_7554,1
method_5441,parameter_7555,1
method_5442,parameter_7556,1
method_5442,parameter_7557,2
method_5443,parameter_7558,1
method_5443,parameter_7559,2
method_5443,parameter_7560,3
method_5444,parameter_7561,1
method_5446,parameter_7562,1
method_5456,parameter_7563,1
method_5457,parameter_7564,1
method_5458,parameter_7565,1
method_5460,parameter_7566,1
method_5461,parameter_7567,1
method_5462,parameter_7568,1
method_5463,parameter_7569,1
method_5463,parameter_7570,2
method_5464,parameter_7571,1
method_5465,parameter_7572,1
method_5466,parameter_7573,1
method_5467,parameter_7574,1
method_5468,parameter_7575,1
method_5469,parameter_7576,1
method_5470,parameter_7577,1
method_5474,parameter_7580,1
method_5474,parameter_7581,2
method_5474,parameter_7582,3
method_5475,parameter_7583,1
method_5475,parameter_7584,2
method_5475,parameter_7585,3
method_5477,parameter_7586,1
method_5477,parameter_7587,2
method_5478,parameter_7588,1
method_5478,parameter_7589,2
method_5485,parameter_7592,1
method_5487,parameter_7593,1
method_5487,parameter_7594,2
method_5490,parameter_7595,1
method_5491,parameter_7596,1
method_5492,parameter_7597,1
method_5496,parameter_7599,1
method_5496,parameter_7600,2
method_5497,parameter_7601,1
method_5497,parameter_7602,2
method_5499,parameter_7603,1
method_5499,parameter_7604,2
method_5504,parameter_7605,1
method_5505,parameter_7607,1
method_5507,parameter_7608,1
method_5512,parameter_7609,1
method_5512,parameter_7610,2
method_5515,parameter_7611,1
method_5516,parameter_7612,1
method_5517,parameter_7613,1
method_5518,parameter_7614,1
method_5519,parameter_7615,1
method_5520,parameter_7616,1
method_5520,parameter_7617,2
method_5520,parameter_7618,3
method_5520,parameter_7619,4
method_5521,parameter_7620,1
method_5522,parameter_7621,1
method_5523,parameter_7622,1
method_5524,parameter_7623,1
method_5525,parameter_7624,1
method_5526,parameter_7625,1
method_5527,parameter_7626,1
method_5527,parameter_7627,2
method_5527,parameter_7628,3
method_5527,parameter_7629,4
method_5528,parameter_7630,1
method_5528,parameter_7631,2
method_5529,parameter_7632,1
method_5530,parameter_7633,1
method_5531,parameter_7634,1
method_5531,parameter_7635,2
method_5531,parameter_7636,3
method_5531,parameter_7637,4
method_5532,parameter_7638,1
method_5532,parameter_7639,2
method_5532,parameter_7640,3
method_5532,parameter_7641,4
method_5533,parameter_7642,1
method_5536,parameter_7643,1
method_5537,parameter_7644,1
method_5538,parameter_7645,1
method_5541,parameter_7646,1
method_5543,parameter_7647,1
method_5550,parameter_7649,1
method_5551,parameter_7650,1
method_5551,parameter_7651,2
method_5553,parameter_7652,1
method_5554,parameter_7653,1
method_5554,parameter_7655,3
method_5555,parameter_7656,1
method_5555,parameter_7658,3
method_5560,parameter_7659,1
method_5563,parameter_7660,1
method_5564,parameter_7661,1
method_5564,parameter_7662,2
method_5564,parameter_7663,3
method_5565,parameter_7664,1
method_5565,parameter_7665,2
method_5565,parameter_7666,3
method_5568,parameter_7667,1
method_5572,parameter_7668,1
method_5572,parameter_7669,2
method_5573,parameter_7670,1
method_5579,parameter_7671,1
method_5580,parameter_7672,1
method_5581,parameter_7673,1
method_5583,parameter_7674,1
method_5584,parameter_7675,1
method_5601,parameter_7676,1
method_5602,parameter_7677,1
method_5603,parameter_7678,1
method_5607,parameter_7679,1
method_5607,parameter_7680,2
method_5607,parameter_7681,3
method_5607,parameter_7682,4
method_5608,parameter_7683,1
method_5608,parameter_7684,2
method_5608,parameter_7685,3
method_5608,parameter_7686,4
method_5612,parameter_7687,1
method_5614,parameter_7688,1
method_5614,parameter_7689,2
method_5617,parameter_7692,1
method_5619,parameter_7693,1
method_5620,parameter_7694,1
method_5621,parameter_7695,1
method_5622,parameter_7696,1
method_5623,parameter_7697,1
method_5623,parameter_7698,2
method_5624,parameter_7699,1
method_5625,parameter_7700,1
method_5626,parameter_7701,1
method_5626,parameter_7702,2
method_5627,parameter_7703,1
method_5628,parameter_7704,1
method_5629,parameter_7705,1
method_5631,parameter_7706,1
