start_id,end_id
method_1,interface_291
method_2,interface_289
method_3,interface_645
method_4,interface_970
method_5,interface_985
method_6,interface_148
method_7,interface_227
method_8,interface_192
method_9,interface_261
method_10,interface_518
method_11,interface_251
method_12,interface_516
method_13,interface_807
method_14,interface_508
method_15,interface_289
method_16,interface_671
method_17,interface_255
method_18,interface_256
method_19,interface_985
method_20,interface_556
method_21,interface_652
method_22,interface_985
method_23,interface_671
method_24,interface_529
method_25,interface_504
method_26,interface_154
method_27,interface_506
method_28,interface_365
method_29,interface_25
method_30,interface_180
method_31,interface_625
method_32,interface_27
method_33,interface_41
method_34,interface_883
method_35,interface_759
method_36,interface_498
method_37,interface_853
method_38,interface_874
method_39,interface_269
method_40,interface_13
method_41,interface_226
method_42,interface_647
method_43,interface_582
method_44,interface_855
method_45,interface_992
method_46,interface_740
method_47,interface_229
method_48,interface_324
method_49,interface_203
method_50,interface_588
method_51,interface_51
method_52,interface_490
method_53,interface_635
method_54,interface_143
method_55,interface_876
method_56,interface_98
method_57,interface_379
method_58,interface_264
method_59,interface_524
method_60,interface_316
method_61,interface_86
method_62,interface_709
method_63,interface_258
method_64,interface_916
method_65,interface_254
method_66,interface_57
method_67,interface_252
method_68,interface_33
method_69,interface_591
method_70,interface_236
method_71,interface_517
method_72,interface_246
method_73,interface_260
method_74,interface_65
method_75,interface_93
method_76,interface_205
method_77,interface_595
method_78,interface_29
method_79,interface_728
method_80,interface_266
method_81,interface_23
method_82,interface_249
method_83,interface_2
method_84,interface_579
method_85,interface_59
method_86,interface_587
method_87,interface_77
method_88,interface_326
method_89,interface_243
method_90,interface_238
method_91,interface_732
method_92,interface_68
method_93,interface_544
method_94,interface_6
method_95,interface_726
method_96,interface_623
method_97,interface_80
method_98,interface_74
method_99,interface_243
method_100,interface_571
method_101,interface_571
method_102,interface_571
method_103,interface_571
method_104,interface_571
method_105,interface_571
method_106,interface_571
method_107,interface_573
method_108,interface_746
method_109,interface_731
method_110,interface_130
method_111,interface_838
method_112,interface_109
method_113,interface_324
method_114,interface_324
method_115,interface_131
method_116,interface_131
method_117,interface_131
method_118,interface_131
method_119,interface_131
method_120,interface_217
method_121,interface_48
method_122,interface_48
method_123,interface_48
method_124,interface_519
method_125,interface_194
method_126,interface_421
method_127,interface_418
method_128,interface_110
method_129,interface_824
method_130,interface_504
method_131,interface_740
method_132,interface_856
method_133,interface_553
method_134,interface_253
method_135,interface_585
method_136,interface_675
method_137,interface_675
method_138,interface_805
method_139,interface_700
method_140,interface_605
method_141,interface_412
method_142,interface_618
method_143,interface_412
method_144,interface_766
method_145,interface_565
method_146,interface_473
method_147,interface_471
method_148,interface_907
method_149,interface_907
method_150,interface_907
method_151,interface_519
method_152,interface_252
method_153,interface_517
method_154,interface_907
method_155,interface_907
method_156,interface_907
method_157,interface_907
method_158,interface_553
method_159,interface_553
method_160,interface_553
method_161,interface_553
method_162,interface_477
method_163,interface_814
method_164,interface_805
method_165,interface_965
method_166,interface_276
method_167,interface_421
method_168,interface_483
method_169,interface_384
method_170,interface_173
method_171,interface_482
method_172,interface_471
method_173,interface_482
method_174,interface_471
method_175,interface_421
method_176,interface_57
method_177,interface_81
method_178,interface_86
method_179,interface_364
method_180,interface_848
method_181,interface_675
method_182,interface_231
method_183,interface_951
method_184,interface_951
method_185,interface_951
method_186,interface_869
method_187,interface_951
method_188,interface_936
method_189,interface_869
method_190,interface_936
method_191,interface_291
method_192,interface_958
method_193,interface_959
method_194,interface_857
method_195,interface_473
method_196,interface_315
method_197,interface_512
method_198,interface_322
method_199,interface_519
method_200,interface_944
method_201,interface_324
method_202,interface_365
method_203,interface_180
method_204,interface_759
method_205,interface_853
method_206,interface_874
method_207,interface_226
method_208,interface_916
method_209,interface_93
method_210,interface_179
method_211,interface_407
method_212,interface_407
method_213,interface_46
method_214,interface_553
method_215,interface_561
method_216,interface_561
method_217,interface_803
method_218,interface_839
method_219,interface_807
method_220,interface_846
method_221,interface_436
method_222,interface_436
method_223,interface_965
method_224,interface_97
method_225,interface_324
method_226,interface_499
method_227,interface_806
method_228,interface_806
method_229,interface_239
method_230,interface_235
method_231,interface_245
method_232,interface_115
method_233,interface_585
method_234,interface_94
method_235,interface_670
method_236,interface_263
method_237,interface_548
method_238,interface_671
method_239,interface_555
method_240,interface_687
method_241,interface_907
method_242,interface_812
method_243,interface_907
method_244,interface_907
method_245,interface_907
method_246,interface_907
method_247,interface_907
method_248,interface_194
method_249,interface_553
method_250,interface_553
method_251,interface_746
method_252,interface_553
method_253,interface_417
method_254,interface_417
method_255,interface_866
method_256,interface_417
method_257,interface_866
method_258,interface_866
method_259,interface_866
method_260,interface_866
method_261,interface_417
method_262,interface_417
method_263,interface_866
method_264,interface_866
method_265,interface_417
method_266,interface_417
method_267,interface_417
method_268,interface_417
method_269,interface_866
method_270,interface_866
method_271,interface_866
method_272,interface_417
method_273,interface_417
method_274,interface_417
method_275,interface_417
method_276,interface_417
method_277,interface_417
method_278,interface_417
method_279,interface_417
method_280,interface_417
method_281,interface_417
method_282,interface_417
method_283,interface_417
method_284,interface_417
method_285,interface_866
method_286,interface_417
method_287,interface_675
method_288,interface_417
method_289,interface_417
method_290,interface_417
method_291,interface_417
method_292,interface_417
method_293,interface_417
method_294,interface_417
method_295,interface_417
method_296,interface_417
method_297,interface_417
method_298,interface_417
method_299,interface_417
method_300,interface_866
method_301,interface_866
method_302,interface_866
method_303,interface_417
method_304,interface_417
method_305,interface_417
method_306,interface_417
method_307,interface_417
method_308,interface_417
method_309,interface_417
method_310,interface_417
method_311,interface_417
method_312,interface_866
method_313,interface_417
method_314,interface_417
method_315,interface_417
method_316,interface_866
method_317,interface_866
method_318,interface_866
method_319,interface_866
method_320,interface_417
method_321,interface_417
method_322,interface_866
method_323,interface_866
method_324,interface_866
method_325,interface_866
method_326,interface_866
method_327,interface_866
method_328,interface_417
method_329,interface_417
method_330,interface_417
method_331,interface_417
method_332,interface_866
method_333,interface_417
method_334,interface_417
method_335,interface_417
method_336,interface_417
method_337,interface_417
method_338,interface_417
method_339,interface_417
method_340,interface_417
method_341,interface_417
method_342,interface_417
method_343,interface_417
method_344,interface_417
method_345,interface_417
method_346,interface_417
method_347,interface_417
method_348,interface_417
method_349,interface_417
method_350,interface_417
method_351,interface_417
method_352,interface_417
method_353,interface_866
method_354,interface_417
method_355,interface_866
method_356,interface_417
method_357,interface_417
method_358,interface_866
method_359,interface_866
method_360,interface_417
method_361,interface_417
method_362,interface_417
method_363,interface_417
method_364,interface_417
method_365,interface_417
method_366,interface_417
method_367,interface_417
method_368,interface_417
method_369,interface_417
method_370,interface_417
method_371,interface_417
method_372,interface_866
method_373,interface_866
method_374,interface_417
method_375,interface_417
method_376,interface_417
method_377,interface_417
method_378,interface_417
method_379,interface_417
method_380,interface_417
method_381,interface_417
method_382,interface_417
method_383,interface_417
method_384,interface_417
method_385,interface_417
method_386,interface_417
method_387,interface_417
method_388,interface_417
method_389,interface_417
method_390,interface_417
method_391,interface_417
method_392,interface_675
method_393,interface_417
method_394,interface_710
method_395,interface_866
method_396,interface_866
method_397,interface_417
method_398,interface_417
method_399,interface_866
method_400,interface_866
method_401,interface_866
method_402,interface_866
method_403,interface_866
method_404,interface_417
method_405,interface_866
method_406,interface_866
method_407,interface_417
method_408,interface_217
method_409,interface_866
method_410,interface_766
method_411,interface_417
method_412,interface_866
method_413,interface_866
method_414,interface_866
method_415,interface_866
method_416,interface_866
method_417,interface_866
method_418,interface_866
method_419,interface_866
method_420,interface_866
method_421,interface_866
method_422,interface_866
method_423,interface_417
method_424,interface_417
method_425,interface_417
method_426,interface_417
method_427,interface_866
method_428,interface_866
method_429,interface_866
method_430,interface_417
method_431,interface_866
method_432,interface_866
method_433,interface_866
method_434,interface_866
method_435,interface_866
method_436,interface_866
method_437,interface_866
method_438,interface_866
method_439,interface_417
method_440,interface_417
method_441,interface_417
method_442,interface_417
method_443,interface_417
method_444,interface_866
method_445,interface_866
method_446,interface_866
method_447,interface_866
method_448,interface_417
method_449,interface_417
method_450,interface_866
method_451,interface_866
method_452,interface_417
method_453,interface_866
method_454,interface_866
method_455,interface_866
method_456,interface_866
method_457,interface_417
method_458,interface_866
method_459,interface_866
method_460,interface_866
method_461,interface_866
method_462,interface_866
method_463,interface_866
method_464,interface_866
method_465,interface_866
method_466,interface_417
method_467,interface_417
method_468,interface_107
method_469,interface_746
method_470,interface_572
method_471,interface_191
method_472,interface_545
method_473,interface_545
method_474,interface_545
method_475,interface_545
method_476,interface_545
method_477,interface_904
method_478,interface_203
method_479,interface_558
method_480,interface_542
method_481,interface_561
method_482,interface_553
method_483,interface_592
method_484,interface_556
method_485,interface_119
method_486,interface_654
method_487,interface_654
method_488,interface_655
method_489,interface_655
method_490,interface_907
method_491,interface_235
method_492,interface_245
method_493,interface_470
method_494,interface_446
method_495,interface_470
method_496,interface_470
method_497,interface_550
method_498,interface_550
method_499,interface_550
method_500,interface_550
method_501,interface_837
method_502,interface_820
method_503,interface_556
method_504,interface_30
method_505,interface_519
method_506,interface_668
method_507,interface_668
method_508,interface_315
method_509,interface_735
method_510,interface_674
method_511,interface_674
method_512,interface_122
method_513,interface_113
method_514,interface_907
method_515,interface_960
method_516,interface_960
method_517,interface_519
method_518,interface_734
method_519,interface_291
method_520,interface_561
method_521,interface_253
method_522,interface_124
method_523,interface_735
method_524,interface_468
method_525,interface_907
method_526,interface_907
method_527,interface_436
method_528,interface_671
method_529,interface_56
method_530,interface_324
method_531,interface_734
method_532,interface_384
method_533,interface_66
method_534,interface_418
method_535,interface_28
method_536,interface_12
method_537,interface_35
method_538,interface_60
method_539,interface_12
method_540,interface_69
method_541,interface_42
method_542,interface_60
method_543,interface_35
method_544,interface_26
method_545,interface_28
method_546,interface_44
method_547,interface_145
method_548,interface_60
method_549,interface_69
method_550,interface_5
method_551,interface_32
method_552,interface_26
method_553,interface_28
method_554,interface_44
method_555,interface_145
method_556,interface_60
method_557,interface_36
method_558,interface_76
method_559,interface_37
method_560,interface_69
method_561,interface_5
method_562,interface_32
method_563,interface_35
method_564,interface_4
method_565,interface_73
method_566,interface_26
method_567,interface_145
method_568,interface_60
method_569,interface_36
method_570,interface_76
method_571,interface_37
method_572,interface_69
method_573,interface_5
method_574,interface_32
method_575,interface_4
method_576,interface_42
method_577,interface_39
method_578,interface_73
method_579,interface_14
method_580,interface_43
method_581,interface_38
method_582,interface_561
method_583,interface_561
method_584,interface_746
method_585,interface_194
method_586,interface_438
method_587,interface_609
method_588,interface_317
method_589,interface_489
method_590,interface_105
method_591,interface_960
method_592,interface_658
method_593,interface_658
method_594,interface_608
method_595,interface_130
method_596,interface_261
method_597,interface_518
method_598,interface_365
method_599,interface_303
method_600,interface_779
method_601,interface_778
method_602,interface_788
method_603,interface_795
method_604,interface_792
method_605,interface_784
method_606,interface_783
method_607,interface_780
method_608,interface_780
method_609,interface_789
method_610,interface_790
method_611,interface_777
method_612,interface_789
method_613,interface_790
method_614,interface_789
method_615,interface_790
method_616,interface_792
method_617,interface_777
method_618,interface_789
method_619,interface_790
method_620,interface_789
method_621,interface_790
method_622,interface_790
method_623,interface_789
method_624,interface_790
method_625,interface_780
method_626,interface_771
method_627,interface_780
method_628,interface_769
method_629,interface_770
method_630,interface_777
method_631,interface_781
method_632,interface_773
method_633,interface_773
method_634,interface_769
method_635,interface_772
method_636,interface_772
method_637,interface_787
method_638,interface_787
method_639,interface_778
method_640,interface_769
method_641,interface_794
method_642,interface_769
method_643,interface_786
method_644,interface_783
method_645,interface_780
method_646,interface_772
method_647,interface_788
method_648,interface_776
method_649,interface_776
method_650,interface_776
method_651,interface_787
method_652,interface_772
method_653,interface_772
method_654,interface_780
method_655,interface_779
method_656,interface_778
method_657,interface_780
method_658,interface_779
method_659,interface_778
method_660,interface_777
method_661,interface_788
method_662,interface_774
method_663,interface_771
method_664,interface_778
method_665,interface_769
method_666,interface_795
method_667,interface_783
method_668,interface_792
method_669,interface_792
method_670,interface_792
method_671,interface_777
method_672,interface_777
method_673,interface_777
method_674,interface_777
method_675,interface_792
method_676,interface_780
method_677,interface_777
method_678,interface_791
method_679,interface_777
method_680,interface_777
method_681,interface_777
method_682,interface_782
method_683,interface_781
method_684,interface_772
method_685,interface_792
method_686,interface_792
method_687,interface_777
method_688,interface_777
method_689,interface_777
method_690,interface_777
method_691,interface_777
method_692,interface_791
method_693,interface_793
method_694,interface_777
method_695,interface_777
method_696,interface_777
method_697,interface_779
method_698,interface_778
method_699,interface_795
method_700,interface_771
method_701,interface_773
method_702,interface_773
method_703,interface_778
method_704,interface_775
method_705,interface_772
method_706,interface_787
method_707,interface_872
method_708,interface_758
method_709,interface_827
method_710,interface_693
method_711,interface_829
method_712,interface_695
method_713,interface_830
method_714,interface_828
method_715,interface_696
method_716,interface_694
method_717,interface_871
method_718,interface_418
method_719,interface_871
method_720,interface_384
method_721,interface_380
method_722,interface_381
method_723,interface_419
method_724,interface_424
method_725,interface_561
method_726,interface_601
method_727,interface_262
method_728,interface_163
method_729,interface_163
method_730,interface_581
method_731,interface_581
method_732,interface_581
method_733,interface_581
method_734,interface_581
method_735,interface_163
method_736,interface_163
method_737,interface_605
method_738,interface_94
method_739,interface_94
method_740,interface_671
method_741,interface_986
method_742,interface_274
method_743,interface_274
method_744,interface_212
method_745,interface_212
method_746,interface_208
method_747,interface_561
method_748,interface_94
method_749,interface_268
method_750,interface_211
method_751,interface_52
method_752,interface_52
method_753,interface_499
method_754,interface_499
method_755,interface_758
method_756,interface_837
method_757,interface_837
method_758,interface_820
method_759,interface_758
method_760,interface_895
method_761,interface_895
method_762,interface_81
method_763,interface_206
method_764,interface_206
method_765,interface_151
method_766,interface_970
method_767,interface_217
method_768,interface_417
method_769,interface_681
method_770,interface_620
method_771,interface_590
method_772,interface_992
method_773,interface_203
method_774,interface_876
method_775,interface_916
method_776,interface_968
method_777,interface_855
method_778,interface_36
method_779,interface_37
method_780,interface_36
method_781,interface_37
method_782,interface_35
method_783,interface_28
method_784,interface_35
method_785,interface_985
method_786,interface_227
method_787,interface_934
method_788,interface_881
method_789,interface_554
method_790,interface_206
method_791,interface_861
method_792,interface_956
method_793,interface_561
method_795,interface_94
method_796,interface_837
method_797,interface_820
method_798,interface_820
method_799,interface_177
method_800,interface_225
method_801,interface_381
method_802,interface_56
method_803,interface_938
method_804,interface_938
method_805,interface_876
method_806,interface_876
method_807,interface_916
method_808,interface_916
method_809,interface_916
method_810,interface_205
method_811,interface_205
method_812,interface_992
method_813,interface_992
method_814,interface_203
method_815,interface_203
method_816,interface_203
method_817,interface_203
method_818,interface_590
method_819,interface_56
method_820,interface_878
method_821,interface_878
method_822,interface_916
method_823,interface_916
method_824,interface_916
method_825,interface_205
method_826,interface_205
method_827,interface_968
method_828,interface_968
method_829,interface_968
method_830,interface_968
method_831,interface_837
method_832,interface_820
method_833,interface_820
method_834,interface_837
method_835,interface_311
method_836,interface_895
method_837,interface_685
method_838,interface_534
method_839,interface_671
method_840,interface_94
method_841,interface_107
method_842,interface_954
method_843,interface_954
method_844,interface_613
method_845,interface_107
method_846,interface_954
method_847,interface_954
method_848,interface_613
method_849,interface_855
method_850,interface_673
method_851,interface_311
method_852,interface_311
method_853,interface_263
method_854,interface_575
method_855,interface_930
method_856,interface_284
method_857,interface_625
method_858,interface_731
method_859,interface_504
method_860,interface_364
method_861,interface_364
method_862,interface_364
method_863,interface_572
method_864,interface_489
method_865,interface_335
method_866,interface_345
method_867,interface_337
method_868,interface_329
method_869,interface_349
method_870,interface_327
method_871,interface_768
method_872,interface_513
method_873,interface_748
method_874,interface_569
method_875,interface_575
method_876,interface_374
method_877,interface_373
method_878,interface_631
method_879,interface_644
method_880,interface_748
method_881,interface_169
method_882,interface_171
method_883,interface_171
method_884,interface_171
method_885,interface_720
method_886,interface_293
method_887,interface_52
method_888,interface_302
method_889,interface_302
method_890,interface_302
method_891,interface_374
method_892,interface_373
method_893,interface_374
method_894,interface_373
method_895,interface_374
method_896,interface_373
method_897,interface_374
method_898,interface_373
method_899,interface_631
method_900,interface_810
method_901,interface_188
method_902,interface_619
method_903,interface_302
method_904,interface_903
method_905,interface_95
method_906,interface_95
method_907,interface_95
method_908,interface_720
method_909,interface_644
method_910,interface_841
method_911,interface_302
method_912,interface_95
method_913,interface_95
method_914,interface_311
method_915,interface_227
method_916,interface_95
method_917,interface_311
method_918,interface_720
method_919,interface_819
method_920,interface_819
method_921,interface_819
method_922,interface_819
method_923,interface_819
method_924,interface_745
method_925,interface_354
method_926,interface_745
method_927,interface_745
method_928,interface_745
method_929,interface_677
method_930,interface_720
method_931,interface_374
method_932,interface_374
method_933,interface_376
method_934,interface_302
method_935,interface_644
method_936,interface_302
method_937,interface_302
method_938,interface_720
method_939,interface_302
method_940,interface_302
method_941,interface_52
method_942,interface_644
method_943,interface_842
method_944,interface_706
method_945,interface_842
method_946,interface_706
method_947,interface_842
method_948,interface_706
method_949,interface_842
method_950,interface_706
method_951,interface_534
method_952,interface_810
method_953,interface_561
method_954,interface_562
method_955,interface_593
method_956,interface_374
method_957,interface_373
method_958,interface_797
method_959,interface_95
method_960,interface_748
method_961,interface_619
method_962,interface_631
method_963,interface_302
method_964,interface_374
method_965,interface_373
method_966,interface_374
method_967,interface_373
method_968,interface_302
method_969,interface_338
method_970,interface_641
method_971,interface_720
method_972,interface_302
method_973,interface_302
method_974,interface_345
method_975,interface_644
method_976,interface_645
method_977,interface_71
method_978,interface_645
method_979,interface_671
method_980,interface_227
method_981,interface_645
method_982,interface_71
method_983,interface_575
method_984,interface_614
method_985,interface_749
method_986,interface_95
method_987,interface_797
method_988,interface_820
method_989,interface_293
method_990,interface_720
method_991,interface_293
method_992,interface_797
method_993,interface_797
method_994,interface_797
method_995,interface_797
method_996,interface_797
method_997,interface_856
method_998,interface_95
method_999,interface_100
method_1000,interface_643
method_1001,interface_720
method_1002,interface_644
method_1003,interface_720
method_1004,interface_621
method_1005,interface_621
method_1006,interface_872
method_1007,interface_374
method_1008,interface_373
method_1009,interface_374
method_1010,interface_373
method_1011,interface_872
method_1012,interface_302
method_1013,interface_366
method_1014,interface_937
method_1015,interface_209
method_1016,interface_644
method_1017,interface_47
method_1018,interface_929
method_1019,interface_928
method_1020,interface_930
method_1021,interface_930
method_1022,interface_47
method_1023,interface_95
method_1024,interface_95
method_1025,interface_95
method_1026,interface_95
method_1027,interface_95
method_1028,interface_366
method_1029,interface_937
method_1030,interface_925
method_1031,interface_374
method_1032,interface_373
method_1033,interface_374
method_1034,interface_373
method_1035,interface_374
method_1036,interface_373
method_1037,interface_374
method_1038,interface_373
method_1039,interface_306
method_1040,interface_855
method_1041,interface_627
method_1042,interface_627
method_1043,interface_627
method_1044,interface_94
method_1045,interface_94
method_1046,interface_148
method_1047,interface_192
method_1048,interface_807
method_1049,interface_508
method_1050,interface_289
method_1051,interface_556
method_1052,interface_554
method_1053,interface_291
method_1054,interface_94
method_1055,interface_551
method_1056,interface_262
method_1057,interface_262
method_1058,interface_262
method_1059,interface_262
method_1060,interface_262
method_1061,interface_262
method_1062,interface_262
method_1063,interface_262
method_1064,interface_262
method_1065,interface_262
method_1066,interface_262
method_1067,interface_262
method_1068,interface_262
method_1069,interface_262
method_1070,interface_262
method_1071,interface_262
method_1072,interface_262
method_1073,interface_855
method_1074,interface_335
method_1075,interface_345
method_1076,interface_337
method_1077,interface_329
method_1078,interface_349
method_1079,interface_327
method_1080,interface_677
method_1081,interface_311
method_1082,interface_311
method_1083,interface_677
method_1084,interface_677
method_1085,interface_797
method_1086,interface_417
method_1087,interface_748
method_1088,interface_677
method_1089,interface_641
method_1090,interface_734
method_1091,interface_749
method_1092,interface_856
method_1093,interface_209
method_1094,interface_929
method_1095,interface_930
method_1096,interface_671
method_1097,interface_652
method_1098,interface_671
method_1099,interface_562
method_1100,interface_268
method_1101,interface_328
method_1102,interface_94
method_1103,interface_94
method_1104,interface_94
method_1105,interface_410
method_1106,interface_895
method_1107,interface_685
method_1108,interface_168
method_1109,interface_168
method_1110,interface_151
method_1111,interface_613
method_1112,interface_613
method_1113,interface_335
method_1114,interface_345
method_1115,interface_337
method_1116,interface_329
method_1117,interface_330
method_1118,interface_349
method_1119,interface_327
method_1120,interface_554
method_1121,interface_499
method_1122,interface_499
method_1123,interface_554
method_1124,interface_94
method_1125,interface_919
method_1126,interface_881
method_1127,interface_919
method_1128,interface_919
method_1129,interface_919
method_1130,interface_919
method_1131,interface_575
method_1132,interface_188
method_1133,interface_575
method_1134,interface_673
method_1135,interface_237
method_1136,interface_237
method_1137,interface_177
method_1138,interface_851
method_1139,interface_920
method_1140,interface_178
method_1141,interface_61
method_1142,interface_227
method_1143,interface_64
method_1144,interface_64
method_1145,interface_64
method_1146,interface_64
method_1147,interface_64
method_1148,interface_707
method_1149,interface_237
method_1150,interface_237
method_1151,interface_907
method_1152,interface_671
method_1153,interface_81
method_1154,interface_286
method_1155,interface_306
method_1156,interface_751
method_1157,interface_311
method_1158,interface_100
method_1159,interface_364
method_1160,interface_364
method_1161,interface_855
method_1162,interface_844
method_1163,interface_107
method_1164,interface_855
method_1165,interface_645
method_1166,interface_834
method_1167,interface_833
method_1168,interface_291
method_1169,interface_263
method_1170,interface_725
method_1171,interface_562
method_1172,interface_94
method_1173,interface_903
method_1174,interface_237
method_1175,interface_810
method_1176,interface_810
method_1177,interface_810
method_1178,interface_840
method_1179,interface_767
method_1180,interface_840
method_1181,interface_767
method_1182,interface_810
method_1183,interface_554
method_1184,interface_311
method_1185,interface_251
method_1186,interface_262
method_1187,interface_717
method_1188,interface_341
method_1189,interface_94
method_1190,interface_417
method_1191,interface_689
method_1192,interface_689
method_1193,interface_689
method_1194,interface_961
method_1195,interface_307
method_1196,interface_101
method_1197,interface_251
method_1198,interface_961
method_1199,interface_307
method_1200,interface_555
method_1201,interface_752
method_1202,interface_680
method_1203,interface_720
method_1204,interface_933
method_1205,interface_221
method_1206,interface_729
method_1207,interface_729
method_1208,interface_729
method_1209,interface_729
method_1210,interface_729
method_1211,interface_543
method_1212,interface_553
method_1213,interface_555
method_1214,interface_880
method_1215,interface_880
method_1216,interface_871
method_1217,interface_881
method_1218,interface_218
method_1219,interface_218
method_1220,interface_355
method_1221,interface_747
method_1222,interface_746
method_1223,interface_746
method_1224,interface_746
method_1225,interface_352
method_1226,interface_352
method_1227,interface_977
method_1228,interface_977
method_1229,interface_614
method_1230,interface_515
method_1231,interface_162
method_1232,interface_589
method_1233,interface_224
method_1234,interface_731
method_1235,interface_671
method_1236,interface_50
method_1237,interface_537
method_1238,interface_265
method_1239,interface_596
method_1240,interface_804
method_1241,interface_699
method_1242,interface_699
method_1243,interface_691
method_1244,interface_736
method_1245,interface_370
method_1246,interface_748
method_1247,interface_641
method_1248,interface_966
method_1249,interface_749
method_1250,interface_671
method_1251,interface_47
method_1252,interface_739
method_1253,interface_977
method_1254,interface_297
method_1255,interface_298
method_1256,interface_649
method_1257,interface_822
method_1258,interface_295
method_1259,interface_977
method_1260,interface_729
method_1261,interface_556
method_1262,interface_553
method_1263,interface_62
method_1264,interface_298
method_1265,interface_87
method_1266,interface_62
method_1267,interface_62
method_1268,interface_477
method_1269,interface_474
method_1270,interface_583
method_1271,interface_494
method_1272,interface_474
method_1273,interface_314
method_1274,interface_940
method_1275,interface_940
method_1276,interface_476
method_1277,interface_539
method_1278,interface_298
method_1279,interface_355
method_1280,interface_477
method_1281,interface_355
method_1282,interface_412
method_1283,interface_412
method_1284,interface_384
method_1285,interface_384
method_1286,interface_295
method_1287,interface_87
method_1288,interface_87
method_1289,interface_87
method_1290,interface_87
method_1291,interface_87
method_1292,interface_87
method_1293,interface_87
method_1294,interface_87
method_1295,interface_87
method_1296,interface_87
method_1297,interface_87
method_1298,interface_87
method_1299,interface_298
method_1300,interface_298
method_1301,interface_298
method_1302,interface_298
method_1303,interface_298
method_1304,interface_298
method_1305,interface_298
method_1306,interface_298
method_1307,interface_298
method_1308,interface_298
method_1309,interface_295
method_1310,interface_295
method_1311,interface_606
method_1312,interface_977
method_1313,interface_977
method_1314,interface_849
method_1315,interface_707
method_1316,interface_849
method_1317,interface_947
method_1318,interface_427
method_1319,interface_494
method_1320,interface_594
method_1321,interface_948
method_1322,interface_665
method_1323,interface_87
method_1324,interface_274
method_1325,interface_947
method_1326,interface_964
method_1327,interface_685
method_1328,interface_550
method_1329,interface_550
method_1330,interface_367
method_1331,interface_880
method_1332,interface_880
method_1333,interface_880
method_1334,interface_880
method_1335,interface_880
method_1336,interface_880
method_1337,interface_880
method_1338,interface_880
method_1339,interface_353
method_1340,interface_892
method_1341,interface_892
method_1342,interface_892
method_1343,interface_892
method_1344,interface_892
method_1345,interface_892
method_1346,interface_892
method_1347,interface_892
method_1348,interface_892
method_1349,interface_892
method_1350,interface_892
method_1351,interface_892
method_1352,interface_892
method_1353,interface_892
method_1354,interface_892
method_1355,interface_892
method_1356,interface_892
method_1357,interface_892
method_1358,interface_892
method_1359,interface_892
method_1360,interface_892
method_1361,interface_892
method_1362,interface_892
method_1363,interface_892
method_1364,interface_892
method_1365,interface_920
method_1366,interface_922
method_1367,interface_137
method_1368,interface_982
method_1369,interface_565
method_1370,interface_547
method_1371,interface_551
method_1372,interface_541
method_1373,interface_568
method_1374,interface_566
method_1375,interface_565
method_1376,interface_547
method_1377,interface_551
method_1378,interface_541
method_1379,interface_566
method_1380,interface_640
method_1381,interface_48
method_1382,interface_48
method_1383,interface_947
method_1384,interface_494
method_1385,interface_494
method_1386,interface_368
method_1387,interface_948
method_1388,interface_594
method_1389,interface_594
method_1390,interface_594
method_1391,interface_82
method_1392,interface_966
method_1393,interface_350
method_1394,interface_948
method_1395,interface_126
method_1396,interface_126
method_1397,interface_371
method_1398,interface_371
method_1399,interface_371
method_1400,interface_48
method_1401,interface_48
method_1402,interface_48
method_1403,interface_977
method_1404,interface_747
method_1405,interface_747
method_1406,interface_638
method_1407,interface_583
method_1408,interface_488
method_1409,interface_390
method_1410,interface_583
method_1411,interface_649
method_1412,interface_262
method_1413,interface_150
method_1414,interface_150
method_1415,interface_150
method_1416,interface_515
method_1417,interface_977
method_1418,interface_977
method_1419,interface_970
method_1420,interface_83
method_1421,interface_977
method_1422,interface_977
method_1423,interface_241
method_1424,interface_87
method_1425,interface_690
method_1426,interface_809
method_1427,interface_809
method_1428,interface_809
method_1429,interface_649
method_1430,interface_298
method_1431,interface_421
method_1432,interface_271
method_1433,interface_977
method_1434,interface_977
method_1435,interface_977
method_1436,interface_977
method_1437,interface_387
method_1438,interface_418
method_1439,interface_418
method_1440,interface_418
method_1441,interface_515
method_1442,interface_515
method_1443,interface_515
method_1444,interface_515
method_1445,interface_515
method_1446,interface_868
method_1447,interface_883
method_1448,interface_487
method_1449,interface_242
method_1450,interface_418
method_1451,interface_798
method_1452,interface_977
method_1453,interface_584
method_1454,interface_533
method_1455,interface_298
method_1456,interface_298
method_1457,interface_298
method_1458,interface_298
method_1459,interface_298
method_1460,interface_298
method_1461,interface_298
method_1462,interface_583
method_1463,interface_497
method_1464,interface_162
method_1465,interface_163
method_1466,interface_515
method_1467,interface_747
method_1468,interface_218
method_1469,interface_218
method_1470,interface_253
method_1471,interface_253
method_1472,interface_253
method_1473,interface_253
method_1474,interface_253
method_1475,interface_253
method_1476,interface_176
method_1477,interface_279
method_1478,interface_638
method_1479,interface_583
method_1480,interface_488
method_1481,interface_390
method_1482,interface_899
method_1483,interface_357
method_1484,interface_736
method_1485,interface_210
method_1486,interface_210
method_1487,interface_894
method_1488,interface_477
method_1489,interface_477
method_1490,interface_429
method_1491,interface_539
method_1492,interface_539
method_1493,interface_314
method_1494,interface_964
method_1495,interface_964
method_1496,interface_607
method_1497,interface_242
method_1498,interface_515
method_1499,interface_515
method_1500,interface_852
method_1501,interface_515
method_1502,interface_515
method_1503,interface_515
method_1504,interface_515
method_1505,interface_387
method_1506,interface_470
method_1507,interface_501
method_1508,interface_964
method_1509,interface_369
method_1510,interface_947
method_1511,interface_369
method_1512,interface_920
method_1513,interface_727
method_1514,interface_977
method_1515,interface_649
method_1516,interface_649
method_1517,interface_253
method_1518,interface_145
method_1519,interface_585
method_1520,interface_849
method_1521,interface_849
method_1522,interface_228
method_1523,interface_677
method_1524,interface_368
method_1525,interface_686
method_1526,interface_412
method_1527,interface_663
method_1528,interface_849
method_1529,interface_938
method_1530,interface_938
method_1531,interface_350
method_1532,interface_48
method_1533,interface_747
method_1534,interface_684
method_1535,interface_699
method_1536,interface_384
method_1537,interface_605
method_1538,interface_418
method_1539,interface_125
method_1540,interface_192
method_1541,interface_755
method_1542,interface_470
method_1543,interface_192
method_1544,interface_649
method_1545,interface_649
method_1546,interface_369
method_1547,interface_418
method_1548,interface_649
method_1549,interface_387
method_1550,interface_559
method_1551,interface_890
method_1552,interface_357
method_1553,interface_355
method_1554,interface_356
method_1555,interface_352
method_1556,interface_606
method_1557,interface_501
method_1558,interface_660
method_1559,interface_661
method_1560,interface_897
method_1561,interface_854
method_1562,interface_904
method_1563,interface_163
method_1564,interface_163
method_1565,interface_565
method_1566,interface_304
method_1567,interface_515
method_1568,interface_234
method_1569,interface_464
method_1570,interface_481
method_1571,interface_494
method_1572,interface_746
method_1573,interface_841
method_1574,interface_841
method_1575,interface_746
method_1576,interface_746
method_1577,interface_555
method_1578,interface_368
method_1579,interface_746
method_1580,interface_197
method_1581,interface_470
method_1582,interface_412
method_1583,interface_412
method_1584,interface_387
method_1585,interface_485
method_1586,interface_83
method_1587,interface_83
method_1588,interface_83
method_1589,interface_83
method_1590,interface_645
method_1591,interface_473
method_1592,interface_471
method_1593,interface_201
method_1594,interface_201
method_1595,interface_201
method_1596,interface_201
method_1597,interface_201
method_1598,interface_201
method_1599,interface_607
method_1600,interface_607
method_1601,interface_607
method_1602,interface_607
method_1603,interface_607
method_1604,interface_607
method_1605,interface_607
method_1606,interface_607
method_1607,interface_607
method_1608,interface_607
method_1609,interface_607
method_1610,interface_607
method_1611,interface_607
method_1612,interface_607
method_1613,interface_607
method_1614,interface_607
method_1615,interface_607
method_1616,interface_607
method_1617,interface_607
method_1618,interface_607
method_1619,interface_607
method_1620,interface_607
method_1621,interface_9
method_1622,interface_147
method_1623,interface_367
method_1624,interface_871
method_1625,interface_699
method_1626,interface_956
method_1627,interface_956
method_1628,interface_515
method_1629,interface_850
method_1630,interface_62
method_1631,interface_62
method_1632,interface_977
method_1633,interface_538
method_1634,interface_538
method_1635,interface_850
method_1636,interface_850
method_1637,interface_850
method_1638,interface_671
method_1639,interface_977
method_1640,interface_977
method_1641,interface_314
method_1642,interface_296
method_1643,interface_314
method_1644,interface_940
method_1645,interface_369
method_1646,interface_763
method_1647,interface_692
method_1648,interface_649
method_1649,interface_522
method_1650,interface_197
method_1651,interface_763
method_1652,interface_207
method_1653,interface_295
method_1654,interface_510
method_1655,interface_510
method_1656,interface_662
method_1657,interface_533
method_1658,interface_536
method_1659,interface_963
method_1660,interface_963
method_1661,interface_963
method_1662,interface_384
method_1663,interface_213
method_1664,interface_729
method_1665,interface_298
method_1666,interface_298
method_1667,interface_298
method_1668,interface_298
method_1669,interface_298
method_1670,interface_298
method_1671,interface_298
method_1672,interface_298
method_1673,interface_298
method_1674,interface_242
method_1675,interface_242
method_1676,interface_240
method_1677,interface_298
method_1678,interface_298
method_1679,interface_298
method_1680,interface_298
method_1681,interface_298
method_1682,interface_298
method_1683,interface_298
method_1684,interface_298
method_1685,interface_298
method_1686,interface_298
method_1687,interface_298
method_1688,interface_298
method_1689,interface_298
method_1690,interface_298
method_1691,interface_298
method_1692,interface_298
method_1693,interface_298
method_1694,interface_298
method_1695,interface_298
method_1696,interface_298
method_1697,interface_298
method_1698,interface_298
method_1699,interface_298
method_1700,interface_298
method_1701,interface_114
method_1702,interface_956
method_1703,interface_526
method_1704,interface_366
method_1705,interface_669
method_1706,interface_527
method_1707,interface_583
method_1708,interface_523
method_1709,interface_132
method_1710,interface_133
method_1711,interface_199
method_1712,interface_546
method_1713,interface_713
method_1714,interface_715
method_1715,interface_714
method_1716,interface_550
method_1717,interface_470
method_1718,interface_736
method_1719,interface_87
method_1720,interface_515
method_1721,interface_515
method_1722,interface_977
method_1723,interface_852
method_1724,interface_977
method_1725,interface_948
method_1726,interface_649
method_1727,interface_977
method_1728,interface_501
method_1729,interface_947
method_1730,interface_947
method_1731,interface_947
method_1732,interface_234
method_1733,interface_956
method_1734,interface_241
method_1735,interface_501
method_1736,interface_539
method_1737,interface_412
method_1738,interface_412
method_1739,interface_501
method_1740,interface_228
method_1741,interface_894
method_1742,interface_347
method_1743,interface_894
method_1744,interface_271
method_1745,interface_303
method_1746,interface_495
method_1747,interface_495
method_1748,interface_477
method_1749,interface_477
method_1750,interface_887
method_1751,interface_350
method_1752,interface_501
method_1753,interface_849
method_1754,interface_849
method_1755,interface_668
method_1756,interface_668
method_1757,interface_871
method_1758,interface_977
method_1759,interface_977
method_1760,interface_421
method_1761,interface_483
method_1762,interface_515
method_1763,interface_482
method_1764,interface_591
method_1765,interface_595
method_1766,interface_384
method_1767,interface_459
method_1768,interface_412
method_1769,interface_17
method_1770,interface_421
method_1771,interface_384
method_1772,interface_87
method_1773,interface_743
method_1774,interface_755
method_1775,interface_820
method_1776,interface_197
method_1777,interface_798
method_1778,interface_402
method_1779,interface_730
method_1780,interface_500
method_1781,interface_908
method_1782,interface_711
method_1783,interface_500
method_1784,interface_908
method_1785,interface_711
method_1786,interface_621
method_1787,interface_142
method_1788,interface_36
method_1789,interface_37
method_1790,interface_495
method_1791,interface_956
method_1792,interface_956
method_1793,interface_649
method_1794,interface_978
method_1795,interface_978
method_1796,interface_978
method_1797,interface_494
method_1798,interface_978
method_1799,interface_978
method_1800,interface_978
method_1801,interface_978
method_1802,interface_494
method_1803,interface_978
method_1804,interface_963
method_1805,interface_538
method_1806,interface_649
method_1807,interface_649
method_1808,interface_538
method_1809,interface_649
method_1810,interface_963
method_1811,interface_326
method_1812,interface_837
method_1813,interface_545
method_1814,interface_699
method_1815,interface_977
method_1816,interface_419
method_1817,interface_436
method_1818,interface_343
method_1819,interface_336
method_1820,interface_338
method_1821,interface_343
method_1822,interface_336
method_1823,interface_338
method_1824,interface_241
method_1825,interface_305
method_1826,interface_212
method_1827,interface_212
method_1828,interface_212
method_1829,interface_553
method_1830,interface_384
method_1831,interface_384
method_1832,interface_384
method_1833,interface_553
method_1834,interface_568
method_1835,interface_311
method_1836,interface_473
method_1837,interface_265
method_1838,interface_368
method_1839,interface_474
method_1840,interface_657
method_1841,interface_656
method_1842,interface_712
method_1843,interface_477
method_1844,interface_477
method_1845,interface_225
method_1846,interface_189
method_1847,interface_476
method_1848,interface_315
method_1849,interface_237
method_1850,interface_352
method_1851,interface_977
method_1852,interface_977
method_1853,interface_977
method_1854,interface_977
method_1855,interface_977
method_1856,interface_977
method_1857,interface_311
method_1858,interface_977
method_1859,interface_977
method_1860,interface_255
method_1861,interface_255
method_1862,interface_607
method_1863,interface_607
method_1864,interface_241
method_1865,interface_351
method_1866,interface_241
method_1867,interface_241
method_1868,interface_241
method_1869,interface_241
method_1870,interface_390
method_1871,interface_390
method_1872,interface_522
method_1873,interface_697
method_1874,interface_697
method_1875,interface_697
method_1876,interface_407
method_1877,interface_407
method_1878,interface_407
method_1879,interface_407
method_1880,interface_977
method_1881,interface_701
method_1882,interface_347
method_1883,interface_239
method_1884,interface_262
method_1885,interface_816
method_1886,interface_840
method_1887,interface_239
method_1888,interface_46
method_1889,interface_298
method_1890,interface_982
method_1891,interface_240
method_1892,interface_239
method_1893,interface_983
method_1894,interface_417
method_1895,interface_559
method_1896,interface_295
method_1897,interface_568
method_1898,interface_362
method_1899,interface_721
method_1900,interface_522
method_1901,interface_977
method_1902,interface_89
method_1903,interface_323
method_1904,interface_977
method_1905,interface_852
method_1906,interface_852
method_1907,interface_297
method_1908,interface_852
method_1909,interface_852
method_1910,interface_297
method_1911,interface_297
method_1912,interface_297
method_1913,interface_852
method_1914,interface_297
method_1915,interface_297
method_1916,interface_852
method_1917,interface_436
method_1918,interface_468
method_1919,interface_977
method_1920,interface_36
method_1921,interface_37
method_1922,interface_8
method_1923,interface_977
method_1924,interface_977
method_1925,interface_515
method_1926,interface_852
method_1927,interface_852
method_1928,interface_298
method_1929,interface_147
method_1930,interface_649
method_1931,interface_982
method_1932,interface_490
method_1933,interface_689
method_1934,interface_521
method_1935,interface_521
method_1936,interface_575
method_1937,interface_606
method_1938,interface_606
method_1939,interface_606
method_1940,interface_606
method_1941,interface_606
method_1942,interface_606
method_1943,interface_606
method_1944,interface_63
method_1945,interface_606
method_1946,interface_83
method_1947,interface_82
method_1948,interface_82
method_1949,interface_966
method_1950,interface_496
method_1951,interface_496
method_1952,interface_496
method_1953,interface_496
method_1954,interface_496
method_1955,interface_496
method_1956,interface_978
method_1957,interface_496
method_1958,interface_496
method_1959,interface_494
method_1960,interface_496
method_1961,interface_496
method_1962,interface_496
method_1963,interface_496
method_1964,interface_496
method_1965,interface_496
method_1966,interface_978
method_1967,interface_496
method_1968,interface_496
method_1969,interface_496
method_1970,interface_496
method_1971,interface_719
method_1972,interface_224
method_1973,interface_89
method_1974,interface_357
method_1975,interface_497
method_1976,interface_964
method_1977,interface_148
method_1978,interface_867
method_1979,interface_423
method_1980,interface_867
method_1981,interface_423
method_1982,interface_867
method_1983,interface_423
method_1984,interface_867
method_1985,interface_423
method_1986,interface_607
method_1987,interface_607
method_1988,interface_826
method_1989,interface_303
method_1990,interface_707
method_1991,interface_849
method_1992,interface_402
method_1993,interface_402
method_1994,interface_402
method_1995,interface_151
method_1996,interface_413
method_1997,interface_963
method_1998,interface_963
method_1999,interface_239
method_2000,interface_235
method_2001,interface_245
method_2002,interface_471
method_2003,interface_412
method_2004,interface_977
method_2005,interface_594
method_2008,interface_304
method_2009,interface_947
method_2010,interface_947
method_2011,interface_495
method_2012,interface_296
method_2013,interface_495
method_2014,interface_296
method_2015,interface_304
method_2016,interface_219
method_2017,interface_747
method_2018,interface_605
method_2019,interface_963
method_2020,interface_482
method_2021,interface_471
method_2022,interface_977
method_2023,interface_511
method_2024,interface_649
method_2025,interface_758
method_2026,interface_162
method_2027,interface_815
method_2028,interface_584
method_2029,interface_584
method_2030,interface_538
method_2031,interface_538
method_2032,interface_368
method_2033,interface_545
method_2034,interface_857
method_2035,interface_976
method_2036,interface_964
method_2037,interface_145
method_2038,interface_515
method_2039,interface_297
method_2040,interface_920
method_2041,interface_899
method_2042,interface_477
method_2043,interface_197
method_2044,interface_140
method_2045,interface_477
method_2046,interface_940
method_2047,interface_940
method_2048,interface_434
method_2049,interface_433
method_2050,interface_428
method_2051,interface_432
method_2052,interface_435
method_2053,interface_429
method_2054,interface_430
method_2055,interface_522
method_2056,interface_270
method_2057,interface_522
method_2058,interface_270
method_2059,interface_522
method_2060,interface_270
method_2061,interface_522
method_2062,interface_270
method_2063,interface_977
method_2064,interface_390
method_2065,interface_744
method_2066,interface_744
method_2067,interface_744
method_2068,interface_744
method_2069,interface_921
method_2070,interface_921
method_2071,interface_921
method_2072,interface_584
method_2073,interface_39
method_2074,interface_977
method_2075,interface_145
method_2076,interface_802
method_2077,interface_606
method_2078,interface_594
method_2079,interface_200
method_2080,interface_649
method_2081,interface_649
method_2082,interface_649
method_2083,interface_565
method_2084,interface_565
method_2085,interface_547
method_2086,interface_551
method_2087,interface_566
method_2088,interface_565
method_2089,interface_547
method_2090,interface_551
method_2091,interface_566
method_2092,interface_412
method_2093,interface_857
method_2094,interface_541
method_2095,interface_565
method_2096,interface_541
method_2097,interface_521
method_2098,interface_521
method_2099,interface_956
method_2100,interface_551
method_2101,interface_511
method_2102,interface_551
method_2103,interface_856
method_2104,interface_551
method_2105,interface_541
method_2106,interface_857
method_2107,interface_551
method_2108,interface_553
method_2109,interface_137
method_2110,interface_594
method_2111,interface_594
method_2112,interface_511
method_2113,interface_594
method_2114,interface_594
method_2115,interface_594
method_2116,interface_594
method_2117,interface_594
method_2118,interface_511
method_2119,interface_594
method_2120,interface_594
method_2121,interface_594
method_2122,interface_594
method_2123,interface_536
method_2124,interface_594
method_2125,interface_594
method_2126,interface_594
method_2127,interface_18
method_2128,interface_36
method_2129,interface_9
method_2130,interface_37
method_2131,interface_8
method_2132,interface_689
method_2133,interface_162
method_2134,interface_556
method_2135,interface_653
method_2136,interface_594
method_2137,interface_234
method_2138,interface_947
method_2139,interface_658
method_2140,interface_677
method_2141,interface_271
method_2142,interface_477
method_2143,interface_475
method_2144,interface_474
method_2145,interface_476
method_2146,interface_371
method_2147,interface_371
method_2148,interface_562
method_2149,interface_541
method_2150,interface_956
method_2151,interface_594
method_2152,interface_279
method_2153,interface_297
method_2154,interface_297
method_2155,interface_384
method_2156,interface_539
method_2157,interface_553
method_2158,interface_562
method_2159,interface_596
method_2160,interface_596
method_2161,interface_574
method_2162,interface_607
method_2163,interface_574
method_2164,interface_607
method_2165,interface_607
method_2166,interface_574
method_2167,interface_607
method_2168,interface_574
method_2169,interface_607
method_2170,interface_574
method_2171,interface_607
method_2172,interface_607
method_2173,interface_607
method_2174,interface_574
method_2175,interface_607
method_2176,interface_607
method_2177,interface_574
method_2178,interface_574
method_2179,interface_574
method_2180,interface_574
method_2181,interface_607
method_2182,interface_574
method_2183,interface_574
method_2184,interface_607
method_2185,interface_574
method_2186,interface_574
method_2187,interface_574
method_2188,interface_574
method_2189,interface_574
method_2190,interface_574
method_2191,interface_607
method_2192,interface_357
method_2193,interface_899
method_2194,interface_763
method_2195,interface_671
method_2196,interface_671
method_2197,interface_899
method_2198,interface_581
method_2199,interface_581
method_2200,interface_581
method_2201,interface_581
method_2202,interface_581
method_2203,interface_237
method_2204,interface_943
method_2205,interface_314
method_2206,interface_860
method_2207,interface_850
method_2208,interface_850
method_2209,interface_977
method_2210,interface_754
method_2211,interface_295
method_2212,interface_427
method_2213,interface_184
method_2214,interface_184
method_2215,interface_578
method_2216,interface_953
method_2217,interface_589
method_2218,interface_253
method_2219,interface_553
method_2220,interface_553
method_2221,interface_553
method_2222,interface_553
method_2223,interface_594
method_2224,interface_553
method_2225,interface_553
method_2226,interface_553
method_2227,interface_553
method_2228,interface_553
method_2229,interface_553
method_2230,interface_596
method_2231,interface_596
method_2232,interface_596
method_2233,interface_583
method_2234,interface_583
method_2235,interface_977
method_2236,interface_977
method_2237,interface_279
method_2238,interface_964
method_2239,interface_964
method_2240,interface_82
method_2241,interface_964
method_2242,interface_964
method_2243,interface_964
method_2244,interface_964
method_2245,interface_255
method_2246,interface_237
method_2247,interface_237
method_2248,interface_355
method_2249,interface_747
method_2250,interface_746
method_2251,interface_746
method_2252,interface_746
method_2253,interface_747
method_2254,interface_600
method_2255,interface_977
method_2256,interface_977
method_2257,interface_763
method_2258,interface_297
method_2259,interface_126
method_2260,interface_679
method_2261,interface_561
method_2262,interface_495
method_2263,interface_495
method_2264,interface_927
method_2265,interface_932
method_2266,interface_774
method_2267,interface_640
method_2268,interface_357
method_2269,interface_355
method_2270,interface_746
method_2271,interface_356
method_2272,interface_352
method_2273,interface_14
method_2274,interface_14
method_2275,interface_644
method_2276,interface_649
method_2277,interface_477
method_2278,interface_474
method_2279,interface_476
method_2280,interface_412
method_2281,interface_470
method_2282,interface_471
method_2283,interface_482
method_2284,interface_482
method_2285,interface_471
method_2286,interface_482
method_2287,interface_471
method_2288,interface_474
method_2289,interface_476
method_2290,interface_477
method_2291,interface_477
method_2292,interface_475
method_2293,interface_977
method_2294,interface_477
method_2295,interface_436
method_2296,interface_922
method_2297,interface_476
method_2298,interface_460
method_2299,interface_476
method_2300,interface_460
method_2301,interface_735
method_2302,interface_474
method_2303,interface_735
method_2304,interface_609
method_2305,interface_317
method_2306,interface_668
method_2307,interface_668
method_2308,interface_649
method_2309,interface_649
method_2310,interface_649
method_2311,interface_649
method_2312,interface_649
method_2313,interface_482
method_2314,interface_977
method_2315,interface_977
method_2316,interface_977
method_2317,interface_298
method_2318,interface_522
method_2319,interface_763
method_2320,interface_104
method_2321,interface_163
method_2322,interface_163
method_2323,interface_39
method_2324,interface_298
method_2325,interface_298
method_2326,interface_298
method_2327,interface_298
method_2328,interface_298
method_2329,interface_102
method_2330,interface_102
method_2331,interface_47
method_2332,interface_607
method_2333,interface_605
method_2334,interface_890
method_2335,interface_306
method_2336,interface_485
method_2337,interface_306
method_2338,interface_212
method_2339,interface_468
method_2340,interface_593
method_2341,interface_977
method_2342,interface_977
method_2343,interface_306
method_2344,interface_291
method_2345,interface_468
method_2346,interface_671
method_2347,interface_208
method_2348,interface_209
method_2349,interface_556
method_2350,interface_746
method_2351,interface_746
method_2352,interface_746
method_2353,interface_737
method_2354,interface_356
method_2355,interface_572
method_2356,interface_747
method_2357,interface_977
method_2358,interface_655
method_2359,interface_649
method_2360,interface_649
method_2361,interface_594
method_2362,interface_494
method_2363,interface_48
method_2364,interface_977
method_2365,interface_594
method_2366,interface_494
method_2367,interface_494
method_2368,interface_494
method_2369,interface_494
method_2370,interface_494
method_2371,interface_608
method_2372,interface_387
method_2373,interface_471
method_2374,interface_699
method_2375,interface_948
method_2376,interface_747
method_2377,interface_691
method_2378,interface_526
method_2379,interface_366
method_2380,interface_657
method_2381,interface_527
method_2382,interface_656
method_2383,interface_142
method_2384,interface_974
method_2385,interface_975
method_2386,interface_132
method_2387,interface_92
method_2388,interface_727
method_2389,interface_199
method_2390,interface_546
method_2391,interface_691
method_2392,interface_724
method_2393,interface_713
method_2394,interface_715
method_2395,interface_714
method_2396,interface_550
method_2397,interface_815
method_2398,interface_552
method_2399,interface_552
method_2400,interface_552
method_2401,interface_552
method_2402,interface_248
method_2403,interface_248
method_2404,interface_977
method_2405,interface_977
method_2406,interface_471
method_2407,interface_719
method_2408,interface_148
method_2409,interface_867
method_2410,interface_423
method_2411,interface_867
method_2412,interface_423
method_2413,interface_730
method_2414,interface_606
method_2415,interface_730
method_2416,interface_947
method_2417,interface_730
method_2418,interface_545
method_2419,interface_730
method_2420,interface_730
method_2421,interface_239
method_2422,interface_929
method_2423,interface_295
method_2424,interface_568
method_2425,interface_501
method_2426,interface_880
method_2427,interface_880
method_2428,interface_880
method_2429,interface_880
method_2430,interface_241
method_2431,interface_880
method_2432,interface_880
method_2433,interface_594
method_2434,interface_251
method_2435,interface_251
method_2436,interface_197
method_2437,interface_197
method_2438,interface_679
method_2439,interface_867
method_2440,interface_499
method_2441,interface_423
method_2442,interface_867
method_2443,interface_423
method_2444,interface_475
method_2445,interface_510
method_2446,interface_255
method_2447,interface_510
method_2448,interface_510
method_2449,interface_298
method_2450,interface_979
method_2451,interface_981
method_2452,interface_980
method_2453,interface_649
method_2454,interface_210
method_2455,interface_210
method_2456,interface_303
method_2457,interface_304
method_2458,interface_562
method_2459,interface_763
method_2460,interface_494
method_2461,interface_605
method_2462,interface_584
method_2463,interface_303
method_2464,interface_606
method_2465,interface_125
method_2466,interface_947
method_2467,interface_837
method_2468,interface_820
method_2469,interface_922
method_2470,interface_314
method_2471,interface_553
method_2472,interface_976
method_2473,interface_654
method_2474,interface_977
method_2475,interface_278
method_2476,interface_35
method_2477,interface_655
method_2478,interface_808
method_2479,interface_583
method_2480,interface_409
method_2481,interface_409
method_2482,interface_409
method_2483,interface_852
method_2484,interface_852
method_2485,interface_406
method_2486,interface_427
method_2487,interface_852
method_2488,interface_852
method_2489,interface_185
method_2490,interface_184
method_2491,interface_185
method_2492,interface_184
method_2493,interface_578
method_2494,interface_953
method_2495,interface_583
method_2496,interface_235
method_2497,interface_245
method_2498,interface_116
method_2499,interface_470
method_2500,interface_446
method_2501,interface_424
method_2502,interface_197
method_2503,interface_470
method_2504,interface_470
method_2505,interface_470
method_2506,interface_235
method_2507,interface_245
method_2508,interface_583
method_2509,interface_583
method_2510,interface_482
method_2511,interface_446
method_2512,interface_476
method_2513,interface_460
method_2514,interface_476
method_2515,interface_460
method_2516,interface_476
method_2517,interface_476
method_2518,interface_460
method_2519,interface_476
method_2520,interface_460
method_2521,interface_763
method_2522,interface_657
method_2523,interface_48
method_2524,interface_851
method_2525,interface_818
method_2526,interface_840
method_2527,interface_804
method_2528,interface_699
method_2529,interface_605
method_2530,interface_460
method_2531,interface_570
method_2532,interface_605
method_2533,interface_977
method_2534,interface_860
method_2535,interface_977
method_2536,interface_977
method_2537,interface_977
method_2538,interface_295
method_2539,interface_30
method_2540,interface_207
method_2541,interface_594
method_2542,interface_234
method_2543,interface_234
method_2544,interface_234
method_2545,interface_234
method_2546,interface_234
method_2547,interface_234
method_2548,interface_234
method_2549,interface_234
method_2550,interface_234
method_2551,interface_482
method_2552,interface_497
method_2553,interface_497
method_2554,interface_668
method_2555,interface_668
method_2556,interface_668
method_2557,interface_668
method_2558,interface_668
method_2559,interface_668
method_2560,interface_228
method_2561,interface_606
method_2562,interface_606
method_2563,interface_606
method_2564,interface_606
method_2565,interface_606
method_2566,interface_594
method_2567,interface_594
method_2568,interface_303
method_2569,interface_521
method_2570,interface_521
method_2571,interface_533
method_2572,interface_735
method_2573,interface_585
method_2574,interface_315
method_2575,interface_533
method_2576,interface_562
method_2577,interface_585
method_2578,interface_918
method_2579,interface_584
method_2580,interface_641
method_2581,interface_641
method_2582,interface_262
method_2583,interface_262
method_2584,interface_515
method_2585,interface_412
method_2586,interface_911
method_2587,interface_515
method_2588,interface_515
method_2589,interface_607
method_2590,interface_649
method_2591,interface_231
method_2592,interface_125
method_2593,interface_125
method_2594,interface_710
method_2595,interface_710
method_2596,interface_710
method_2597,interface_710
method_2598,interface_710
method_2599,interface_710
method_2600,interface_710
method_2601,interface_710
method_2602,interface_710
method_2603,interface_710
method_2604,interface_710
method_2605,interface_710
method_2606,interface_710
method_2607,interface_710
method_2608,interface_710
method_2609,interface_710
method_2610,interface_710
method_2611,interface_710
method_2612,interface_710
method_2613,interface_710
method_2614,interface_710
method_2615,interface_474
method_2616,interface_553
method_2617,interface_197
method_2618,interface_370
method_2619,interface_744
method_2620,interface_976
method_2621,interface_764
method_2622,interface_976
method_2623,interface_976
method_2624,interface_976
method_2625,interface_976
method_2626,interface_539
method_2627,interface_849
method_2628,interface_350
method_2629,interface_60
method_2630,interface_69
method_2631,interface_163
method_2632,interface_485
method_2633,interface_511
method_2634,interface_444
method_2635,interface_485
method_2636,interface_207
method_2637,interface_207
method_2638,interface_208
method_2639,interface_208
method_2640,interface_535
method_2641,interface_649
method_2642,interface_510
method_2643,interface_510
method_2644,interface_804
method_2645,interface_162
method_2646,interface_162
method_2647,interface_162
method_2648,interface_477
method_2649,interface_475
method_2650,interface_474
method_2651,interface_476
method_2652,interface_553
method_2653,interface_482
method_2654,interface_471
method_2655,interface_947
method_2656,interface_494
method_2657,interface_649
method_2658,interface_736
method_2659,interface_736
method_2660,interface_736
method_2661,interface_736
method_2662,interface_736
method_2663,interface_736
method_2664,interface_736
method_2665,interface_821
method_2666,interface_651
method_2667,interface_932
method_2668,interface_947
method_2669,interface_703
method_2670,interface_533
method_2671,interface_703
method_2672,interface_296
method_2673,interface_763
method_2674,interface_594
method_2675,interface_614
method_2676,interface_495
method_2677,interface_613
method_2678,interface_201
method_2679,interface_631
method_2680,interface_291
method_2681,interface_744
method_2682,interface_744
method_2683,interface_744
method_2684,interface_744
method_2685,interface_818
method_2686,interface_175
method_2687,interface_175
method_2688,interface_298
method_2689,interface_298
method_2690,interface_977
method_2691,interface_849
method_2692,interface_253
method_2693,interface_387
method_2694,interface_880
method_2695,interface_880
method_2696,interface_880
method_2697,interface_880
method_2698,interface_880
method_2699,interface_880
method_2700,interface_880
method_2701,interface_880
method_2702,interface_880
method_2703,interface_880
method_2704,interface_880
method_2705,interface_880
method_2706,interface_172
method_2707,interface_969
method_2708,interface_969
method_2709,interface_969
method_2710,interface_969
method_2711,interface_969
method_2712,interface_969
method_2713,interface_969
method_2714,interface_969
method_2715,interface_969
method_2716,interface_969
method_2717,interface_969
method_2718,interface_969
method_2719,interface_969
method_2720,interface_969
method_2721,interface_969
method_2722,interface_969
method_2723,interface_969
method_2724,interface_969
method_2725,interface_969
method_2726,interface_969
method_2727,interface_969
method_2728,interface_969
method_2729,interface_969
method_2730,interface_969
method_2731,interface_969
method_2732,interface_969
method_2733,interface_969
method_2734,interface_969
method_2735,interface_969
method_2736,interface_969
method_2737,interface_969
method_2738,interface_969
method_2739,interface_969
method_2740,interface_969
method_2741,interface_969
method_2742,interface_969
method_2743,interface_969
method_2744,interface_969
method_2745,interface_969
method_2746,interface_969
method_2747,interface_969
method_2748,interface_969
method_2749,interface_969
method_2750,interface_969
method_2751,interface_969
method_2752,interface_969
method_2753,interface_895
method_2754,interface_895
method_2755,interface_296
method_2756,interface_562
method_2757,interface_956
method_2758,interface_735
method_2759,interface_735
method_2760,interface_760
method_2761,interface_82
method_2762,interface_730
method_2763,interface_207
method_2764,interface_594
method_2765,interface_606
method_2766,interface_297
method_2767,interface_594
method_2768,interface_594
method_2769,interface_594
method_2770,interface_594
method_2771,interface_818
method_2772,interface_607
method_2773,interface_607
method_2774,interface_673
method_2775,interface_849
method_2776,interface_816
method_2777,interface_841
method_2778,interface_816
method_2779,interface_849
method_2780,interface_241
method_2781,interface_47
method_2782,interface_596
method_2783,interface_474
method_2784,interface_657
method_2785,interface_656
method_2786,interface_712
method_2787,interface_398
method_2788,interface_456
method_2789,interface_477
method_2790,interface_477
method_2791,interface_225
method_2792,interface_189
method_2793,interface_298
method_2794,interface_207
method_2795,interface_468
method_2796,interface_852
method_2797,interface_436
method_2798,interface_295
method_2799,interface_651
method_2800,interface_823
method_2801,interface_102
method_2802,interface_605
method_2803,interface_298
method_2804,interface_977
method_2805,interface_977
method_2806,interface_977
method_2807,interface_977
method_2808,interface_533
method_2809,interface_522
method_2810,interface_977
method_2811,interface_727
method_2812,interface_185
method_2813,interface_185
method_2814,interface_671
method_2815,interface_671
method_2816,interface_298
method_2817,interface_976
method_2818,interface_948
method_2819,interface_494
method_2820,interface_522
method_2821,interface_594
method_2822,interface_347
method_2823,interface_347
method_2824,interface_347
method_2825,interface_369
method_2826,interface_975
method_2827,interface_92
method_2828,interface_384
method_2829,interface_744
method_2830,interface_446
method_2831,interface_424
method_2832,interface_162
method_2833,interface_948
method_2834,interface_539
method_2835,interface_539
method_2836,interface_963
method_2837,interface_763
method_2838,interface_815
method_2839,interface_701
method_2840,interface_729
method_2841,interface_355
method_2842,interface_436
method_2843,interface_470
method_2844,interface_347
method_2845,interface_297
method_2846,interface_436
method_2847,interface_820
method_2848,interface_553
method_2849,interface_755
method_2850,interface_402
method_2851,interface_596
method_2852,interface_208
method_2853,interface_977
method_2854,interface_977
method_2855,interface_826
method_2856,interface_887
method_2857,interface_977
method_2858,interface_895
method_2859,interface_895
method_2860,interface_562
method_2861,interface_271
method_2862,interface_347
method_2863,interface_303
method_2864,interface_296
method_2865,interface_987
method_2866,interface_384
method_2867,interface_384
method_2868,interface_106
method_2869,interface_106
method_2870,interface_387
method_2871,interface_470
method_2872,interface_412
method_2873,interface_418
method_2874,interface_535
method_2875,interface_28
method_2876,interface_36
method_2877,interface_37
method_2878,interface_384
method_2879,interface_899
method_2880,interface_295
method_2881,interface_649
method_2882,interface_94
method_2883,interface_94
method_2884,interface_240
method_2885,interface_240
method_2886,interface_240
method_2887,interface_817
method_2888,interface_265
method_2889,interface_976
method_2890,interface_860
method_2891,interface_434
method_2892,interface_433
method_2893,interface_428
method_2894,interface_432
method_2895,interface_435
method_2896,interface_430
method_2897,interface_87
method_2898,interface_369
method_2899,interface_357
method_2900,interface_921
method_2901,interface_561
method_2902,interface_929
method_2903,interface_662
method_2904,interface_929
method_2905,interface_747
method_2906,interface_475
method_2907,interface_475
method_2908,interface_474
method_2909,interface_384
method_2910,interface_475
method_2911,interface_197
method_2912,interface_195
method_2913,interface_470
method_2914,interface_727
method_2915,interface_47
method_2916,interface_755
method_2917,interface_755
method_2918,interface_755
method_2919,interface_747
method_2920,interface_739
method_2921,interface_895
method_2922,interface_228
method_2923,interface_871
method_2924,interface_671
method_2925,interface_52
method_2926,interface_123
method_2927,interface_108
method_2928,interface_120
method_2929,interface_118
method_2930,interface_111
method_2931,interface_121
method_2932,interface_114
method_2933,interface_14
method_2934,interface_83
method_2935,interface_492
method_2936,interface_492
method_2937,interface_492
method_2938,interface_492
method_2939,interface_849
method_2940,interface_387
method_2941,interface_387
method_2942,interface_658
method_2943,interface_584
method_2944,interface_584
method_2945,interface_963
method_2946,interface_572
method_2947,interface_265
method_2948,interface_257
method_2949,interface_361
method_2950,interface_351
method_2951,interface_920
method_2952,interface_651
method_2953,interface_35
method_2954,interface_584
method_2955,interface_43
method_2956,interface_38
method_2957,interface_162
method_2958,interface_494
method_2959,interface_494
method_2960,interface_494
method_2961,interface_242
method_2962,interface_541
method_2963,interface_562
method_2964,interface_553
method_2965,interface_357
method_2966,interface_747
method_2967,interface_746
method_2968,interface_746
method_2969,interface_746
method_2970,interface_758
method_2971,interface_877
method_2972,interface_877
method_2973,interface_877
method_2974,interface_877
method_2975,interface_877
method_2976,interface_877
method_2977,interface_877
method_2978,interface_877
method_2979,interface_877
method_2980,interface_877
method_2981,interface_877
method_2982,interface_877
method_2983,interface_877
method_2984,interface_314
method_2985,interface_553
method_2986,interface_542
method_2987,interface_553
method_2988,interface_542
method_2989,interface_801
method_2990,interface_818
method_2991,interface_387
method_2992,interface_606
method_2993,interface_729
method_2994,interface_977
method_2995,interface_218
method_2996,interface_218
method_2997,interface_438
method_2998,interface_387
method_2999,interface_649
method_3000,interface_298
method_3001,interface_298
method_3002,interface_298
method_3003,interface_747
method_3004,interface_977
method_3005,interface_927
method_3006,interface_48
method_3007,interface_920
method_3008,interface_679
method_3009,interface_72
method_3010,interface_724
method_3011,interface_568
method_3012,interface_496
method_3013,interface_496
method_3014,interface_948
method_3015,interface_347
method_3016,interface_496
method_3017,interface_496
method_3018,interface_606
method_3019,interface_606
method_3020,interface_606
method_3021,interface_606
method_3022,interface_350
method_3023,interface_162
method_3024,interface_606
method_3025,interface_849
method_3026,interface_297
method_3027,interface_977
method_3028,interface_977
method_3029,interface_297
method_3030,interface_297
method_3031,interface_975
method_3032,interface_92
method_3033,interface_699
method_3034,interface_369
method_3035,interface_649
method_3036,interface_649
method_3037,interface_649
method_3038,interface_977
method_3039,interface_977
method_3040,interface_852
method_3041,interface_126
method_3042,interface_649
method_3043,interface_495
method_3044,interface_495
method_3045,interface_589
method_3046,interface_234
method_3047,interface_615
method_3048,interface_369
method_3049,interface_161
method_3050,interface_161
method_3051,interface_161
method_3052,interface_596
method_3053,interface_161
method_3054,interface_145
method_3055,interface_60
method_3056,interface_72
method_3057,interface_242
method_3058,interface_69
method_3059,interface_567
method_3060,interface_314
method_3061,interface_142
method_3062,interface_218
method_3063,interface_218
method_3064,interface_724
method_3065,interface_48
method_3066,interface_614
method_3067,interface_62
method_3068,interface_62
method_3069,interface_297
method_3070,interface_515
method_3071,interface_515
method_3072,interface_261
method_3073,interface_518
method_3074,interface_297
method_3075,interface_297
method_3076,interface_297
method_3077,interface_852
method_3078,interface_852
method_3079,interface_852
method_3080,interface_977
method_3081,interface_496
method_3082,interface_496
method_3083,interface_496
method_3084,interface_496
method_3085,interface_920
method_3086,interface_239
method_3087,interface_976
method_3088,interface_976
method_3089,interface_976
method_3090,interface_976
method_3091,interface_976
method_3092,interface_606
method_3093,interface_596
method_3094,interface_87
method_3095,interface_977
method_3096,interface_977
method_3097,interface_977
method_3098,interface_977
method_3099,interface_977
method_3100,interface_977
method_3101,interface_977
method_3102,interface_899
method_3103,interface_87
method_3104,interface_161
method_3105,interface_371
method_3106,interface_371
method_3107,interface_371
method_3108,interface_984
method_3109,interface_369
method_3110,interface_369
method_3111,interface_724
method_3112,interface_48
method_3113,interface_899
method_3114,interface_852
method_3115,interface_852
method_3116,interface_852
method_3117,interface_295
method_3118,interface_227
method_3119,interface_100
method_3120,interface_410
method_3121,interface_142
method_3122,interface_495
method_3123,interface_613
method_3124,interface_495
method_3125,interface_410
method_3126,interface_927
method_3127,interface_410
method_3128,interface_142
method_3129,interface_927
method_3130,interface_410
method_3131,interface_410
method_3132,interface_142
method_3133,interface_410
method_3134,interface_285
method_3135,interface_285
method_3136,interface_94
method_3137,interface_94
method_3138,interface_763
method_3139,interface_671
method_3140,interface_94
method_3141,interface_94
method_3142,interface_94
method_3143,interface_746
method_3144,interface_94
method_3145,interface_94
method_3146,interface_746
method_3147,interface_746
method_3148,interface_834
method_3149,interface_984
method_3150,interface_605
method_3151,interface_823
method_3152,interface_671
method_3153,interface_555
method_3154,interface_746
method_3155,interface_100
method_3156,interface_304
method_3157,interface_284
method_3158,interface_71
method_3159,interface_291
method_3160,interface_71
method_3161,interface_66
method_3162,interface_71
method_3163,interface_66
method_3164,interface_291
method_3165,interface_291
method_3166,interface_965
method_3167,interface_562
method_3168,interface_645
method_3169,interface_554
method_3170,interface_227
method_3171,interface_227
method_3172,interface_855
method_3173,interface_855
method_3174,interface_341
method_3175,interface_555
method_3176,interface_678
method_3177,interface_41
method_3178,interface_537
method_3179,interface_872
method_3180,interface_257
method_3181,interface_47
method_3182,interface_257
method_3183,interface_418
method_3184,interface_890
method_3185,interface_436
method_3186,interface_387
method_3187,interface_436
method_3188,interface_387
method_3189,interface_485
method_3190,interface_477
method_3191,interface_459
method_3192,interface_155
method_3193,interface_622
method_3194,interface_810
method_3195,interface_561
method_3196,interface_485
method_3197,interface_436
method_3198,interface_553
method_3199,interface_255
method_3200,interface_261
method_3201,interface_261
method_3202,interface_102
method_3203,interface_95
method_3204,interface_499
method_3205,interface_537
method_3206,interface_537
method_3207,interface_881
method_3208,interface_336
method_3209,interface_470
method_3210,interface_482
method_3211,interface_404
method_3212,interface_419
method_3213,interface_420
method_3214,interface_253
method_3215,interface_471
method_3216,interface_408
method_3217,interface_462
method_3218,interface_462
method_3219,interface_420
method_3220,interface_482
method_3221,interface_404
method_3222,interface_419
method_3223,interface_420
method_3224,interface_94
method_3225,interface_94
method_3226,interface_94
method_3227,interface_94
method_3228,interface_657
method_3229,interface_810
method_3230,interface_94
method_3231,interface_94
method_3232,interface_94
method_3233,interface_94
method_3234,interface_94
method_3235,interface_796
method_3236,interface_413
method_3237,interface_824
method_3238,interface_894
method_3239,interface_210
method_3240,interface_685
method_3241,interface_895
method_3242,interface_559
method_3243,interface_679
method_3244,interface_251
method_3245,interface_516
method_3246,interface_600
method_3247,interface_679
method_3248,interface_851
method_3249,interface_711
method_3250,interface_825
method_3251,interface_261
method_3252,interface_397
method_3253,interface_398
method_3254,interface_391
method_3255,interface_553
method_3256,interface_427
method_3257,interface_689
method_3258,interface_216
method_3259,interface_645
method_3260,interface_192
method_3261,interface_810
method_3262,interface_259
method_3263,interface_555
method_3264,interface_686
method_3265,interface_210
method_3266,interface_197
method_3267,interface_918
method_3268,interface_686
method_3269,interface_894
method_3270,interface_555
method_3271,interface_476
method_3272,interface_686
method_3273,interface_860
method_3274,interface_52
method_3275,interface_103
method_3276,interface_809
method_3277,interface_809
method_3278,interface_809
method_3279,interface_645
method_3280,interface_289
method_3281,interface_289
method_3282,interface_261
method_3283,interface_250
method_3284,interface_251
method_3285,interface_244
method_3286,interface_529
method_3287,interface_312
method_3288,interface_504
method_3289,interface_955
method_3290,interface_872
method_3291,interface_154
method_3292,interface_868
method_3293,interface_506
method_3294,interface_365
method_3295,interface_25
method_3296,interface_167
method_3297,interface_180
method_3298,interface_319
method_3299,interface_973
method_3300,interface_986
method_3301,interface_625
method_3302,interface_27
method_3303,interface_41
method_3304,interface_926
method_3305,interface_883
method_3306,interface_759
method_3307,interface_498
method_3308,interface_853
method_3309,interface_675
method_3310,interface_874
method_3311,interface_667
method_3312,interface_170
method_3313,interface_269
method_3314,interface_571
method_3315,interface_573
method_3316,interface_13
method_3317,interface_910
method_3318,interface_226
method_3319,interface_582
method_3320,interface_855
method_3321,interface_190
method_3322,interface_740
method_3323,interface_720
method_3324,interface_152
method_3325,interface_229
method_3326,interface_718
method_3327,interface_905
method_3328,interface_588
method_3329,interface_644
method_3330,interface_51
method_3331,interface_490
method_3332,interface_592
method_3333,interface_635
method_3334,interface_143
method_3335,interface_98
method_3336,interface_194
method_3337,interface_379
method_3338,interface_487
method_3339,interface_961
method_3340,interface_232
method_3341,interface_264
method_3342,interface_524
method_3343,interface_316
method_3344,interface_86
method_3345,interface_709
method_3346,interface_258
method_3347,interface_179
method_3348,interface_893
method_3349,interface_519
method_3350,interface_254
method_3351,interface_378
method_3352,interface_674
method_3353,interface_57
method_3354,interface_252
method_3355,interface_643
method_3356,interface_33
method_3357,interface_591
method_3358,interface_827
method_3359,interface_236
method_3360,interface_693
method_3361,interface_619
method_3362,interface_517
method_3363,interface_829
method_3364,interface_695
method_3365,interface_246
method_3366,interface_260
method_3367,interface_65
method_3368,interface_79
method_3369,interface_93
method_3370,interface_322
method_3371,interface_97
method_3372,interface_902
method_3373,interface_29
method_3374,interface_728
method_3375,interface_266
method_3376,interface_898
method_3377,interface_23
method_3378,interface_124
method_3379,interface_249
method_3380,interface_146
method_3381,interface_830
method_3382,interface_828
method_3383,interface_696
method_3384,interface_694
method_3385,interface_2
method_3386,interface_109
method_3387,interface_579
method_3388,interface_117
method_3389,interface_131
method_3390,interface_59
method_3391,interface_105
method_3392,interface_88
method_3393,interface_587
method_3394,interface_77
method_3395,interface_359
method_3396,interface_243
method_3397,interface_238
method_3398,interface_738
method_3399,interface_732
method_3400,interface_862
method_3401,interface_286
method_3402,interface_119
method_3403,interface_113
method_3404,interface_68
method_3405,interface_122
method_3406,interface_110
method_3407,interface_544
method_3408,interface_6
method_3409,interface_726
method_3410,interface_623
method_3411,interface_80
method_3412,interface_67
method_3413,interface_618
method_3414,interface_558
method_3415,interface_115
method_3416,interface_290
method_3417,interface_855
method_3418,interface_504
method_3419,interface_86
method_3420,interface_364
method_3421,interface_364
method_3422,interface_364
method_3423,interface_572
method_3424,interface_489
method_3425,interface_857
method_3426,interface_895
method_3427,interface_895
method_3428,interface_895
method_3429,interface_895
method_3430,interface_895
method_3431,interface_895
method_3432,interface_895
method_3433,interface_222
method_3434,interface_802
method_3435,interface_328
method_3436,interface_893
method_3437,interface_130
method_3438,interface_209
method_3439,interface_838
method_3440,interface_268
method_3441,interface_679
method_3442,interface_705
method_3443,interface_824
method_3444,interface_677
method_3445,interface_686
method_3446,interface_684
method_3447,interface_816
method_3448,interface_813
method_3449,interface_705
method_3450,interface_562
method_3451,interface_562
method_3452,interface_679
method_3453,interface_814
method_3454,interface_679
method_3455,interface_833
method_3456,interface_562
method_3457,interface_562
method_3458,interface_798
method_3459,interface_807
method_3460,interface_803
method_3461,interface_839
method_3462,interface_807
method_3463,interface_846
method_3464,interface_677
method_3465,interface_562
method_3466,interface_679
method_3467,interface_806
method_3468,interface_677
method_3469,interface_548
method_3470,interface_548
method_3471,interface_269
method_3472,interface_812
method_3473,interface_833
method_3474,interface_681
method_3475,interface_677
method_3476,interface_550
method_3477,interface_269
method_3478,interface_820
method_3479,interface_826
method_3480,interface_550
method_3481,interface_208
method_3482,interface_562
method_3483,interface_562
method_3484,interface_679
method_3485,interface_785
method_3486,interface_97
method_3487,interface_534
method_3488,interface_307
method_3489,interface_561
method_3490,interface_553
method_3491,interface_548
method_3492,interface_961
method_3493,interface_961
method_3494,interface_548
method_3495,interface_94
method_3496,interface_253
method_3497,interface_590
method_3498,interface_943
method_3499,interface_719
method_3500,interface_436
method_3501,interface_468
method_3502,interface_235
method_3503,interface_245
method_3504,interface_668
method_3505,interface_668
method_3506,interface_436
method_3507,interface_468
method_3508,interface_436
method_3509,interface_134
method_3510,interface_208
method_3511,interface_609
method_3512,interface_317
method_3513,interface_94
method_3514,interface_600
method_3515,interface_943
method_3516,interface_253
method_3517,interface_561
method_3518,interface_242
method_3519,interface_554
method_3520,interface_970
method_3521,interface_57
method_3522,interface_229
method_3523,interface_554
method_3524,interface_681
method_3525,interface_985
method_3526,interface_227
method_3527,interface_263
method_3528,interface_94
method_3529,interface_303
method_3530,interface_303
method_3531,interface_304
method_3532,interface_837
method_3533,interface_837
method_3534,interface_837
method_3535,interface_801
method_3536,interface_810
method_3537,interface_810
method_3538,interface_810
method_3539,interface_810
method_3540,interface_837
method_3541,interface_810
method_3542,interface_810
method_3543,interface_810
method_3544,interface_810
method_3545,interface_203
method_3546,interface_229
method_3547,interface_308
method_3548,interface_881
method_3549,interface_561
method_3550,interface_289
method_3551,interface_94
method_3552,interface_855
method_3553,interface_855
method_3554,interface_810
method_3555,interface_811
method_3556,interface_810
method_3557,interface_810
method_3558,interface_811
method_3559,interface_702
method_3560,interface_306
method_3561,interface_550
method_3562,interface_835
method_3563,interface_919
method_3564,interface_129
method_3565,interface_985
method_3566,interface_251
method_3567,interface_516
method_3568,interface_516
method_3569,interface_985
method_3570,interface_251
method_3571,interface_516
method_3572,interface_516
method_3573,interface_94
method_3574,interface_729
method_3575,interface_729
method_3576,interface_729
method_3577,interface_729
method_3578,interface_729
method_3579,interface_729
method_3580,interface_977
method_3581,interface_970
method_3582,interface_727
method_3583,interface_585
method_3584,interface_585
method_3585,interface_729
method_3586,interface_526
method_3587,interface_523
method_3588,interface_657
method_3589,interface_362
method_3590,interface_721
method_3591,interface_575
method_3592,interface_867
method_3593,interface_423
method_3594,interface_867
method_3595,interface_499
method_3596,interface_423
method_3597,interface_151
method_3598,interface_222
method_3599,interface_521
method_3600,interface_657
method_3601,interface_142
method_3602,interface_974
method_3603,interface_975
method_3604,interface_727
method_3605,interface_724
method_3606,interface_148
method_3607,interface_406
method_3608,interface_427
method_3609,interface_162
method_3610,interface_596
method_3611,interface_657
method_3612,interface_856
method_3613,interface_727
method_3614,interface_975
method_3615,interface_729
method_3616,interface_727
method_3617,interface_729
method_3618,interface_975
method_3619,interface_72
method_3620,interface_142
method_3621,interface_724
method_3622,interface_142
method_3623,interface_142
method_3624,interface_142
method_3625,interface_810
method_3626,interface_800
method_3627,interface_799
method_3628,interface_799
method_3629,interface_620
method_3630,interface_100
method_3631,interface_600
method_3632,interface_229
method_3633,interface_934
method_3634,interface_934
method_3635,interface_562
method_3636,interface_94
method_3637,interface_970
method_3638,interface_920
method_3639,interface_895
method_3640,interface_529
method_3641,interface_872
method_3642,interface_766
method_3643,interface_506
method_3644,interface_365
method_3645,interface_25
method_3646,interface_167
method_3647,interface_180
method_3648,interface_625
method_3649,interface_27
method_3650,interface_41
method_3651,interface_759
method_3652,interface_498
method_3653,interface_853
method_3654,interface_675
method_3655,interface_874
method_3656,interface_269
method_3657,interface_571
method_3658,interface_573
method_3659,interface_13
method_3660,interface_910
method_3661,interface_226
method_3662,interface_582
method_3663,interface_855
method_3664,interface_720
method_3665,interface_905
method_3666,interface_588
method_3667,interface_644
method_3668,interface_51
method_3669,interface_490
method_3670,interface_194
method_3671,interface_264
method_3672,interface_524
method_3673,interface_316
method_3674,interface_86
method_3675,interface_709
method_3676,interface_258
method_3677,interface_179
method_3678,interface_519
method_3679,interface_254
method_3680,interface_378
method_3681,interface_674
method_3682,interface_57
method_3683,interface_252
method_3684,interface_33
method_3685,interface_236
method_3686,interface_517
method_3687,interface_246
method_3688,interface_260
method_3689,interface_93
method_3690,interface_29
method_3691,interface_728
method_3692,interface_266
method_3693,interface_23
method_3694,interface_124
method_3695,interface_249
method_3696,interface_2
method_3697,interface_109
method_3698,interface_579
method_3699,interface_131
method_3700,interface_59
method_3701,interface_587
method_3702,interface_77
method_3703,interface_326
method_3704,interface_243
method_3705,interface_238
method_3706,interface_732
method_3707,interface_119
method_3708,interface_113
method_3709,interface_211
method_3710,interface_68
method_3711,interface_122
method_3712,interface_110
method_3713,interface_6
method_3714,interface_726
method_3715,interface_80
method_3716,interface_558
method_3717,interface_115
method_3718,interface_74
method_3719,interface_290
method_3720,interface_855
method_3721,interface_746
method_3722,interface_731
method_3723,interface_130
method_3724,interface_728
method_3725,interface_470
method_3726,interface_732
method_3727,interface_446
method_3728,interface_726
method_3729,interface_558
method_3730,interface_838
method_3731,interface_838
method_3732,interface_418
method_3733,interface_473
method_3734,interface_477
method_3735,interface_419
method_3736,interface_473
method_3737,interface_407
method_3738,interface_407
method_3739,interface_563
method_3740,interface_559
method_3741,interface_839
method_3742,interface_413
method_3743,interface_263
method_3744,interface_922
method_3745,interface_424
method_3746,interface_460
method_3747,interface_460
method_3748,interface_668
method_3749,interface_668
method_3750,interface_838
method_3751,interface_758
method_3752,interface_477
method_3753,interface_474
method_3754,interface_476
method_3755,interface_217
method_3756,interface_48
method_3757,interface_48
method_3758,interface_39
method_3759,interface_421
method_3760,interface_418
method_3761,interface_824
method_3762,interface_504
method_3763,interface_740
method_3764,interface_827
method_3765,interface_693
method_3766,interface_829
method_3767,interface_695
method_3768,interface_830
method_3769,interface_828
method_3770,interface_696
method_3771,interface_694
method_3772,interface_253
method_3773,interface_805
method_3774,interface_700
method_3775,interface_418
method_3776,interface_605
method_3777,interface_618
method_3778,interface_470
method_3779,interface_470
method_3780,interface_470
method_3781,interface_485
method_3782,interface_471
method_3783,interface_201
method_3784,interface_39
method_3785,interface_477
method_3786,interface_814
method_3787,interface_274
method_3788,interface_274
method_3789,interface_421
method_3790,interface_483
method_3791,interface_630
method_3792,interface_384
method_3793,interface_459
method_3794,interface_446
method_3795,interface_412
method_3796,interface_421
method_3797,interface_482
method_3798,interface_471
method_3799,interface_482
method_3800,interface_471
method_3801,interface_364
method_3802,interface_848
method_3803,interface_436
method_3804,interface_231
method_3805,interface_419
method_3806,interface_869
method_3807,interface_936
method_3808,interface_212
method_3809,interface_212
method_3810,interface_384
method_3811,interface_857
method_3812,interface_227
method_3813,interface_476
method_3814,interface_315
method_3815,interface_512
method_3816,interface_322
method_3817,interface_47
method_3818,interface_407
method_3819,interface_407
method_3820,interface_803
method_3821,interface_839
method_3822,interface_807
method_3823,interface_846
method_3824,interface_436
method_3825,interface_475
method_3826,interface_474
method_3827,interface_476
method_3828,interface_477
method_3829,interface_477
method_3830,interface_436
method_3831,interface_42
method_3832,interface_806
method_3833,interface_239
method_3834,interface_235
method_3835,interface_245
method_3836,interface_477
method_3837,interface_52
method_3838,interface_548
method_3839,interface_671
method_3840,interface_687
method_3841,interface_812
method_3842,interface_593
method_3843,interface_746
method_3844,interface_564
method_3845,interface_746
method_3846,interface_572
method_3847,interface_489
method_3848,interface_475
method_3849,interface_592
method_3850,interface_556
method_3851,interface_922
method_3852,interface_922
method_3853,interface_654
method_3854,interface_654
method_3855,interface_655
method_3856,interface_655
method_3857,interface_235
method_3858,interface_245
method_3859,interface_424
method_3860,interface_550
method_3861,interface_837
method_3862,interface_820
method_3863,interface_657
method_3864,interface_326
method_3865,interface_668
method_3866,interface_668
method_3867,interface_315
method_3868,interface_474
method_3869,interface_553
method_3870,interface_291
method_3871,interface_253
method_3872,interface_735
method_3873,interface_436
method_3874,interface_468
method_3875,interface_436
method_3876,interface_436
method_3877,interface_671
method_3878,interface_553
method_3879,interface_384
method_3880,interface_470
method_3881,interface_434
method_3882,interface_433
method_3883,interface_435
method_3884,interface_392
method_3885,interface_418
method_3886,interface_817
method_3887,interface_475
method_3888,interface_470
method_3889,interface_470
method_3890,interface_746
method_3891,interface_438
method_3892,interface_609
method_3893,interface_317
method_3894,interface_658
method_3895,interface_658
method_3896,interface_719
method_3897,interface_639
method_3898,interface_201
method_3899,interface_856
method_3900,interface_731
method_3901,interface_529
method_3902,interface_930
method_3903,interface_529
method_3904,interface_836
method_3905,interface_418
method_3906,interface_206
method_3907,interface_675
method_3908,interface_418
method_3909,interface_384
method_3910,interface_459
method_3911,interface_412
method_3912,interface_581
method_3913,interface_470
method_3914,interface_446
method_3915,interface_675
method_3916,interface_418
method_3917,interface_421
method_3918,interface_291
method_3919,interface_545
method_3920,interface_920
method_3921,interface_922
method_3922,interface_585
method_3923,interface_904
method_3924,interface_679
method_3925,interface_920
method_3926,interface_662
method_3927,interface_64
method_3928,interface_755
method_3929,interface_861
method_3930,interface_861
method_3931,interface_956
method_3932,interface_837
method_3933,interface_837
method_3934,interface_879
method_3935,interface_879
method_3936,interface_242
method_3937,interface_326
method_3938,interface_328
method_3939,interface_328
method_3940,interface_593
method_3941,interface_593
method_3942,interface_366
method_3943,interface_556
method_3944,interface_896
method_3945,interface_937
method_3946,interface_909
method_3947,interface_669
method_3948,interface_133
method_3949,interface_896
method_3950,interface_758
method_3951,interface_861
method_3952,interface_956
method_3953,interface_972
method_3954,interface_903
method_3955,interface_831
method_3956,interface_253
method_3957,interface_832
method_3958,interface_94
method_3959,interface_702
method_3960,interface_616
method_3961,interface_857
method_3962,interface_55
method_3963,interface_555
method_3964,interface_78
method_3965,interface_723
method_3966,interface_723
method_3967,interface_250
method_3968,interface_514
method_3969,interface_251
method_3970,interface_516
method_3971,interface_227
method_3972,interface_895
method_3973,interface_227
method_3974,interface_206
method_3975,interface_261
method_3976,interface_518
method_3977,interface_879
method_3978,interface_879
method_3979,interface_861
method_3980,interface_956
method_3981,interface_536
method_3982,interface_831
method_3983,interface_840
method_3984,interface_767
method_3985,interface_831
method_3986,interface_855
method_3987,interface_343
method_3988,interface_336
method_3989,interface_338
method_3990,interface_343
method_3991,interface_336
method_3992,interface_338
method_3993,interface_149
method_3994,interface_855
method_3995,interface_855
method_3996,interface_855
method_3997,interface_880
method_3998,interface_880
method_3999,interface_871
method_4000,interface_881
method_4001,interface_218
method_4002,interface_218
method_4003,interface_355
method_4004,interface_747
method_4005,interface_352
method_4006,interface_352
method_4007,interface_977
method_4008,interface_977
method_4009,interface_515
method_4010,interface_162
method_4011,interface_589
method_4012,interface_224
method_4013,interface_64
method_4014,interface_50
method_4015,interface_265
method_4016,interface_596
method_4017,interface_804
method_4018,interface_699
method_4019,interface_691
method_4020,interface_736
method_4021,interface_370
method_4022,interface_966
method_4023,interface_977
method_4024,interface_297
method_4025,interface_298
method_4026,interface_649
method_4027,interface_295
method_4028,interface_977
method_4029,interface_62
method_4030,interface_298
method_4031,interface_87
method_4032,interface_62
method_4033,interface_62
method_4034,interface_477
method_4035,interface_474
method_4036,interface_474
method_4037,interface_314
method_4038,interface_494
method_4039,interface_940
method_4040,interface_940
method_4041,interface_469
method_4042,interface_469
method_4043,interface_476
method_4044,interface_539
method_4045,interface_298
method_4046,interface_355
method_4047,interface_477
method_4048,interface_355
method_4049,interface_412
method_4050,interface_412
method_4051,interface_384
method_4052,interface_384
method_4053,interface_295
method_4054,interface_87
method_4055,interface_87
method_4056,interface_87
method_4057,interface_87
method_4058,interface_87
method_4059,interface_87
method_4060,interface_87
method_4061,interface_87
method_4062,interface_87
method_4063,interface_87
method_4064,interface_87
method_4065,interface_87
method_4066,interface_298
method_4067,interface_298
method_4068,interface_298
method_4069,interface_298
method_4070,interface_298
method_4071,interface_298
method_4072,interface_298
method_4073,interface_298
method_4074,interface_298
method_4075,interface_298
method_4076,interface_295
method_4077,interface_295
method_4078,interface_606
method_4079,interface_977
method_4080,interface_977
method_4081,interface_947
method_4082,interface_494
method_4083,interface_594
method_4084,interface_948
method_4085,interface_665
method_4086,interface_120
method_4087,interface_796
method_4088,interface_251
method_4089,interface_87
method_4090,interface_413
method_4091,interface_947
method_4092,interface_964
method_4093,interface_367
method_4094,interface_880
method_4095,interface_880
method_4096,interface_880
method_4097,interface_880
method_4098,interface_880
method_4099,interface_880
method_4100,interface_880
method_4101,interface_880
method_4102,interface_892
method_4103,interface_892
method_4104,interface_892
method_4105,interface_892
method_4106,interface_892
method_4107,interface_892
method_4108,interface_892
method_4109,interface_892
method_4110,interface_892
method_4111,interface_892
method_4112,interface_892
method_4113,interface_892
method_4114,interface_892
method_4115,interface_892
method_4116,interface_892
method_4117,interface_892
method_4118,interface_892
method_4119,interface_892
method_4120,interface_892
method_4121,interface_892
method_4122,interface_892
method_4123,interface_892
method_4124,interface_892
method_4125,interface_892
method_4126,interface_892
method_4127,interface_920
method_4128,interface_922
method_4129,interface_982
method_4130,interface_73
method_4131,interface_640
method_4132,interface_48
method_4133,interface_48
method_4134,interface_947
method_4135,interface_494
method_4136,interface_494
method_4137,interface_368
method_4138,interface_948
method_4139,interface_594
method_4140,interface_594
method_4141,interface_594
method_4142,interface_120
method_4143,interface_82
method_4144,interface_966
method_4145,interface_350
method_4146,interface_948
method_4147,interface_126
method_4148,interface_126
method_4149,interface_371
method_4150,interface_371
method_4151,interface_371
method_4152,interface_48
method_4153,interface_977
method_4154,interface_747
method_4155,interface_747
method_4156,interface_649
method_4157,interface_262
method_4158,interface_150
method_4159,interface_150
method_4160,interface_150
method_4161,interface_515
method_4162,interface_977
method_4163,interface_83
method_4164,interface_977
method_4165,interface_977
method_4166,interface_241
method_4167,interface_87
method_4168,interface_467
method_4169,interface_467
method_4170,interface_690
method_4171,interface_649
method_4172,interface_298
method_4173,interface_271
method_4174,interface_977
method_4175,interface_977
method_4176,interface_977
method_4177,interface_977
method_4178,interface_387
method_4179,interface_515
method_4180,interface_515
method_4181,interface_515
method_4182,interface_515
method_4183,interface_515
method_4184,interface_418
method_4185,interface_977
method_4186,interface_938
method_4187,interface_584
method_4188,interface_533
method_4189,interface_554
method_4190,interface_298
method_4191,interface_298
method_4192,interface_298
method_4193,interface_298
method_4194,interface_298
method_4195,interface_298
method_4196,interface_298
method_4197,interface_162
method_4198,interface_163
method_4199,interface_375
method_4200,interface_515
method_4201,interface_747
method_4202,interface_218
method_4203,interface_218
method_4204,interface_253
method_4205,interface_253
method_4206,interface_253
method_4207,interface_253
method_4208,interface_253
method_4209,interface_357
method_4210,interface_736
method_4211,interface_477
method_4212,interface_477
method_4213,interface_429
method_4214,interface_539
method_4215,interface_539
method_4216,interface_314
method_4217,interface_964
method_4218,interface_964
method_4219,interface_607
method_4220,interface_242
method_4221,interface_515
method_4222,interface_515
method_4223,interface_852
method_4224,interface_515
method_4225,interface_515
method_4226,interface_515
method_4227,interface_515
method_4228,interface_559
method_4229,interface_470
method_4230,interface_387
method_4231,interface_501
method_4232,interface_964
method_4233,interface_369
method_4234,interface_947
method_4235,interface_369
method_4236,interface_920
method_4237,interface_977
method_4238,interface_649
method_4239,interface_649
method_4240,interface_253
method_4241,interface_228
method_4242,interface_368
method_4243,interface_412
method_4244,interface_663
method_4245,interface_350
method_4246,interface_48
method_4247,interface_747
method_4248,interface_384
method_4249,interface_125
method_4250,interface_192
method_4251,interface_755
method_4252,interface_192
method_4253,interface_649
method_4254,interface_649
method_4255,interface_369
method_4256,interface_649
method_4257,interface_387
method_4258,interface_559
method_4259,interface_606
method_4260,interface_501
method_4261,interface_660
method_4262,interface_346
method_4263,interface_542
method_4264,interface_542
method_4265,interface_163
method_4266,interface_163
method_4267,interface_515
method_4268,interface_234
method_4269,interface_464
method_4270,interface_481
method_4271,interface_494
method_4272,interface_746
method_4273,interface_841
method_4274,interface_605
method_4275,interface_841
method_4276,interface_129
method_4277,interface_746
method_4278,interface_746
method_4279,interface_555
method_4280,interface_64
method_4281,interface_368
method_4282,interface_746
method_4283,interface_412
method_4284,interface_412
method_4285,interface_387
method_4286,interface_83
method_4287,interface_83
method_4288,interface_83
method_4289,interface_83
method_4290,interface_201
method_4291,interface_201
method_4292,interface_201
method_4293,interface_607
method_4294,interface_607
method_4295,interface_607
method_4296,interface_607
method_4297,interface_607
method_4298,interface_607
method_4299,interface_607
method_4300,interface_607
method_4301,interface_607
method_4302,interface_607
method_4303,interface_607
method_4304,interface_607
method_4305,interface_607
method_4306,interface_607
method_4307,interface_607
method_4308,interface_607
method_4309,interface_607
method_4310,interface_607
method_4311,interface_607
method_4312,interface_607
method_4313,interface_607
method_4314,interface_607
method_4315,interface_9
method_4316,interface_367
method_4317,interface_527
method_4318,interface_661
method_4319,interface_176
method_4320,interface_279
method_4321,interface_638
method_4322,interface_488
method_4323,interface_871
method_4324,interface_699
method_4325,interface_515
method_4326,interface_850
method_4327,interface_62
method_4328,interface_62
method_4329,interface_977
method_4330,interface_538
method_4331,interface_538
method_4332,interface_850
method_4333,interface_850
method_4334,interface_850
method_4335,interface_977
method_4336,interface_977
method_4337,interface_314
method_4338,interface_296
method_4339,interface_314
method_4340,interface_940
method_4341,interface_369
method_4342,interface_692
method_4343,interface_649
method_4344,interface_522
method_4345,interface_207
method_4346,interface_295
method_4347,interface_510
method_4348,interface_510
method_4349,interface_533
method_4350,interface_963
method_4351,interface_963
method_4352,interface_963
method_4353,interface_384
method_4354,interface_298
method_4355,interface_298
method_4356,interface_298
method_4357,interface_298
method_4358,interface_298
method_4359,interface_298
method_4360,interface_298
method_4361,interface_298
method_4362,interface_298
method_4363,interface_298
method_4364,interface_298
method_4365,interface_298
method_4366,interface_298
method_4367,interface_298
method_4368,interface_298
method_4369,interface_298
method_4370,interface_298
method_4371,interface_298
method_4372,interface_298
method_4373,interface_298
method_4374,interface_298
method_4375,interface_298
method_4376,interface_298
method_4377,interface_298
method_4378,interface_298
method_4379,interface_298
method_4380,interface_298
method_4381,interface_298
method_4382,interface_298
method_4383,interface_298
method_4384,interface_298
method_4385,interface_298
method_4386,interface_298
method_4387,interface_114
method_4388,interface_145
method_4389,interface_956
method_4390,interface_709
method_4391,interface_366
method_4392,interface_669
method_4393,interface_132
method_4394,interface_133
method_4395,interface_857
method_4396,interface_736
method_4397,interface_857
method_4398,interface_87
method_4399,interface_515
method_4400,interface_515
method_4401,interface_977
method_4402,interface_852
method_4403,interface_977
method_4404,interface_948
method_4405,interface_649
method_4406,interface_977
method_4407,interface_501
method_4408,interface_947
method_4409,interface_947
method_4410,interface_947
method_4411,interface_234
method_4412,interface_956
method_4413,interface_501
method_4414,interface_421
method_4415,interface_539
method_4416,interface_412
method_4417,interface_412
method_4418,interface_501
method_4419,interface_228
method_4420,interface_347
method_4421,interface_271
method_4422,interface_303
method_4423,interface_495
method_4424,interface_495
method_4425,interface_887
method_4426,interface_350
method_4427,interface_501
method_4428,interface_849
method_4429,interface_668
method_4430,interface_668
method_4431,interface_871
method_4432,interface_977
method_4433,interface_977
method_4434,interface_515
method_4435,interface_482
method_4436,interface_412
method_4437,interface_17
method_4438,interface_87
method_4439,interface_743
method_4440,interface_436
method_4441,interface_467
method_4442,interface_467
method_4443,interface_424
method_4444,interface_820
method_4445,interface_436
method_4446,interface_402
method_4447,interface_730
method_4448,interface_500
method_4449,interface_908
method_4450,interface_711
method_4451,interface_36
method_4452,interface_37
method_4453,interface_495
method_4454,interface_956
method_4455,interface_956
method_4456,interface_649
method_4457,interface_937
method_4458,interface_978
method_4459,interface_978
method_4460,interface_978
method_4461,interface_494
method_4462,interface_978
method_4463,interface_978
method_4464,interface_978
method_4465,interface_978
method_4466,interface_494
method_4467,interface_978
method_4468,interface_963
method_4469,interface_538
method_4470,interface_649
method_4471,interface_649
method_4472,interface_538
method_4473,interface_649
method_4474,interface_963
method_4475,interface_326
method_4476,interface_904
method_4477,interface_699
method_4478,interface_977
method_4479,interface_241
method_4480,interface_553
method_4481,interface_384
method_4482,interface_553
method_4483,interface_568
method_4484,interface_553
method_4485,interface_751
method_4486,interface_533
method_4487,interface_265
method_4488,interface_368
method_4489,interface_474
method_4490,interface_712
method_4491,interface_477
method_4492,interface_477
method_4493,interface_476
method_4494,interface_352
method_4495,interface_977
method_4496,interface_977
method_4497,interface_977
method_4498,interface_977
method_4499,interface_977
method_4500,interface_977
method_4501,interface_977
method_4502,interface_977
method_4503,interface_255
method_4504,interface_255
method_4505,interface_607
method_4506,interface_607
method_4507,interface_241
method_4508,interface_351
method_4509,interface_241
method_4510,interface_241
method_4511,interface_241
method_4512,interface_241
method_4513,interface_717
method_4514,interface_522
method_4515,interface_977
method_4516,interface_347
method_4517,interface_239
method_4518,interface_262
method_4519,interface_816
method_4520,interface_825
method_4521,interface_239
method_4522,interface_298
method_4523,interface_559
method_4524,interface_553
method_4525,interface_563
method_4526,interface_559
method_4527,interface_397
method_4528,interface_398
method_4529,interface_391
method_4530,interface_295
method_4531,interface_76
method_4532,interface_568
method_4533,interface_977
method_4534,interface_977
method_4535,interface_852
method_4536,interface_852
method_4537,interface_297
method_4538,interface_852
method_4539,interface_852
method_4540,interface_297
method_4541,interface_297
method_4542,interface_297
method_4543,interface_852
method_4544,interface_297
method_4545,interface_297
method_4546,interface_852
method_4547,interface_477
method_4548,interface_475
method_4549,interface_474
method_4550,interface_476
method_4551,interface_977
method_4552,interface_36
method_4553,interface_37
method_4554,interface_8
method_4555,interface_35
method_4556,interface_4
method_4557,interface_36
method_4558,interface_37
method_4559,interface_35
method_4560,interface_4
method_4561,interface_977
method_4562,interface_977
method_4563,interface_422
method_4564,interface_333
method_4565,interface_515
method_4566,interface_852
method_4567,interface_852
method_4568,interface_298
method_4569,interface_147
method_4570,interface_649
method_4571,interface_982
method_4572,interface_689
method_4573,interface_521
method_4574,interface_521
method_4575,interface_653
method_4576,interface_606
method_4577,interface_606
method_4578,interface_606
method_4579,interface_606
method_4580,interface_606
method_4581,interface_606
method_4582,interface_606
method_4583,interface_63
method_4584,interface_606
method_4585,interface_83
method_4586,interface_82
method_4587,interface_82
method_4588,interface_966
method_4589,interface_496
method_4590,interface_496
method_4591,interface_496
method_4592,interface_496
method_4593,interface_496
method_4594,interface_978
method_4595,interface_496
method_4596,interface_496
method_4597,interface_494
method_4598,interface_496
method_4599,interface_496
method_4600,interface_496
method_4601,interface_496
method_4602,interface_978
method_4603,interface_496
method_4604,interface_496
method_4605,interface_496
method_4606,interface_496
method_4607,interface_224
method_4608,interface_357
method_4609,interface_857
method_4610,interface_964
method_4611,interface_607
method_4612,interface_607
method_4613,interface_175
method_4614,interface_712
method_4615,interface_303
method_4616,interface_402
method_4617,interface_402
method_4618,interface_402
method_4619,interface_963
method_4620,interface_963
method_4621,interface_412
method_4622,interface_977
method_4623,interface_594
method_4624,interface_556
method_4625,interface_947
method_4626,interface_947
method_4627,interface_495
method_4628,interface_296
method_4629,interface_495
method_4630,interface_296
method_4631,interface_219
method_4632,interface_747
method_4633,interface_605
method_4634,interface_914
method_4635,interface_963
method_4636,interface_977
method_4637,interface_511
method_4638,interface_649
method_4639,interface_162
method_4640,interface_815
method_4641,interface_584
method_4642,interface_584
method_4643,interface_538
method_4644,interface_538
method_4645,interface_368
method_4646,interface_545
method_4647,interface_976
method_4648,interface_964
method_4649,interface_515
method_4650,interface_297
method_4651,interface_920
method_4652,interface_477
method_4653,interface_477
method_4654,interface_940
method_4655,interface_940
method_4656,interface_434
method_4657,interface_433
method_4658,interface_428
method_4659,interface_432
method_4660,interface_435
method_4661,interface_429
method_4662,interface_430
method_4663,interface_522
method_4664,interface_522
method_4665,interface_270
method_4666,interface_522
method_4667,interface_270
method_4668,interface_977
method_4669,interface_390
method_4670,interface_744
method_4671,interface_744
method_4672,interface_744
method_4673,interface_744
method_4674,interface_921
method_4675,interface_921
method_4676,interface_921
method_4677,interface_584
method_4678,interface_39
method_4679,interface_977
method_4680,interface_606
method_4681,interface_594
method_4682,interface_649
method_4683,interface_649
method_4684,interface_649
method_4685,interface_521
method_4686,interface_956
method_4687,interface_511
method_4688,interface_594
method_4689,interface_594
method_4690,interface_511
method_4691,interface_594
method_4692,interface_594
method_4693,interface_594
method_4694,interface_594
method_4695,interface_594
method_4696,interface_511
method_4697,interface_594
method_4698,interface_594
method_4699,interface_594
method_4700,interface_594
method_4701,interface_594
method_4702,interface_594
method_4703,interface_594
method_4704,interface_18
method_4705,interface_36
method_4706,interface_9
method_4707,interface_37
method_4708,interface_8
method_4709,interface_162
method_4710,interface_556
method_4711,interface_653
method_4712,interface_594
method_4713,interface_234
method_4714,interface_947
method_4715,interface_658
method_4716,interface_271
method_4717,interface_477
method_4718,interface_475
method_4719,interface_474
method_4720,interface_476
method_4721,interface_371
method_4722,interface_371
method_4723,interface_541
method_4724,interface_956
method_4725,interface_594
method_4726,interface_297
method_4727,interface_297
method_4728,interface_384
method_4729,interface_539
method_4730,interface_596
method_4731,interface_596
method_4732,interface_574
method_4733,interface_607
method_4734,interface_574
method_4735,interface_607
method_4736,interface_607
method_4737,interface_574
method_4738,interface_607
method_4739,interface_574
method_4740,interface_607
method_4741,interface_574
method_4742,interface_607
method_4743,interface_607
method_4744,interface_607
method_4745,interface_574
method_4746,interface_607
method_4747,interface_607
method_4748,interface_574
method_4749,interface_574
method_4750,interface_574
method_4751,interface_574
method_4752,interface_607
method_4753,interface_574
method_4754,interface_574
method_4755,interface_607
method_4756,interface_574
method_4757,interface_574
method_4758,interface_574
method_4759,interface_574
method_4760,interface_574
method_4761,interface_574
method_4762,interface_607
method_4763,interface_357
method_4764,interface_938
method_4765,interface_237
method_4766,interface_314
method_4767,interface_860
method_4768,interface_850
method_4769,interface_850
method_4770,interface_977
method_4771,interface_407
method_4772,interface_295
method_4773,interface_184
method_4774,interface_184
method_4775,interface_578
method_4776,interface_953
method_4777,interface_589
method_4778,interface_421
method_4779,interface_594
method_4780,interface_596
method_4781,interface_596
method_4782,interface_596
method_4783,interface_977
method_4784,interface_977
method_4785,interface_964
method_4786,interface_964
method_4787,interface_82
method_4788,interface_964
method_4789,interface_964
method_4790,interface_964
method_4791,interface_964
method_4792,interface_255
method_4793,interface_355
method_4794,interface_747
method_4795,interface_747
method_4796,interface_977
method_4797,interface_977
method_4798,interface_297
method_4799,interface_126
method_4800,interface_564
method_4801,interface_495
method_4802,interface_495
method_4803,interface_927
method_4804,interface_932
method_4805,interface_774
method_4806,interface_640
method_4807,interface_357
method_4808,interface_355
method_4809,interface_746
method_4810,interface_356
method_4811,interface_352
method_4812,interface_14
method_4813,interface_14
method_4814,interface_649
method_4815,interface_977
method_4816,interface_668
method_4817,interface_668
method_4818,interface_649
method_4819,interface_649
method_4820,interface_649
method_4821,interface_649
method_4822,interface_649
method_4823,interface_482
method_4824,interface_923
method_4825,interface_923
method_4826,interface_977
method_4827,interface_977
method_4828,interface_977
method_4829,interface_298
method_4830,interface_522
method_4831,interface_163
method_4832,interface_163
method_4833,interface_39
method_4834,interface_298
method_4835,interface_298
method_4836,interface_298
method_4837,interface_298
method_4838,interface_298
method_4839,interface_607
method_4840,interface_977
method_4841,interface_977
method_4842,interface_356
method_4843,interface_758
method_4844,interface_572
method_4845,interface_747
method_4846,interface_977
method_4847,interface_655
method_4848,interface_438
method_4849,interface_938
method_4850,interface_649
method_4851,interface_649
method_4852,interface_594
method_4853,interface_494
method_4854,interface_48
method_4855,interface_977
method_4856,interface_559
method_4857,interface_594
method_4858,interface_157
method_4859,interface_157
method_4860,interface_494
method_4861,interface_494
method_4862,interface_494
method_4863,interface_494
method_4864,interface_494
method_4865,interface_608
method_4866,interface_387
method_4867,interface_471
method_4868,interface_699
method_4869,interface_948
method_4870,interface_747
method_4871,interface_691
method_4872,interface_366
method_4873,interface_691
method_4874,interface_815
method_4875,interface_552
method_4876,interface_552
method_4877,interface_552
method_4878,interface_552
method_4879,interface_977
method_4880,interface_977
method_4881,interface_730
method_4882,interface_606
method_4883,interface_730
method_4884,interface_947
method_4885,interface_730
method_4886,interface_730
method_4887,interface_730
method_4888,interface_239
method_4889,interface_295
method_4890,interface_568
method_4891,interface_501
method_4892,interface_880
method_4893,interface_880
method_4894,interface_880
method_4895,interface_880
method_4896,interface_241
method_4897,interface_880
method_4898,interface_880
method_4899,interface_594
method_4900,interface_251
method_4901,interface_251
method_4902,interface_860
method_4903,interface_860
method_4904,interface_475
method_4905,interface_510
method_4906,interface_255
method_4907,interface_510
method_4908,interface_510
method_4909,interface_298
method_4910,interface_979
method_4911,interface_981
method_4912,interface_980
method_4913,interface_649
method_4914,interface_552
method_4915,interface_681
method_4916,interface_494
method_4917,interface_605
method_4918,interface_605
method_4919,interface_584
method_4920,interface_606
method_4921,interface_125
method_4922,interface_947
method_4923,interface_837
method_4924,interface_820
method_4925,interface_820
method_4926,interface_820
method_4927,interface_314
method_4928,interface_553
method_4929,interface_976
method_4930,interface_655
method_4931,interface_654
method_4932,interface_977
method_4933,interface_35
method_4934,interface_422
method_4935,interface_422
method_4936,interface_654
method_4937,interface_655
method_4938,interface_808
method_4939,interface_409
method_4940,interface_409
method_4941,interface_409
method_4942,interface_852
method_4943,interface_852
method_4944,interface_852
method_4945,interface_852
method_4946,interface_185
method_4947,interface_184
method_4948,interface_185
method_4949,interface_184
method_4950,interface_578
method_4951,interface_953
method_4952,interface_116
method_4953,interface_470
method_4954,interface_470
method_4955,interface_470
method_4956,interface_470
method_4957,interface_482
method_4958,interface_476
method_4959,interface_460
method_4960,interface_476
method_4961,interface_460
method_4962,interface_476
method_4963,interface_476
method_4964,interface_460
method_4965,interface_476
method_4966,interface_460
method_4967,interface_657
method_4968,interface_48
method_4969,interface_851
method_4970,interface_818
method_4971,interface_840
method_4972,interface_804
method_4973,interface_605
method_4974,interface_460
method_4975,interface_570
method_4976,interface_605
method_4977,interface_977
method_4978,interface_860
method_4979,interface_977
method_4980,interface_977
method_4981,interface_977
method_4982,interface_295
method_4983,interface_207
method_4984,interface_594
method_4985,interface_234
method_4986,interface_234
method_4987,interface_234
method_4988,interface_234
method_4989,interface_234
method_4990,interface_234
method_4991,interface_234
method_4992,interface_234
method_4993,interface_234
method_4994,interface_482
method_4995,interface_668
method_4996,interface_668
method_4997,interface_228
method_4998,interface_606
method_4999,interface_606
method_5000,interface_606
method_5001,interface_606
method_5002,interface_606
method_5003,interface_594
method_5004,interface_594
method_5005,interface_52
method_5006,interface_521
method_5007,interface_521
method_5008,interface_533
method_5009,interface_562
method_5010,interface_533
method_5011,interface_584
method_5012,interface_882
method_5013,interface_262
method_5014,interface_515
method_5015,interface_412
method_5016,interface_515
method_5017,interface_515
method_5018,interface_607
method_5019,interface_649
method_5020,interface_231
method_5021,interface_125
method_5022,interface_125
method_5023,interface_710
method_5024,interface_710
method_5025,interface_710
method_5026,interface_710
method_5027,interface_710
method_5028,interface_710
method_5029,interface_710
method_5030,interface_710
method_5031,interface_710
method_5032,interface_710
method_5033,interface_710
method_5034,interface_710
method_5035,interface_710
method_5036,interface_710
method_5037,interface_710
method_5038,interface_710
method_5039,interface_710
method_5040,interface_710
method_5041,interface_710
method_5042,interface_710
method_5043,interface_467
method_5044,interface_459
method_5045,interface_474
method_5046,interface_553
method_5047,interface_469
method_5048,interface_370
method_5049,interface_744
method_5050,interface_976
method_5051,interface_764
method_5052,interface_976
method_5053,interface_976
method_5054,interface_976
method_5055,interface_539
method_5056,interface_350
method_5057,interface_145
method_5058,interface_60
method_5059,interface_69
method_5060,interface_163
method_5061,interface_485
method_5062,interface_511
method_5063,interface_444
method_5064,interface_485
method_5065,interface_207
method_5066,interface_207
method_5067,interface_649
method_5068,interface_510
method_5069,interface_510
method_5070,interface_804
method_5071,interface_709
method_5072,interface_162
method_5073,interface_162
method_5074,interface_477
method_5075,interface_475
method_5076,interface_474
method_5077,interface_476
method_5078,interface_553
method_5079,interface_857
method_5080,interface_947
method_5081,interface_494
method_5082,interface_649
method_5083,interface_736
method_5084,interface_736
method_5085,interface_736
method_5086,interface_736
method_5087,interface_736
method_5088,interface_736
method_5089,interface_736
method_5090,interface_821
method_5091,interface_651
method_5092,interface_947
method_5093,interface_533
method_5094,interface_296
method_5095,interface_422
method_5096,interface_594
method_5097,interface_495
method_5098,interface_201
method_5099,interface_744
method_5100,interface_744
method_5101,interface_744
method_5102,interface_744
method_5103,interface_818
method_5104,interface_175
method_5105,interface_175
method_5106,interface_298
method_5107,interface_298
method_5108,interface_977
method_5109,interface_253
method_5110,interface_387
method_5111,interface_880
method_5112,interface_880
method_5113,interface_880
method_5114,interface_880
method_5115,interface_880
method_5116,interface_880
method_5117,interface_880
method_5118,interface_880
method_5119,interface_880
method_5120,interface_880
method_5121,interface_880
method_5122,interface_880
method_5123,interface_172
method_5124,interface_969
method_5125,interface_969
method_5126,interface_969
method_5127,interface_969
method_5128,interface_969
method_5129,interface_969
method_5130,interface_969
method_5131,interface_969
method_5132,interface_969
method_5133,interface_969
method_5134,interface_969
method_5135,interface_969
method_5136,interface_969
method_5137,interface_969
method_5138,interface_969
method_5139,interface_969
method_5140,interface_969
method_5141,interface_969
method_5142,interface_969
method_5143,interface_969
method_5144,interface_969
method_5145,interface_969
method_5146,interface_969
method_5147,interface_969
method_5148,interface_969
method_5149,interface_969
method_5150,interface_969
method_5151,interface_969
method_5152,interface_969
method_5153,interface_969
method_5154,interface_969
method_5155,interface_969
method_5156,interface_969
method_5157,interface_969
method_5158,interface_969
method_5159,interface_969
method_5160,interface_969
method_5161,interface_969
method_5162,interface_969
method_5163,interface_969
method_5164,interface_969
method_5165,interface_969
method_5166,interface_969
method_5167,interface_969
method_5168,interface_969
method_5169,interface_969
method_5170,interface_296
method_5171,interface_562
method_5172,interface_956
method_5173,interface_82
method_5174,interface_730
method_5175,interface_207
method_5176,interface_594
method_5177,interface_606
method_5178,interface_297
method_5179,interface_594
method_5180,interface_594
method_5181,interface_594
method_5182,interface_594
method_5183,interface_818
method_5184,interface_607
method_5185,interface_607
method_5186,interface_241
method_5187,interface_474
method_5188,interface_712
method_5189,interface_398
method_5190,interface_456
method_5191,interface_477
method_5192,interface_477
method_5193,interface_129
method_5194,interface_298
method_5195,interface_207
method_5196,interface_852
method_5197,interface_295
method_5198,interface_651
method_5199,interface_823
method_5200,interface_605
method_5201,interface_298
method_5202,interface_977
method_5203,interface_977
method_5204,interface_977
method_5205,interface_977
method_5206,interface_533
method_5207,interface_64
method_5208,interface_522
method_5209,interface_977
method_5210,interface_185
method_5211,interface_185
method_5212,interface_421
method_5213,interface_298
method_5214,interface_976
method_5215,interface_948
method_5216,interface_494
method_5217,interface_522
method_5218,interface_594
method_5219,interface_347
method_5220,interface_347
method_5221,interface_347
method_5222,interface_369
method_5223,interface_916
method_5224,interface_384
method_5225,interface_744
method_5226,interface_162
method_5227,interface_948
method_5228,interface_387
method_5229,interface_477
method_5230,interface_475
method_5231,interface_474
method_5232,interface_476
method_5233,interface_387
method_5234,interface_539
method_5235,interface_539
method_5236,interface_963
method_5237,interface_815
method_5238,interface_916
method_5239,interface_76
method_5240,interface_76
method_5241,interface_355
method_5242,interface_553
method_5243,interface_436
method_5244,interface_470
method_5245,interface_347
method_5246,interface_297
method_5247,interface_402
method_5248,interface_402
method_5249,interface_436
method_5250,interface_424
method_5251,interface_820
method_5252,interface_468
method_5253,interface_553
method_5254,interface_436
method_5255,interface_402
method_5256,interface_596
method_5257,interface_422
method_5258,interface_977
method_5259,interface_977
method_5260,interface_826
method_5261,interface_887
method_5262,interface_977
method_5263,interface_562
method_5264,interface_271
method_5265,interface_347
method_5266,interface_303
method_5267,interface_296
method_5268,interface_987
method_5269,interface_387
method_5270,interface_470
method_5271,interface_412
method_5272,interface_28
method_5273,interface_36
method_5274,interface_37
method_5275,interface_384
method_5276,interface_295
method_5277,interface_649
method_5278,interface_240
method_5279,interface_240
method_5280,interface_240
method_5281,interface_817
method_5282,interface_265
method_5283,interface_976
method_5284,interface_434
method_5285,interface_433
method_5286,interface_428
method_5287,interface_432
method_5288,interface_435
method_5289,interface_430
method_5290,interface_87
method_5291,interface_369
method_5292,interface_357
method_5293,interface_921
method_5294,interface_747
method_5295,interface_475
method_5296,interface_421
method_5297,interface_475
method_5298,interface_474
method_5299,interface_384
method_5300,interface_475
method_5301,interface_421
method_5302,interface_407
method_5303,interface_195
method_5304,interface_402
method_5305,interface_402
method_5306,interface_422
method_5307,interface_755
method_5308,interface_755
method_5309,interface_755
method_5310,interface_228
method_5311,interface_871
method_5312,interface_83
method_5313,interface_387
method_5314,interface_387
method_5315,interface_658
method_5316,interface_584
method_5317,interface_584
method_5318,interface_303
method_5319,interface_963
method_5320,interface_572
method_5321,interface_361
method_5322,interface_351
method_5323,interface_920
method_5324,interface_651
method_5325,interface_402
method_5326,interface_35
method_5327,interface_584
method_5328,interface_162
method_5329,interface_494
method_5330,interface_494
method_5331,interface_494
method_5332,interface_242
method_5333,interface_553
method_5334,interface_541
method_5335,interface_562
method_5336,interface_562
method_5337,interface_357
method_5338,interface_747
method_5339,interface_877
method_5340,interface_877
method_5341,interface_877
method_5342,interface_877
method_5343,interface_877
method_5344,interface_877
method_5345,interface_877
method_5346,interface_877
method_5347,interface_877
method_5348,interface_877
method_5349,interface_923
method_5350,interface_877
method_5351,interface_877
method_5352,interface_877
method_5353,interface_314
method_5354,interface_818
method_5355,interface_387
method_5356,interface_606
method_5357,interface_977
method_5358,interface_218
method_5359,interface_218
method_5360,interface_387
method_5361,interface_298
method_5362,interface_298
method_5363,interface_298
method_5364,interface_747
method_5365,interface_402
method_5366,interface_977
method_5367,interface_927
method_5368,interface_48
method_5369,interface_920
method_5370,interface_938
method_5371,interface_496
method_5372,interface_496
method_5373,interface_948
method_5374,interface_347
method_5375,interface_496
method_5376,interface_496
method_5377,interface_606
method_5378,interface_606
method_5379,interface_606
method_5380,interface_606
method_5381,interface_350
method_5382,interface_162
method_5383,interface_606
method_5384,interface_297
method_5385,interface_977
method_5386,interface_977
method_5387,interface_297
method_5388,interface_297
method_5389,interface_175
method_5390,interface_712
method_5391,interface_175
method_5392,interface_369
method_5393,interface_649
method_5394,interface_649
method_5395,interface_649
method_5396,interface_977
method_5397,interface_977
method_5398,interface_852
method_5399,interface_126
method_5400,interface_649
method_5401,interface_495
method_5402,interface_495
method_5403,interface_589
method_5404,interface_289
method_5405,interface_234
method_5406,interface_615
method_5407,interface_219
method_5408,interface_369
method_5409,interface_161
method_5410,interface_161
method_5411,interface_161
method_5412,interface_596
method_5413,interface_161
method_5414,interface_145
method_5415,interface_60
method_5416,interface_69
method_5417,interface_941
method_5418,interface_567
method_5419,interface_314
method_5420,interface_218
method_5421,interface_218
method_5422,interface_48
method_5423,interface_614
method_5424,interface_62
method_5425,interface_62
method_5426,interface_297
method_5427,interface_515
method_5428,interface_515
method_5429,interface_261
method_5430,interface_518
method_5431,interface_297
method_5432,interface_297
method_5433,interface_297
method_5434,interface_852
method_5435,interface_852
method_5436,interface_852
method_5437,interface_977
method_5438,interface_496
method_5439,interface_496
method_5440,interface_496
method_5441,interface_496
method_5442,interface_920
method_5443,interface_239
method_5444,interface_606
method_5445,interface_596
method_5446,interface_87
method_5447,interface_977
method_5448,interface_977
method_5449,interface_977
method_5450,interface_977
method_5451,interface_977
method_5452,interface_977
method_5453,interface_977
method_5454,interface_869
method_5455,interface_936
method_5456,interface_863
method_5457,interface_231
method_5458,interface_87
method_5459,interface_161
method_5460,interface_371
method_5461,interface_371
method_5462,interface_371
method_5463,interface_984
method_5464,interface_369
method_5465,interface_369
method_5466,interface_48
method_5467,interface_852
method_5468,interface_852
method_5469,interface_852
method_5470,interface_295
method_5471,interface_495
method_5472,interface_495
method_5473,interface_94
method_5474,interface_927
method_5475,interface_927
method_5476,interface_290
method_5477,interface_290
method_5478,interface_290
method_5479,interface_94
method_5480,interface_304
method_5481,interface_876
method_5482,interface_878
method_5483,interface_261
method_5484,interface_518
method_5485,interface_810
method_5486,interface_193
method_5487,interface_582
method_5488,interface_758
method_5489,interface_151
method_5490,interface_100
method_5491,interface_556
method_5492,interface_100
method_5493,interface_284
method_5494,interface_294
method_5495,interface_562
method_5496,interface_720
method_5497,interface_644
method_5498,interface_24
method_5499,interface_286
method_5500,interface_500
method_5501,interface_908
method_5502,interface_711
method_5503,interface_151
method_5504,interface_807
method_5505,interface_807
method_5506,interface_402
method_5507,interface_402
method_5508,interface_402
method_5509,interface_217
method_5510,interface_136
method_5511,interface_291
method_5512,interface_621
method_5513,interface_551
method_5514,interface_344
method_5515,interface_621
method_5516,interface_621
method_5517,interface_621
method_5518,interface_621
method_5519,interface_621
method_5520,interface_621
method_5521,interface_621
method_5522,interface_621
method_5523,interface_621
method_5524,interface_621
method_5525,interface_621
method_5526,interface_621
method_5527,interface_621
method_5528,interface_621
method_5529,interface_621
method_5530,interface_621
method_5531,interface_621
method_5532,interface_621
method_5533,interface_621
method_5534,interface_377
method_5535,interface_377
method_5536,interface_621
method_5537,interface_621
method_5538,interface_621
method_5539,interface_935
method_5540,interface_94
method_5541,interface_148
method_5542,interface_151
method_5543,interface_148
method_5544,interface_94
method_5545,interface_205
method_5546,interface_938
method_5547,interface_94
method_5548,interface_94
method_5549,interface_94
method_5550,interface_94
method_5551,interface_831
method_5552,interface_972
method_5553,interface_831
method_5554,interface_609
method_5555,interface_317
method_5556,interface_261
method_5557,interface_518
method_5558,interface_262
method_5559,interface_262
method_5560,interface_262
method_5561,interface_262
method_5562,interface_802
method_5563,interface_253
method_5564,interface_600
method_5565,interface_600
method_5566,interface_208
method_5567,interface_242
method_5568,interface_810
method_5569,interface_338
method_5570,interface_561
method_5571,interface_553
method_5572,interface_796
method_5573,interface_387
method_5574,interface_195
method_5575,interface_825
method_5576,interface_397
method_5577,interface_398
method_5578,interface_391
method_5579,interface_505
method_5580,interface_505
method_5581,interface_387
method_5582,interface_195
method_5583,interface_505
method_5584,interface_505
method_5585,interface_645
method_5586,interface_970
method_5587,interface_671
method_5588,interface_572
method_5589,interface_585
method_5590,interface_85
method_5591,interface_250
method_5592,interface_251
method_5593,interface_984
method_5594,interface_64
method_5595,interface_92
method_5596,interface_84
method_5597,interface_244
method_5598,interface_256
method_5599,interface_262
method_5600,interface_843
method_5601,interface_845
method_5602,interface_273
method_5603,interface_645
method_5604,interface_847
method_5605,interface_763
method_5606,interface_763
method_5607,interface_613
method_5608,interface_613
method_5609,interface_476
method_5610,interface_860
method_5611,interface_860
method_5612,interface_639
method_5613,interface_639
method_5614,interface_220
method_5615,interface_941
method_5616,interface_968
method_5617,interface_608
method_5618,interface_288
method_5619,interface_965
method_5620,interface_276
method_5621,interface_173
method_5622,interface_951
method_5623,interface_951
method_5624,interface_951
method_5625,interface_869
method_5626,interface_951
method_5627,interface_936
method_5628,interface_965
method_5629,interface_191
method_5630,interface_992
method_5631,interface_934
method_5632,interface_24
method_5633,interface_554
method_5634,interface_554
method_5635,interface_554
method_5636,interface_970
method_5637,interface_970
